Instances,feature_ stacks,feature_ tiers,feature_ stacktierratio,feature_ containerdensity,feature_ emptystackpct,feature_ overstowingstackpct,feature_ overstowing2contstackpct,feature_ groupsamemin,feature_ groupsamemax,feature_ groupsamemean,feature_ groupsamestdev,feature_ topgoodmin,feature_ topgoodmax,feature_ topgoodmean,feature_ topgoodstdev,feature_ overstowagepct,feature_ bflb,feature_ leftdensity,feature_ tierweightedgroups,feature_ avgl1topleftlggroup,feature_ contemptygrtestack,feature_ pctbottompctontop,algo_astar-symmulgt-transmul,algo_astar-symmullt-transmul,algo_idastar-symmulgt-transmul,algo_idastar-symmullt-transmul
BF10_cpmp_16_8_77_16_58_13,16.0,8.0,0.5,0.601562,0.1875,0.625,0.909091,0.0,6.0,4.52941,1.37702,2.0,12.0,8.0,3.4641,0.453125,58.0,0.677778,0.401784,0.49375,0.289062,0.0625,NaN,NaN,311.863,NaN
BF10_cpmp_16_8_77_16_58_3,16.0,8.0,0.5,0.601562,0.1875,0.625,1.0,0.0,8.0,4.52941,1.57621,3.0,15.0,6.9,3.61801,0.453125,58.0,0.531944,0.392541,0.65625,0.296875,0.0,NaN,NaN,78.121,600.402
BF10_cpmp_16_8_77_16_58_8,16.0,8.0,0.5,0.601562,0.25,0.625,1.0,0.0,6.0,4.52941,1.33362,2.0,12.0,6.1,3.36006,0.453125,58.0,0.555556,0.375117,0.6875,0.304688,0.0625,NaN,NaN,0.012,60.72
BF11_cpmp_16_8_77_31_47_10,16.0,8.0,0.5,0.601562,0.0,0.75,0.8,0.0,5.0,2.40625,0.896499,2.0,26.0,11.8333,7.32386,0.367188,49.0,0.377778,0.441853,0.53125,0.0,0.0625,NaN,92.986,2031.039,141.857
BF11_cpmp_16_8_77_31_47_11,16.0,8.0,0.5,0.601562,0.0,0.9375,0.9375,0.0,5.0,2.40625,1.34302,2.0,23.0,10.8667,6.05383,0.367188,49.0,0.513889,0.438422,0.8125,0.0,0.0,NaN,NaN,422.53,NaN
BF11_cpmp_16_8_77_31_47_16,16.0,8.0,0.5,0.601562,0.0,0.875,0.875,0.0,5.0,2.40625,0.963696,2.0,17.0,10.2857,4.39852,0.367188,51.0,0.4,0.481308,0.65625,0.0,0.0,182.019,NaN,66.988,249.488
BF11_cpmp_16_8_77_31_47_6,16.0,8.0,0.5,0.601562,0.0,1.0,1.0,0.0,7.0,2.40625,1.19529,2.0,25.0,12.5,6.99107,0.367188,51.0,0.266667,0.475875,0.359375,0.0,0.0,NaN,NaN,NaN,1121.786
BF11_cpmp_16_8_77_31_47_7,16.0,8.0,0.5,0.601562,0.0,0.9375,0.9375,0.0,5.0,2.40625,1.08568,2.0,26.0,11.7333,6.9519,0.367188,49.0,0.505556,0.499464,0.625,0.0,0.125,2.28,NaN,14.481,758.815
BF12_cpmp_16_8_77_31_58_14,16.0,8.0,0.5,0.601562,0.125,0.75,1.0,0.0,6.0,2.40625,1.08568,3.0,29.0,14.1667,7.74417,0.453125,58.0,0.443056,0.407667,0.510417,0.226562,0.0625,NaN,NaN,2816.652,1246.814
BF17_cpmp_20_5_60_12_36_1,20.0,5.0,0.25,0.6,0.1,0.55,0.785714,0.0,7.0,4.61538,1.54613,2.0,12.0,6.36364,3.11223,0.36,36.0,0.581295,0.449188,0.666667,0.17,0.05,0.052,0.332,0.004,0.076
BF17_cpmp_20_5_60_12_36_10,20.0,5.0,0.25,0.6,0.15,0.6,1.0,0.0,8.0,4.61538,1.68881,2.0,11.0,6.0,2.48328,0.36,36.0,0.513669,0.441239,0.613333,0.15,0.05,NaN,NaN,0.004,0.032
BF17_cpmp_20_5_60_12_36_11,20.0,5.0,0.25,0.6,0.05,0.65,0.928571,0.0,7.0,4.61538,1.59511,2.0,10.0,4.61538,2.33826,0.36,37.0,0.405755,0.427051,0.480952,0.09,0.0,1.096,NaN,NaN,NaN
BF17_cpmp_20_5_60_12_36_12,20.0,5.0,0.25,0.6,0.05,0.65,1.0,0.0,7.0,4.61538,1.59511,2.0,10.0,5.23077,2.69341,0.36,36.0,0.168345,0.419701,0.42,0.14,0.1,10.053,0.024,NaN,NaN
BF17_cpmp_20_5_60_12_36_15,20.0,5.0,0.25,0.6,0.25,0.65,0.928571,0.0,8.0,4.61538,1.77757,2.0,11.0,5.92308,2.46394,0.36,36.0,0.690647,0.394017,0.633333,0.35,0.0,0.024,0.616,0.004,0.004
BF17_cpmp_20_5_60_12_36_16,20.0,5.0,0.25,0.6,0.15,0.65,0.866667,0.0,7.0,4.61538,1.54613,2.0,11.0,5.53846,2.70656,0.36,36.0,0.117986,0.435256,0.626667,0.3,0.05,1.008,106.643,2602.087,38.226
BF17_cpmp_20_5_60_12_36_17,20.0,5.0,0.25,0.6,0.15,0.65,0.928571,0.0,6.0,4.61538,1.49556,3.0,10.0,5.46154,2.06119,0.36,36.0,0.433094,0.43265,0.672222,0.31,0.1,33.774,22.953,0.004,89.422
BF17_cpmp_20_5_60_12_36_2,20.0,5.0,0.25,0.6,0.05,0.6,0.8,0.0,8.0,4.61538,1.82033,2.0,10.0,5.25,2.34965,0.36,36.0,0.302158,0.443761,0.491667,0.19,0.1,0.044,0.08,NaN,NaN
BF17_cpmp_20_5_60_12_36_20,20.0,5.0,0.25,0.6,0.1,0.7,0.933333,0.0,8.0,4.61538,1.77757,2.0,12.0,6.07143,3.26156,0.36,36.0,0.546763,0.452735,0.670833,0.14,0.05,0.024,0.1,NaN,67.956
BF17_cpmp_20_5_60_12_36_3,20.0,5.0,0.25,0.6,0.05,0.65,0.8125,0.0,7.0,4.61538,1.54613,2.0,10.0,5.30769,2.64239,0.36,37.0,0.610072,0.440812,0.6,0.21,0.0,0.028,0.092,NaN,NaN
BF17_cpmp_20_5_60_12_36_4,20.0,5.0,0.25,0.6,0.15,0.55,0.733333,0.0,7.0,4.61538,1.68881,2.0,7.0,4.45455,1.97086,0.36,37.0,0.296403,0.394701,0.258333,0.24,0.0,171.987,0.032,NaN,NaN
BF17_cpmp_20_5_60_12_36_5,20.0,5.0,0.25,0.6,0.05,0.75,0.882353,0.0,7.0,4.61538,1.49556,2.0,11.0,5.73333,2.86279,0.36,37.0,0.398561,0.466966,0.526667,0.08,0.0,NaN,2.64,NaN,NaN
BF17_cpmp_20_5_60_12_36_6,20.0,5.0,0.25,0.6,0.05,0.75,1.0,0.0,7.0,4.61538,1.49556,2.0,10.0,5.0,2.47656,0.36,36.0,0.661871,0.427265,0.493333,0.11,0.05,0.028,NaN,0.004,NaN
BF17_cpmp_20_5_60_12_36_7,20.0,5.0,0.25,0.6,0.05,0.55,0.785714,0.0,7.0,4.61538,1.59511,2.0,9.0,5.54545,2.31059,0.36,36.0,0.156835,0.427479,0.44,0.18,0.0,0.156,NaN,NaN,NaN
BF17_cpmp_20_5_60_12_36_8,20.0,5.0,0.25,0.6,0.1,0.75,0.9375,0.0,8.0,4.61538,2.13175,2.0,11.0,4.93333,2.79205,0.36,36.0,0.425899,0.408889,0.666667,0.24,0.0,1.46,0.04,NaN,1.9
BF18_cpmp_20_5_60_12_45_1,20.0,5.0,0.25,0.6,0.25,0.7,1.0,0.0,6.0,4.61538,1.4432,2.0,11.0,5.92857,3.15015,0.45,45.0,0.538129,0.36953,0.46,0.39,0.05,0.06,NaN,NaN,526.597
BF18_cpmp_20_5_60_12_45_12,20.0,5.0,0.25,0.6,0.3,0.6,1.0,0.0,7.0,4.61538,1.54613,2.0,11.0,5.33333,2.71825,0.45,45.0,0.741007,0.345385,0.658333,0.3,0.05,NaN,0.132,0.004,36.754
BF18_cpmp_20_5_60_12_45_13,20.0,5.0,0.25,0.6,0.4,0.6,1.0,0.0,7.0,4.61538,1.68881,2.0,11.0,6.41667,2.8419,0.45,45.0,0.258993,0.357393,0.586667,0.4,0.15,0.032,NaN,NaN,79.909
BF18_cpmp_20_5_60_12_45_14,20.0,5.0,0.25,0.6,0.35,0.65,1.0,0.0,7.0,4.61538,1.59511,3.0,12.0,7.30769,3.07307,0.45,45.0,0.467626,0.380641,0.706667,0.4,0.05,88.109,162.306,0.004,68.552
BF18_cpmp_20_5_60_12_45_15,20.0,5.0,0.25,0.6,0.4,0.6,1.0,0.0,7.0,4.61538,1.59511,2.0,10.0,5.33333,2.65623,0.45,45.0,0.28777,0.331752,0.566667,0.4,0.0,0.036,87.281,123.636,0.124
BF18_cpmp_20_5_60_12_45_16,20.0,5.0,0.25,0.6,0.3,0.6,1.0,0.0,7.0,4.61538,1.54613,2.0,12.0,5.83333,2.99537,0.45,45.0,0.45036,0.378889,0.57619,0.36,0.05,0.144,0.032,0.004,0.008
BF18_cpmp_20_5_60_12_45_17,20.0,5.0,0.25,0.6,0.3,0.65,1.0,0.0,7.0,4.61538,1.59511,2.0,10.0,5.92308,3.19763,0.45,45.0,0.37554,0.403077,0.514286,0.37,0.05,0.04,0.056,0.004,NaN
BF18_cpmp_20_5_60_12_45_18,20.0,5.0,0.25,0.6,0.3,0.6,1.0,0.0,7.0,4.61538,1.68881,2.0,11.0,6.58333,2.81242,0.45,45.0,0.323741,0.38094,0.533333,0.4,0.05,0.248,NaN,0.004,3.552
BF18_cpmp_20_5_60_12_45_19,20.0,5.0,0.25,0.6,0.35,0.65,1.0,0.0,7.0,4.61538,1.54613,2.0,11.0,6.69231,2.99704,0.45,45.0,0.0935252,0.376154,0.558333,0.38,0.15,NaN,NaN,0.004,0.008
BF18_cpmp_20_5_60_12_45_2,20.0,5.0,0.25,0.6,0.3,0.6,1.0,0.0,7.0,4.61538,1.59511,4.0,12.0,7.08333,2.92855,0.45,45.0,0.379856,0.39312,0.393333,0.36,0.15,0.352,20.105,0.004,6.752
BF18_cpmp_20_5_60_12_45_3,20.0,5.0,0.25,0.6,0.3,0.6,1.0,0.0,7.0,4.61538,1.73376,2.0,11.0,5.25,2.71186,0.45,45.0,0.814388,0.362051,0.766667,0.39,0.0,5.912,NaN,NaN,NaN
BF18_cpmp_20_5_60_12_45_4,20.0,5.0,0.25,0.6,0.25,0.6,1.0,0.0,6.0,4.61538,1.4432,2.0,12.0,5.83333,2.85287,0.45,45.0,0.151079,0.385043,0.55,0.35,0.1,0.044,NaN,0.06,NaN
BF18_cpmp_20_5_60_12_45_5,20.0,5.0,0.25,0.6,0.3,0.6,1.0,0.0,9.0,4.61538,2.20274,2.0,9.0,5.16667,2.54406,0.45,45.0,0.258993,0.364231,0.622222,0.4,0.15,NaN,0.032,0.116,NaN
BF18_cpmp_20_5_60_12_45_6,20.0,5.0,0.25,0.6,0.4,0.6,1.0,0.0,6.0,4.61538,1.49556,3.0,10.0,6.5,2.5658,0.45,45.0,0.438849,0.365812,0.613333,0.4,0.0,NaN,NaN,0.004,NaN
BF18_cpmp_20_5_60_12_45_7,20.0,5.0,0.25,0.6,0.3,0.65,1.0,0.0,7.0,4.61538,1.54613,2.0,11.0,5.92308,3.04988,0.45,45.0,0.359712,0.379829,0.526667,0.37,0.05,1.256,NaN,0.004,NaN
BF18_cpmp_20_5_60_12_45_8,20.0,5.0,0.25,0.6,0.35,0.6,1.0,0.0,8.0,4.61538,1.94297,2.0,12.0,5.5,2.81366,0.45,45.0,0.699281,0.381581,0.55,0.4,0.1,1.6,167.146,0.004,2.684
BF18_cpmp_20_5_60_12_45_9,20.0,5.0,0.25,0.6,0.3,0.6,1.0,0.0,6.0,4.61538,1.38888,2.0,11.0,7.0,2.41523,0.45,45.0,0.143885,0.387778,0.486667,0.4,0.1,NaN,0.028,0.004,0.004
BF19_cpmp_20_5_60_24_36_1,20.0,5.0,0.25,0.6,0.1,0.7,0.933333,0.0,5.0,2.4,0.979796,2.0,21.0,10.1429,5.9983,0.36,36.0,0.505036,0.418044,0.85,0.2,0.1,NaN,NaN,1.788,NaN
BF19_cpmp_20_5_60_24_36_10,20.0,5.0,0.25,0.6,0.15,0.7,0.875,0.0,6.0,2.4,1.13137,2.0,20.0,10.8571,5.70535,0.36,36.0,0.342446,0.451756,0.622222,0.29,0.0,NaN,321.764,1.528,37.138
BF19_cpmp_20_5_60_24_36_11,20.0,5.0,0.25,0.6,0.1,0.5,0.769231,0.0,5.0,2.4,0.938083,4.0,24.0,9.4,5.78273,0.36,36.0,0.630216,0.393667,0.566667,0.2,0.0,NaN,1.392,0.004,1.036
BF19_cpmp_20_5_60_24_36_14,20.0,5.0,0.25,0.6,0.0,0.7,0.933333,0.0,4.0,2.4,0.748331,2.0,16.0,8.21429,4.00319,0.36,36.0,0.425899,0.419644,0.822222,0.0,0.0,0.036,NaN,0.004,1490.277
BF19_cpmp_20_5_60_24_36_15,20.0,5.0,0.25,0.6,0.05,0.65,0.866667,0.0,5.0,2.4,1.0583,2.0,21.0,7.76923,5.0559,0.36,36.0,0.391367,0.394756,0.6,0.06,0.0,NaN,247.087,NaN,NaN
BF19_cpmp_20_5_60_24_36_16,20.0,5.0,0.25,0.6,0.05,0.65,0.928571,0.0,4.0,2.4,0.848528,3.0,17.0,9.23077,4.50903,0.36,37.0,0.346763,0.412489,0.416667,0.18,0.0,6.66,0.18,NaN,NaN
BF19_cpmp_20_5_60_24_36_17,20.0,5.0,0.25,0.6,0.05,0.55,0.916667,0.0,4.0,2.4,0.979796,2.0,19.0,8.36364,5.22708,0.36,36.0,0.0748201,0.407311,0.677778,0.12,0.1,0.036,NaN,7.768,NaN
BF19_cpmp_20_5_60_24_36_18,20.0,5.0,0.25,0.6,0.05,0.65,0.866667,0.0,4.0,2.4,0.8,2.0,20.0,10.0769,5.10598,0.36,36.0,0.277698,0.433467,0.777778,0.27,0.0,188.192,14.485,0.016,2.704
BF19_cpmp_20_5_60_24_36_2,20.0,5.0,0.25,0.6,0.05,0.6,1.0,0.0,5.0,2.4,0.979796,3.0,20.0,10.1667,4.82758,0.36,36.0,0.456115,0.424467,0.811111,0.06,0.0,1.948,NaN,0.472,3.312
BF19_cpmp_20_5_60_24_36_20,20.0,5.0,0.25,0.6,0.2,0.55,0.846154,0.0,4.0,2.4,1.0198,2.0,22.0,8.54545,6.21382,0.36,36.0,0.541007,0.387467,0.683333,0.4,0.15,22.129,NaN,0.004,263.444
BF19_cpmp_20_5_60_24_36_3,20.0,5.0,0.25,0.6,0.2,0.7,0.933333,0.0,6.0,2.4,1.2,2.0,22.0,10.0714,6.46379,0.36,36.0,0.581295,0.384267,0.716667,0.34,0.0,NaN,NaN,0.004,NaN
BF19_cpmp_20_5_60_24_36_5,20.0,5.0,0.25,0.6,0.15,0.6,1.0,0.0,4.0,2.4,0.848528,2.0,23.0,10.75,6.70976,0.36,36.0,0.215827,0.403089,0.716667,0.16,0.05,3.572,0.124,0.004,0.008
BF19_cpmp_20_5_60_24_36_6,20.0,5.0,0.25,0.6,0.1,0.6,0.8,0.0,4.0,2.4,0.938083,2.0,24.0,8.58333,6.03405,0.36,37.0,0.323741,0.393222,0.883333,0.18,0.0,0.036,0.036,NaN,NaN
BF19_cpmp_20_5_60_24_36_7,20.0,5.0,0.25,0.6,0.15,0.55,1.0,0.0,4.0,2.4,1.0198,3.0,24.0,8.63636,5.80396,0.36,36.0,0.421583,0.402044,0.633333,0.28,0.1,5.156,69.512,0.004,2569.305
BF19_cpmp_20_5_60_24_36_8,20.0,5.0,0.25,0.6,0.0,0.75,0.9375,0.0,4.0,2.4,0.848528,4.0,21.0,11.2667,4.9189,0.36,39.0,0.497842,0.436444,0.622222,0.0,0.0,0.072,NaN,NaN,NaN
BF19_cpmp_20_5_60_24_36_9,20.0,5.0,0.25,0.6,0.05,0.65,1.0,0.0,5.0,2.4,0.894427,3.0,16.0,8.84615,4.12956,0.36,38.0,0.263309,0.405222,0.4,0.17,0.0,0.048,2.748,NaN,NaN
BF1_cpmp_16_5_48_10_29_1,16.0,5.0,0.3125,0.6,0.0625,0.625,0.909091,0.0,6.0,4.36364,1.55346,2.0,8.0,4.6,2.00998,0.3625,29.0,0.382222,0.441162,0.509615,0.175,0.0,0.028,0.804,0.004,NaN
BF1_cpmp_16_5_48_10_29_12,16.0,5.0,0.3125,0.6,0.1875,0.5625,1.0,0.0,7.0,4.36364,1.61091,2.0,9.0,4.55556,2.26623,0.3625,29.0,0.413333,0.427399,0.663462,0.3375,0.0,NaN,0.572,NaN,128.756
BF1_cpmp_16_5_48_10_29_14,16.0,5.0,0.3125,0.6,0.1875,0.625,0.833333,0.0,7.0,4.36364,1.72008,2.0,7.0,4.3,1.84662,0.3625,29.0,0.111111,0.405997,0.615385,0.2625,0.0,NaN,19.085,0.764,NaN
BF1_cpmp_16_5_48_10_29_15,16.0,5.0,0.3125,0.6,0.0625,0.5,0.888889,0.0,6.0,4.36364,1.61091,2.0,9.0,3.5,2.29129,0.3625,29.0,0.677778,0.409975,0.576923,0.1125,0.0,NaN,NaN,106.755,3588.976
BF1_cpmp_16_5_48_10_29_17,16.0,5.0,0.3125,0.6,0.125,0.5625,0.9,0.0,6.0,4.36364,1.55346,2.0,10.0,4.66667,2.44949,0.3625,29.0,0.471111,0.428914,0.569231,0.3375,0.0,NaN,0.552,0.008,0.008
BF1_cpmp_16_5_48_10_29_18,16.0,5.0,0.3125,0.6,0.0625,0.625,0.909091,0.0,6.0,4.36364,1.55346,2.0,8.0,4.5,1.85742,0.3625,29.0,0.151111,0.438952,0.615385,0.1375,0.0,0.032,0.048,0.096,50.831
BF1_cpmp_16_5_48_10_29_19,16.0,5.0,0.3125,0.6,0.0625,0.5625,0.818182,0.0,7.0,4.36364,1.77214,2.0,10.0,5.33333,2.10819,0.3625,29.0,0.648889,0.433775,0.528846,0.0625,0.0,0.024,0.504,0.004,0.568
BF1_cpmp_16_5_48_10_29_20,16.0,5.0,0.3125,0.6,0.125,0.625,0.769231,0.0,6.0,4.36364,1.55346,2.0,10.0,4.9,2.66271,0.3625,29.0,0.317778,0.436995,0.519231,0.2125,0.0,NaN,NaN,220.526,509.552
BF1_cpmp_16_5_48_10_29_3,16.0,5.0,0.3125,0.6,0.125,0.75,0.923077,0.0,6.0,4.36364,1.49379,2.0,9.0,4.33333,2.28522,0.3625,29.0,0.0666667,0.424242,0.740385,0.4,0.0,NaN,0.1,127.056,134.024
BF1_cpmp_16_5_48_10_29_4,16.0,5.0,0.3125,0.6,0.1875,0.625,0.909091,0.0,6.0,4.36364,1.49379,2.0,9.0,5.0,2.09762,0.3625,29.0,0.582222,0.414457,0.538462,0.25,0.0,7.936,6.476,84.661,15.057
BF1_cpmp_16_5_48_10_29_5,16.0,5.0,0.3125,0.6,0.125,0.5625,0.75,0.0,7.0,4.36364,1.72008,2.0,8.0,5.0,2.0,0.3625,29.0,0.495556,0.446907,0.5,0.2125,0.0,NaN,NaN,0.9,NaN
BF1_cpmp_16_5_48_10_29_6,16.0,5.0,0.3125,0.6,0.25,0.75,1.0,0.0,6.0,4.36364,1.49379,2.0,7.0,3.91667,1.65622,0.3625,29.0,0.277778,0.402399,0.429487,0.325,0.0,0.024,NaN,344.342,1055.966
BF1_cpmp_16_5_48_10_29_7,16.0,5.0,0.3125,0.6,0.0625,0.625,0.909091,0.0,5.0,4.36364,1.43164,2.0,8.0,4.3,2.05183,0.3625,29.0,0.728889,0.428977,0.507692,0.1625,0.0,0.248,8.537,0.004,1.256
BF1_cpmp_16_5_48_10_29_8,16.0,5.0,0.3125,0.6,0.125,0.5625,0.9,0.0,6.0,4.36364,1.55346,2.0,9.0,4.55556,2.00616,0.3625,29.0,0.646667,0.415909,0.548077,0.35,0.0,0.144,0.032,0.004,0.008
BF1_cpmp_16_5_48_10_29_9,16.0,5.0,0.3125,0.6,0.125,0.75,0.923077,0.0,6.0,4.36364,1.91988,2.0,8.0,4.66667,1.84089,0.3625,29.0,0.553333,0.426894,0.884615,0.2,0.0,0.132,NaN,0.004,NaN
BF20_cpmp_20_5_60_24_45_1,20.0,5.0,0.25,0.6,0.3,0.6,1.0,0.0,5.0,2.4,0.938083,2.0,23.0,10.6667,7.31817,0.45,45.0,0.755396,0.337667,0.483333,0.39,0.1,0.048,NaN,0.004,NaN
BF20_cpmp_20_5_60_24_45_10,20.0,5.0,0.25,0.6,0.4,0.6,1.0,0.0,4.0,2.4,0.848528,3.0,22.0,11.75,5.86124,0.45,45.0,0.856115,0.341156,0.816667,0.4,0.15,1.956,3.096,6.34,12.757
BF20_cpmp_20_5_60_24_45_11,20.0,5.0,0.25,0.6,0.35,0.65,1.0,0.0,7.0,2.4,1.49666,2.0,22.0,7.53846,5.28591,0.45,45.0,0.0,0.3126,0.4,0.4,0.2,11.177,376.04,112.059,NaN
BF20_cpmp_20_5_60_24_45_12,20.0,5.0,0.25,0.6,0.3,0.65,1.0,0.0,5.0,2.4,1.09545,3.0,24.0,11.0,6.02559,0.45,45.0,0.352518,0.342822,0.783333,0.4,0.05,NaN,65.732,NaN,NaN
BF20_cpmp_20_5_60_24_45_13,20.0,5.0,0.25,0.6,0.3,0.65,1.0,0.0,5.0,2.4,1.2,3.0,21.0,11.5385,5.87845,0.45,45.0,0.116547,0.386222,0.533333,0.33,0.1,NaN,0.08,0.004,0.036
BF20_cpmp_20_5_60_24_45_14,20.0,5.0,0.25,0.6,0.35,0.6,1.0,0.0,4.0,2.4,0.979796,3.0,20.0,10.8333,5.66912,0.45,45.0,0.62446,0.3544,0.583333,0.36,0.15,40.315,0.208,0.004,234.759
BF20_cpmp_20_5_60_24_45_15,20.0,5.0,0.25,0.6,0.3,0.6,1.0,0.0,4.0,2.4,0.8,2.0,21.0,9.66667,5.57275,0.45,45.0,0.791367,0.327711,0.5,0.34,0.0,NaN,NaN,0.004,NaN
BF20_cpmp_20_5_60_24_45_17,20.0,5.0,0.25,0.6,0.25,0.65,1.0,0.0,5.0,2.4,0.979796,6.0,23.0,13.6923,4.76178,0.45,45.0,0.156835,0.399933,0.4,0.38,0.25,NaN,0.032,0.004,1.204
BF20_cpmp_20_5_60_24_45_2,20.0,5.0,0.25,0.6,0.4,0.6,1.0,0.0,4.0,2.4,0.894427,4.0,22.0,12.0833,5.64887,0.45,45.0,0.791367,0.336444,0.683333,0.4,0.0,0.036,NaN,NaN,1165.425
BF20_cpmp_20_5_60_24_45_20,20.0,5.0,0.25,0.6,0.25,0.6,1.0,0.0,5.0,2.4,0.894427,3.0,21.0,12.5833,5.34569,0.45,45.0,0.381295,0.377378,0.666667,0.4,0.0,NaN,NaN,0.004,7.856
BF20_cpmp_20_5_60_24_45_3,20.0,5.0,0.25,0.6,0.3,0.65,1.0,0.0,5.0,2.4,1.09545,2.0,22.0,10.6154,5.83805,0.45,45.0,0.028777,0.346422,0.216667,0.35,0.05,0.192,1.768,0.004,0.18
BF20_cpmp_20_5_60_24_45_5,20.0,5.0,0.25,0.6,0.3,0.6,1.0,0.0,4.0,2.4,0.894427,7.0,21.0,12.6667,4.17,0.45,45.0,0.595683,0.3644,0.533333,0.36,0.2,NaN,0.032,0.004,0.008
BF20_cpmp_20_5_60_24_45_6,20.0,5.0,0.25,0.6,0.3,0.6,1.0,0.0,4.0,2.4,1.0198,4.0,17.0,10.0,3.937,0.45,45.0,0.438849,0.342311,0.95,0.32,0.0,0.036,182.735,0.004,3.256
BF20_cpmp_20_5_60_24_45_7,20.0,5.0,0.25,0.6,0.3,0.6,1.0,0.0,5.0,2.4,1.0198,2.0,22.0,9.33333,5.63225,0.45,45.0,0.155396,0.337822,0.633333,0.34,0.05,NaN,18.845,NaN,81.685
BF20_cpmp_20_5_60_24_45_8,20.0,5.0,0.25,0.6,0.35,0.6,1.0,0.0,5.0,2.4,1.0198,3.0,19.0,9.41667,5.1228,0.45,45.0,0.561151,0.324356,0.5,0.39,0.0,NaN,0.456,0.004,NaN
BF20_cpmp_20_5_60_24_45_9,20.0,5.0,0.25,0.6,0.3,0.6,1.0,0.0,5.0,2.4,1.0583,2.0,23.0,13.1667,5.95586,0.45,45.0,0.74964,0.381,0.611111,0.34,0.15,NaN,NaN,2.844,319.476
BF21_cpmp_20_5_80_16_48_11,20.0,5.0,0.25,0.8,0.0,0.8,0.888889,0.0,6.0,4.70588,1.22545,2.0,15.0,7.375,3.72282,0.48,51.0,0.305036,0.523399,0.66,0.0,0.0,1.036,NaN,NaN,7.244
BF21_cpmp_20_5_80_16_48_14,20.0,5.0,0.25,0.8,0.0,0.9,0.947368,0.0,6.0,4.70588,1.36186,2.0,13.0,5.83333,2.71314,0.48,52.0,0.107914,0.526176,0.533333,0.0,0.05,8.625,13.969,5.416,6.64
BF21_cpmp_20_5_80_16_48_16,20.0,5.0,0.25,0.8,0.0,0.85,0.85,0.0,7.0,4.70588,1.4858,2.0,14.0,7.94118,3.40364,0.48,50.0,0.320863,0.528399,0.483333,0.0,0.0,1.096,311.187,0.488,NaN
BF21_cpmp_20_5_80_16_48_18,20.0,5.0,0.25,0.8,0.0,0.8,0.842105,0.0,9.0,4.70588,1.63652,2.0,15.0,7.9375,4.40835,0.48,50.0,0.0877698,0.549641,0.52,0.0,0.05,NaN,NaN,1182.126,967.624
BF21_cpmp_20_5_80_16_48_19,20.0,5.0,0.25,0.8,0.0,1.0,1.0,0.0,7.0,4.70588,1.52488,2.0,16.0,6.2,3.89358,0.48,54.0,0.14964,0.508529,0.733333,0.0,0.15,35.778,NaN,108.587,NaN
BF21_cpmp_20_5_80_16_48_2,20.0,5.0,0.25,0.8,0.0,0.8,0.8,0.0,6.0,4.70588,1.44567,2.0,13.0,5.9375,3.28764,0.48,52.0,0.197122,0.515098,0.722222,0.0,0.0,3.604,2.696,NaN,NaN
BF21_cpmp_20_5_80_16_48_3,20.0,5.0,0.25,0.8,0.0,0.75,0.882353,0.0,9.0,4.70588,1.80733,2.0,11.0,5.66667,3.0037,0.48,49.0,0.094964,0.517288,0.683333,0.0,0.1,NaN,8.865,2814.224,56.112
BF21_cpmp_20_5_80_16_48_4,20.0,5.0,0.25,0.8,0.0,0.85,0.894737,0.0,6.0,4.70588,1.40439,2.0,14.0,6.76471,3.48998,0.48,50.0,0.263309,0.530327,0.411111,0.0,0.0,5.576,NaN,765.884,846.193
BF21_cpmp_20_5_80_16_48_5,20.0,5.0,0.25,0.8,0.0,0.85,0.894737,0.0,6.0,4.70588,1.36186,2.0,16.0,6.82353,4.10502,0.48,50.0,0.448921,0.520163,0.494444,0.0,0.05,101.554,3.548,NaN,NaN
BF21_cpmp_20_5_80_16_48_7,20.0,5.0,0.25,0.8,0.0,0.75,0.833333,0.0,6.0,4.70588,1.31796,2.0,13.0,4.86667,2.9409,0.48,51.0,0.172662,0.49183,0.566667,0.0,0.0,NaN,27.286,NaN,NaN
BF21_cpmp_20_5_80_16_48_8,20.0,5.0,0.25,0.8,0.0,0.75,0.789474,0.0,7.0,4.70588,1.52488,2.0,12.0,6.8,3.61847,0.48,51.0,0.410072,0.493725,0.546667,0.0,0.0,NaN,17.933,NaN,NaN
BF21_cpmp_20_5_80_16_48_9,20.0,5.0,0.25,0.8,0.0,0.75,0.833333,0.0,7.0,4.70588,1.52488,2.0,12.0,6.06667,2.93182,0.48,50.0,0.0517986,0.503039,0.725,0.0,0.0,15.261,47.395,35.526,NaN
BF22_cpmp_20_5_80_16_60_11,20.0,5.0,0.25,0.8,0.1,0.8,1.0,0.0,6.0,4.70588,1.36186,2.0,16.0,8.75,4.08503,0.6,60.0,0.282014,0.503366,0.533333,0.1,0.2,NaN,NaN,NaN,2811.512
BF22_cpmp_20_5_80_16_60_16,20.0,5.0,0.25,0.8,0.15,0.85,1.0,0.0,7.0,4.70588,1.67208,2.0,16.0,8.05882,3.85732,0.6,61.0,0.195683,0.477124,0.477778,0.15,0.1,NaN,53.339,NaN,NaN
BF22_cpmp_20_5_80_16_60_4,20.0,5.0,0.25,0.8,0.05,0.9,1.0,0.0,8.0,4.70588,1.7069,3.0,15.0,8.44444,3.13089,0.6,62.0,0.254676,0.505948,0.553333,0.05,0.0,4.724,NaN,NaN,NaN
BF22_cpmp_20_5_80_16_60_6,20.0,5.0,0.25,0.8,0.15,0.8,0.941176,0.0,8.0,4.70588,1.52488,2.0,12.0,7.25,3.23071,0.6,61.0,0.0460432,0.449412,0.586667,0.15,0.0,0.052,137.485,NaN,NaN
BF22_cpmp_20_5_80_16_60_7,20.0,5.0,0.25,0.8,0.2,0.8,1.0,0.0,7.0,4.70588,1.77448,2.0,11.0,6.375,2.97647,0.6,62.0,0.352518,0.439216,0.366667,0.2,0.1,47.947,NaN,NaN,NaN
BF22_cpmp_20_5_80_16_60_9,20.0,5.0,0.25,0.8,0.15,0.85,1.0,0.0,7.0,4.70588,1.52488,2.0,12.0,6.70588,3.32132,0.6,62.0,0.414388,0.46683,0.38,0.17,0.05,NaN,1.608,NaN,NaN
BF23_cpmp_20_5_80_32_48_10,20.0,5.0,0.25,0.8,0.0,0.9,1.0,0.0,5.0,2.42424,1.07394,2.0,17.0,8.66667,5.04425,0.48,52.0,0.169784,0.435741,0.3,0.0,0.0,1.66,18.621,NaN,NaN
BF23_cpmp_20_5_80_32_48_11,20.0,5.0,0.25,0.8,0.0,0.85,0.894737,0.0,4.0,2.42424,0.985664,2.0,25.0,10.0588,6.27292,0.48,51.0,0.0589928,0.501515,0.358333,0.0,0.1,12.141,338.729,NaN,NaN
BF23_cpmp_20_5_80_32_48_12,20.0,5.0,0.25,0.8,0.0,0.9,0.947368,0.0,6.0,2.42424,1.20681,2.0,28.0,10.7778,7.32997,0.48,49.0,0.185612,0.466296,0.588889,0.0,0.1,NaN,478.102,NaN,NaN
BF23_cpmp_20_5_80_32_48_15,20.0,5.0,0.25,0.8,0.0,0.8,0.842105,0.0,5.0,2.42424,0.922129,2.0,30.0,14.3125,7.48932,0.48,51.0,0.0129496,0.527744,0.833333,0.0,0.0,139.557,NaN,0.18,NaN
BF23_cpmp_20_5_80_32_48_16,20.0,5.0,0.25,0.8,0.0,0.9,0.947368,0.0,7.0,2.42424,1.39328,2.0,28.0,11.8889,7.68757,0.48,51.0,0.299281,0.494562,0.75,0.0,0.0,NaN,166.602,4.424,1365.913
BF23_cpmp_20_5_80_32_48_18,20.0,5.0,0.25,0.8,0.0,0.65,0.764706,0.0,5.0,2.42424,1.25602,2.0,24.0,15.0769,8.21314,0.48,51.0,0.195683,0.499714,0.333333,0.0,0.0,0.164,4.66,NaN,NaN
BF23_cpmp_20_5_80_32_48_3,20.0,5.0,0.25,0.8,0.0,0.85,0.894737,0.0,4.0,2.42424,0.888659,3.0,27.0,11.1765,6.51907,0.48,51.0,0.0848921,0.476599,0.677778,0.0,0.1,7.836,213.633,NaN,3113.451
BF23_cpmp_20_5_80_32_48_4,20.0,5.0,0.25,0.8,0.0,0.75,0.789474,0.0,5.0,2.42424,0.922129,2.0,25.0,12.3333,7.28164,0.48,50.0,0.105036,0.50569,0.506667,0.0,0.0,2.768,123.932,63.008,690.687
BF23_cpmp_20_5_80_32_48_6,20.0,5.0,0.25,0.8,0.05,0.85,0.944444,0.0,6.0,2.42424,1.41486,5.0,23.0,14.3529,5.38998,0.48,50.0,0.430216,0.511987,0.5,0.05,0.0,2.856,1.268,NaN,NaN
BF23_cpmp_20_5_80_32_48_7,20.0,5.0,0.25,0.8,0.0,0.75,0.833333,0.0,5.0,2.42424,1.04534,2.0,25.0,13.6667,7.11493,0.48,51.0,0.0057554,0.498889,0.533333,0.0,0.0,21.673,NaN,NaN,NaN
BF24_cpmp_20_5_80_32_60_13,20.0,5.0,0.25,0.8,0.0,0.85,1.0,0.0,4.0,2.42424,0.853879,2.0,26.0,11.8235,8.13298,0.6,64.0,0.368345,0.459091,0.575,0.0,0.1,296.083,21.981,NaN,NaN
BF24_cpmp_20_5_80_32_60_17,20.0,5.0,0.25,0.8,0.15,0.8,1.0,0.0,4.0,2.42424,0.779678,4.0,30.0,15.125,7.43198,0.6,60.0,0.258993,0.459091,0.488889,0.16,0.0,NaN,280.966,NaN,NaN
BF24_cpmp_20_5_80_32_60_2,20.0,5.0,0.25,0.8,0.1,0.8,1.0,0.0,5.0,2.42424,0.888659,2.0,32.0,14.625,7.40671,0.6,61.0,0.0920863,0.456582,0.55,0.1,0.15,51.007,NaN,NaN,NaN
BF24_cpmp_20_5_80_32_60_8,20.0,5.0,0.25,0.8,0.2,0.8,1.0,0.0,5.0,2.42424,1.1018,2.0,27.0,13.375,7.61475,0.6,60.0,0.381295,0.440522,0.683333,0.2,0.1,NaN,20.565,NaN,NaN
BF25_cpmp_20_8_96_20_58_20,20.0,8.0,0.4,0.6,0.0,0.8,0.842105,0.0,9.0,4.57143,1.56057,2.0,13.0,6.875,3.70599,0.3625,62.0,0.397482,0.475134,0.458333,0.0,0.0,109.611,NaN,NaN,922.238
BF26_cpmp_20_8_96_20_72_5,20.0,8.0,0.4,0.6,0.2,0.6,0.923077,0.0,8.0,4.57143,1.62045,2.0,17.0,9.91667,4.99096,0.45,72.0,0.338129,0.405466,0.649306,0.34375,0.0,482.286,NaN,NaN,NaN
BF27_cpmp_20_8_96_39_58_12,20.0,8.0,0.4,0.6,0.0,0.8,0.842105,0.0,4.0,2.4,0.830662,3.0,27.0,15.25,7.70146,0.3625,59.0,0.304856,0.451712,0.736111,0.0,0.05,NaN,NaN,359.054,NaN
BF27_cpmp_20_8_96_39_58_6,20.0,8.0,0.4,0.6,0.0,0.8,0.8,0.0,4.0,2.4,0.860233,2.0,34.0,14.5625,10.1794,0.3625,60.0,0.357914,0.449005,0.583333,0.0,0.0,NaN,NaN,178.767,1104.137
BF27_cpmp_20_8_96_39_58_9,20.0,8.0,0.4,0.6,0.0,0.9,0.947368,0.0,5.0,2.4,0.943398,2.0,30.0,15.0556,8.2964,0.3625,61.0,0.609712,0.458776,0.569444,0.0,0.0,70.236,NaN,NaN,NaN
BF28_cpmp_20_8_96_39_72_19,20.0,8.0,0.4,0.6,0.05,0.7,1.0,0.0,6.0,2.4,1.09087,2.0,32.0,16.7857,9.88634,0.45,72.0,0.198741,0.413438,0.701389,0.18125,0.0,NaN,NaN,220.91,1868.773
BF2_cpmp_16_5_48_10_36_1,16.0,5.0,0.3125,0.6,0.3125,0.625,1.0,0.0,7.0,4.36364,1.66639,2.0,10.0,4.8,2.6,0.45,36.0,0.197778,0.358081,0.538462,0.4,0.0,0.016,1.276,165.582,183.243
BF2_cpmp_16_5_48_10_36_11,16.0,5.0,0.3125,0.6,0.25,0.625,1.0,0.0,6.0,4.36364,1.49379,2.0,8.0,4.6,2.2,0.45,36.0,0.202222,0.368308,0.548077,0.3125,0.0,0.772,1.136,NaN,NaN
BF2_cpmp_16_5_48_10_36_12,16.0,5.0,0.3125,0.6,0.25,0.625,1.0,0.0,9.0,4.36364,2.1436,2.0,9.0,5.0,2.44949,0.45,36.0,0.493333,0.379419,0.602564,0.4,0.0,NaN,NaN,0.004,NaN
BF2_cpmp_16_5_48_10_36_13,16.0,5.0,0.3125,0.6,0.3125,0.6875,1.0,0.0,7.0,4.36364,1.87193,2.0,10.0,5.90909,2.4663,0.45,36.0,0.171111,0.402904,0.489011,0.35,0.0,48.127,7.476,NaN,NaN
BF2_cpmp_16_5_48_10_36_14,16.0,5.0,0.3125,0.6,0.3125,0.625,1.0,0.0,7.0,4.36364,1.82272,2.0,8.0,4.9,2.02237,0.45,36.0,0.555556,0.389141,0.740385,0.3625,0.0,0.056,0.016,NaN,NaN
BF2_cpmp_16_5_48_10_36_15,16.0,5.0,0.3125,0.6,0.3125,0.625,1.0,0.0,7.0,4.36364,1.66639,2.0,10.0,5.0,2.79285,0.45,36.0,0.402222,0.390593,0.638462,0.4,0.0,0.06,0.484,0.004,0.004
BF2_cpmp_16_5_48_10_36_17,16.0,5.0,0.3125,0.6,0.3125,0.6875,1.0,0.0,5.0,4.36364,1.43164,2.0,10.0,5.45455,2.38799,0.45,36.0,0.455556,0.391098,0.584615,0.3125,0.0,0.048,0.968,0.004,0.008
BF2_cpmp_16_5_48_10_36_18,16.0,5.0,0.3125,0.6,0.3125,0.625,1.0,0.0,6.0,4.36364,1.55346,2.0,10.0,5.4,2.90517,0.45,36.0,0.677778,0.39072,0.570513,0.4,0.0,0.024,0.016,0.004,NaN
BF2_cpmp_16_5_48_10_36_19,16.0,5.0,0.3125,0.6,0.3125,0.625,1.0,0.0,6.0,4.36364,1.61091,2.0,8.0,5.0,2.40832,0.45,36.0,0.42,0.362626,0.487179,0.35,0.0,0.284,NaN,NaN,NaN
BF2_cpmp_16_5_48_10_36_2,16.0,5.0,0.3125,0.6,0.25,0.6875,1.0,0.0,7.0,4.36364,1.72008,2.0,9.0,5.90909,2.35312,0.45,36.0,0.171111,0.417361,0.6,0.375,0.0,NaN,0.184,NaN,NaN
BF2_cpmp_16_5_48_10_36_20,16.0,5.0,0.3125,0.6,0.25,0.625,1.0,0.0,7.0,4.36364,1.87193,2.0,10.0,5.0,2.40832,0.45,36.0,0.277778,0.373422,0.384615,0.35,0.0,4.004,0.016,0.004,0.004
BF2_cpmp_16_5_48_10_36_3,16.0,5.0,0.3125,0.6,0.3125,0.625,1.0,0.0,6.0,4.36364,1.55346,2.0,7.0,4.5,1.74642,0.45,36.0,0.1,0.37178,0.448718,0.4,0.0,0.108,14.797,0.004,0.004
BF2_cpmp_16_5_48_10_36_4,16.0,5.0,0.3125,0.6,0.3125,0.625,1.0,0.0,7.0,4.36364,1.77214,2.0,9.0,5.8,2.4,0.45,36.0,0.277778,0.38529,0.519231,0.3625,0.0,7.212,1.284,0.004,NaN
BF2_cpmp_16_5_48_10_36_5,16.0,5.0,0.3125,0.6,0.3125,0.625,1.0,0.0,6.0,4.36364,1.55346,2.0,10.0,5.4,2.37487,0.45,36.0,0.16,0.387374,0.5,0.325,0.0,0.556,0.028,0.0,0.004
BF2_cpmp_16_5_48_10_36_6,16.0,5.0,0.3125,0.6,0.3125,0.625,1.0,0.0,6.0,4.36364,1.55346,2.0,9.0,4.6,2.2891,0.45,36.0,0.444444,0.369003,0.701923,0.3125,0.0,NaN,NaN,1323.091,NaN
BF2_cpmp_16_5_48_10_36_7,16.0,5.0,0.3125,0.6,0.375,0.625,1.0,0.0,8.0,4.36364,1.82272,2.0,9.0,4.9,2.34307,0.45,36.0,0.677778,0.347412,0.384615,0.4,0.0,0.808,NaN,0.0,NaN
BF2_cpmp_16_5_48_10_36_8,16.0,5.0,0.3125,0.6,0.3125,0.625,1.0,0.0,6.0,4.36364,1.55346,2.0,8.0,5.2,1.93907,0.45,36.0,0.177778,0.357702,0.378205,0.4,0.0,0.052,NaN,0.004,2933.159
BF2_cpmp_16_5_48_10_36_9,16.0,5.0,0.3125,0.6,0.3125,0.625,1.0,0.0,7.0,4.36364,1.77214,2.0,8.0,5.1,2.3,0.45,36.0,0.257778,0.367361,0.576923,0.3125,0.0,0.512,0.54,0.096,0.088
BF3_cpmp_16_5_48_20_29_1,16.0,5.0,0.3125,0.6,0.1875,0.6875,0.916667,0.0,6.0,2.28571,1.45219,3.0,15.0,8.45455,3.82251,0.3625,29.0,0.7,0.391005,0.346154,0.3,0.125,NaN,NaN,108.943,NaN
BF3_cpmp_16_5_48_20_29_11,16.0,5.0,0.3125,0.6,0.125,0.5625,0.9,0.0,3.0,2.28571,0.764875,2.0,18.0,8.22222,4.91659,0.3625,29.0,0.06,0.387401,0.628205,0.3625,0.0,0.016,NaN,0.0,184.984
BF3_cpmp_16_5_48_20_29_13,16.0,5.0,0.3125,0.6,0.125,0.625,0.909091,0.0,4.0,2.28571,0.933139,2.0,14.0,8.5,3.98121,0.3625,29.0,0.688889,0.433499,0.75,0.3375,0.0625,24.049,NaN,0.0,NaN
BF3_cpmp_16_5_48_20_29_14,16.0,5.0,0.3125,0.6,0.0625,0.75,0.923077,0.0,5.0,2.28571,1.16058,3.0,17.0,7.33333,3.85861,0.3625,30.0,0.395556,0.405853,0.525641,0.3,0.0,NaN,0.052,NaN,NaN
BF3_cpmp_16_5_48_20_29_16,16.0,5.0,0.3125,0.6,0.0625,0.5625,0.9,0.0,5.0,2.28571,1.07539,2.0,19.0,10.1111,5.25874,0.3625,29.0,0.197778,0.401918,0.519231,0.1125,0.0,13.061,1.032,5.628,859.542
BF3_cpmp_16_5_48_20_29_19,16.0,5.0,0.3125,0.6,0.0,0.625,0.833333,0.0,6.0,2.28571,1.20091,3.0,12.0,6.6,2.69072,0.3625,30.0,0.162222,0.375595,0.596154,0.0,0.0,NaN,19.833,155.03,5.208
BF3_cpmp_16_5_48_20_29_20,16.0,5.0,0.3125,0.6,0.1875,0.625,0.909091,0.0,5.0,2.28571,0.982846,2.0,19.0,7.3,4.98096,0.3625,29.0,0.5,0.361905,0.403846,0.3125,0.0,61.472,NaN,3446.571,NaN
BF3_cpmp_16_5_48_20_29_3,16.0,5.0,0.3125,0.6,0.0625,0.5625,0.818182,0.0,5.0,2.28571,0.982846,2.0,12.0,6.44444,3.49956,0.3625,29.0,0.473333,0.40043,0.711538,0.175,0.0,3.072,306.691,NaN,NaN
BF3_cpmp_16_5_48_20_29_5,16.0,5.0,0.3125,0.6,0.1875,0.6875,0.916667,0.0,4.0,2.28571,0.824786,3.0,19.0,8.09091,5.16024,0.3625,29.0,0.446667,0.398181,0.589744,0.275,0.0625,NaN,NaN,665.154,228.986
BF3_cpmp_16_5_48_20_29_6,16.0,5.0,0.3125,0.6,0.125,0.625,0.909091,0.0,4.0,2.28571,0.933139,3.0,18.0,9.6,5.08331,0.3625,29.0,0.551111,0.418618,0.487179,0.125,0.0,0.1,6.948,0.004,3.604
BF3_cpmp_16_5_48_20_29_8,16.0,5.0,0.3125,0.6,0.1875,0.75,1.0,0.0,4.0,2.28571,0.824786,2.0,18.0,9.08333,4.78641,0.3625,29.0,0.417778,0.380423,0.634615,0.35,0.0625,0.02,NaN,0.004,NaN
BF3_cpmp_16_5_48_20_29_9,16.0,5.0,0.3125,0.6,0.0625,0.625,1.0,0.0,4.0,2.28571,0.880631,2.0,10.0,5.5,2.94109,0.3625,29.0,0.637778,0.393618,0.692308,0.225,0.0625,0.016,NaN,0.0,NaN
BF4_cpmp_16_5_48_20_36_1,16.0,5.0,0.3125,0.6,0.375,0.625,1.0,0.0,4.0,2.28571,0.764875,3.0,14.0,8.1,3.7,0.45,36.0,0.1,0.331052,0.576923,0.4,0.0625,0.012,0.132,0.004,0.012
BF4_cpmp_16_5_48_20_36_10,16.0,5.0,0.3125,0.6,0.375,0.625,1.0,0.0,5.0,2.28571,0.933139,4.0,19.0,10.0,4.51664,0.45,36.0,0.433333,0.345536,0.653846,0.4,0.0,NaN,NaN,0.004,0.036
BF4_cpmp_16_5_48_20_36_11,16.0,5.0,0.3125,0.6,0.375,0.625,1.0,0.0,5.0,2.28571,0.933139,2.0,13.0,7.0,2.93258,0.45,36.0,0.144444,0.325959,0.717949,0.375,0.0625,NaN,107.599,NaN,NaN
BF4_cpmp_16_5_48_20_36_13,16.0,5.0,0.3125,0.6,0.3125,0.625,1.0,0.0,7.0,2.28571,1.35023,3.0,19.0,9.3,5.38609,0.45,36.0,0.144444,0.354464,0.807692,0.35,0.3125,0.052,0.024,0.004,0.244
BF4_cpmp_16_5_48_20_36_14,16.0,5.0,0.3125,0.6,0.375,0.625,1.0,0.0,5.0,2.28571,1.11879,3.0,19.0,13.4,5.04381,0.45,36.0,0.422222,0.394081,0.615385,0.375,0.0625,2.264,1.748,0.332,0.376
BF4_cpmp_16_5_48_20_36_15,16.0,5.0,0.3125,0.6,0.3125,0.625,1.0,0.0,6.0,2.28571,1.20091,2.0,19.0,9.3,5.9,0.45,36.0,0.666667,0.368651,0.403846,0.375,0.0,NaN,NaN,0.004,NaN
BF4_cpmp_16_5_48_20_36_16,16.0,5.0,0.3125,0.6,0.375,0.625,1.0,0.0,4.0,2.28571,0.880631,3.0,19.0,12.4,5.0636,0.45,36.0,0.377778,0.377712,0.423077,0.375,0.0625,0.02,0.428,0.004,0.004
BF4_cpmp_16_5_48_20_36_17,16.0,5.0,0.3125,0.6,0.3125,0.625,1.0,0.0,4.0,2.28571,0.982846,3.0,19.0,9.7,4.38292,0.45,36.0,0.655556,0.373578,0.730769,0.4,0.125,82.681,2.356,8.893,0.44
BF4_cpmp_16_5_48_20_36_18,16.0,5.0,0.3125,0.6,0.3125,0.625,1.0,0.0,5.0,2.28571,0.933139,2.0,19.0,7.1,4.65725,0.45,36.0,0.357778,0.343684,0.333333,0.35,0.1875,0.16,5.616,0.424,NaN
BF4_cpmp_16_5_48_20_36_19,16.0,5.0,0.3125,0.6,0.25,0.5625,1.0,0.0,4.0,2.28571,1.11879,4.0,18.0,9.77778,4.02155,0.45,36.0,0.746667,0.384259,0.423077,0.35,0.125,234.887,NaN,0.004,0.004
BF4_cpmp_16_5_48_20_36_2,16.0,5.0,0.3125,0.6,0.3125,0.5625,0.9,0.0,4.0,2.28571,0.933139,4.0,20.0,10.4444,4.78681,0.45,36.0,0.704444,0.371759,0.596154,0.35,0.125,NaN,NaN,121.056,165.59
BF4_cpmp_16_5_48_20_36_20,16.0,5.0,0.3125,0.6,0.25,0.6875,1.0,0.0,6.0,2.28571,1.27775,2.0,18.0,10.3636,5.26174,0.45,36.0,0.36,0.405721,0.692308,0.3375,0.0,5.376,0.056,18.581,0.656
BF4_cpmp_16_5_48_20_36_3,16.0,5.0,0.3125,0.6,0.3125,0.6875,1.0,0.0,4.0,2.28571,0.933139,2.0,20.0,10.0909,5.40125,0.45,36.0,0.155556,0.354001,0.692308,0.3625,0.0625,0.152,NaN,0.004,NaN
BF4_cpmp_16_5_48_20_36_5,16.0,5.0,0.3125,0.6,0.3125,0.625,1.0,0.0,8.0,2.28571,1.54744,2.0,14.0,6.4,3.87814,0.45,36.0,0.722222,0.334987,0.634615,0.3625,0.0625,0.216,1.312,0.048,3.232
BF4_cpmp_16_5_48_20_36_6,16.0,5.0,0.3125,0.6,0.25,0.625,1.0,0.0,3.0,2.28571,0.699854,2.0,19.0,10.4,5.62494,0.45,36.0,0.302222,0.384028,0.371795,0.2875,0.1875,1.668,0.088,0.0,NaN
BF4_cpmp_16_5_48_20_36_7,16.0,5.0,0.3125,0.6,0.375,0.625,1.0,0.0,4.0,2.28571,0.824786,2.0,16.0,7.1,4.32319,0.45,36.0,0.495556,0.311574,0.711538,0.4,0.125,11.393,0.52,93.89,1.192
BF4_cpmp_16_5_48_20_36_8,16.0,5.0,0.3125,0.6,0.25,0.6875,1.0,0.0,4.0,2.28571,0.982846,2.0,16.0,7.90909,4.58167,0.45,36.0,0.784444,0.346263,0.884615,0.3875,0.0625,0.02,267.681,0.004,68.28
BF4_cpmp_16_5_48_20_36_9,16.0,5.0,0.3125,0.6,0.25,0.5625,1.0,0.0,4.0,2.28571,0.764875,2.0,18.0,9.66667,5.22813,0.45,36.0,0.277778,0.359425,0.730769,0.4,0.0625,2.828,6.94,0.0,0.012
BF5_cpmp_16_5_64_13_39_1,16.0,5.0,0.3125,0.8,0.0,0.8125,0.8125,0.0,7.0,4.57143,1.54524,2.0,10.0,4.46154,2.27411,0.4875,42.0,0.14,0.526687,0.707692,0.0,0.0625,228.59,7.68,485.89,4.94
BF5_cpmp_16_5_64_13_39_10,16.0,5.0,0.3125,0.8,0.0625,0.8125,1.0,0.0,7.0,4.57143,1.4983,3.0,13.0,6.53846,2.46874,0.4875,39.0,0.242222,0.505308,0.528846,0.1125,0.0625,NaN,337.773,NaN,NaN
BF5_cpmp_16_5_64_13_39_11,16.0,5.0,0.3125,0.8,0.0,0.8125,0.8125,0.0,7.0,4.57143,1.44984,2.0,10.0,5.46154,2.4997,0.4875,42.0,0.18,0.519246,0.669231,0.0,0.0625,NaN,NaN,NaN,238.703
BF5_cpmp_16_5_64_13_39_12,16.0,5.0,0.3125,0.8,0.0,0.75,0.857143,0.0,7.0,4.57143,1.63507,2.0,12.0,6.25,3.4187,0.4875,41.0,0.115556,0.53497,0.438462,0.0,0.0625,0.064,5.068,0.788,299.575
BF5_cpmp_16_5_64_13_39_14,16.0,5.0,0.3125,0.8,0.0,0.875,0.875,0.0,9.0,4.57143,1.80136,2.0,13.0,7.07143,3.32661,0.4875,41.0,0.293333,0.566419,0.338462,0.0,0.0,0.26,2.836,1.192,0.92
BF5_cpmp_16_5_64_13_39_15,16.0,5.0,0.3125,0.8,0.0625,0.9375,1.0,0.0,6.0,4.57143,1.34771,2.0,13.0,6.2,3.03754,0.4875,40.0,0.355556,0.527232,0.569231,0.075,0.0,NaN,237.703,NaN,12.665
BF5_cpmp_16_5_64_13_39_17,16.0,5.0,0.3125,0.8,0.0,0.875,0.875,0.0,6.0,4.57143,1.44984,2.0,12.0,5.78571,3.38439,0.4875,42.0,0.108889,0.540476,0.461538,0.0,0.0625,1.284,38.662,0.516,0.256
BF5_cpmp_16_5_64_13_39_2,16.0,5.0,0.3125,0.8,0.0625,0.9375,1.0,0.0,10.0,4.57143,2.16182,2.0,13.0,7.0,3.01109,0.4875,40.0,0.111111,0.555704,0.410256,0.075,0.0625,95.354,0.04,1583.931,2516.925
BF5_cpmp_16_5_64_13_39_20,16.0,5.0,0.3125,0.8,0.0,0.875,0.933333,0.0,6.0,4.57143,1.39971,2.0,13.0,5.85714,3.77694,0.4875,40.0,0.106667,0.540327,0.592308,0.0,0.125,NaN,NaN,NaN,1500.394
BF5_cpmp_16_5_64_13_39_3,16.0,5.0,0.3125,0.8,0.0,0.75,0.923077,0.0,6.0,4.57143,1.4983,3.0,10.0,5.58333,2.25308,0.4875,40.0,0.186667,0.530952,0.538462,0.0,0.125,0.352,NaN,NaN,NaN
BF5_cpmp_16_5_64_13_39_4,16.0,5.0,0.3125,0.8,0.0,0.8125,0.928571,0.0,6.0,4.57143,1.44984,3.0,12.0,6.76923,2.57664,0.4875,40.0,0.557778,0.557143,0.638462,0.0,0.1875,5.6,1.556,NaN,NaN
BF5_cpmp_16_5_64_13_39_5,16.0,5.0,0.3125,0.8,0.0625,0.875,0.933333,0.0,7.0,4.57143,1.54524,2.0,10.0,5.85714,2.79942,0.4875,41.0,0.0555556,0.54122,0.551282,0.1625,0.0625,7.056,2.452,0.892,0.352
BF5_cpmp_16_5_64_13_39_8,16.0,5.0,0.3125,0.8,0.0,0.75,0.75,0.0,6.0,4.57143,1.34771,2.0,11.0,5.41667,2.92855,0.4875,41.0,0.111111,0.516369,0.548077,0.0,0.0,6.72,138.617,14.333,0.296
BF5_cpmp_16_5_64_13_39_9,16.0,5.0,0.3125,0.8,0.0,0.875,0.875,0.0,9.0,4.57143,1.76126,2.0,12.0,5.85714,3.09047,0.4875,41.0,0.00888889,0.524901,0.692308,0.0,0.0625,0.832,0.34,29.366,81.745
BF6_cpmp_16_5_64_13_48_1,16.0,5.0,0.3125,0.8,0.1875,0.8125,1.0,0.0,7.0,4.57143,1.63507,3.0,13.0,7.30769,3.24356,0.6,48.0,0.286667,0.498909,0.692308,0.1875,0.125,11.389,11.861,NaN,NaN
BF6_cpmp_16_5_64_13_48_11,16.0,5.0,0.3125,0.8,0.1875,0.8125,1.0,0.0,7.0,4.57143,1.63507,2.0,11.0,6.30769,3.098,0.6,48.0,0.186667,0.470337,0.5,0.1875,0.0,3.016,1.588,NaN,NaN
BF6_cpmp_16_5_64_13_48_12,16.0,5.0,0.3125,0.8,0.1875,0.8125,1.0,0.0,6.0,4.57143,1.59079,2.0,11.0,5.69231,2.64239,0.6,50.0,0.0444444,0.456448,0.394231,0.1875,0.0,78.477,0.852,NaN,NaN
BF6_cpmp_16_5_64_13_48_13,16.0,5.0,0.3125,0.8,0.1875,0.8125,1.0,0.0,7.0,4.57143,1.63507,2.0,12.0,5.07692,2.99901,0.6,50.0,0.0444444,0.426538,0.357143,0.2,0.0625,114.211,1.536,NaN,NaN
BF6_cpmp_16_5_64_13_48_15,16.0,5.0,0.3125,0.8,0.125,0.8125,1.0,0.0,7.0,4.57143,1.54524,2.0,12.0,6.53846,3.00296,0.6,48.0,0.251111,0.496875,0.592308,0.1875,0.0,NaN,133.524,NaN,NaN
BF6_cpmp_16_5_64_13_48_16,16.0,5.0,0.3125,0.8,0.125,0.875,1.0,0.0,6.0,4.57143,1.39971,3.0,10.0,6.35714,2.02157,0.6,50.0,0.0,0.505853,0.519231,0.1625,0.125,1.072,3.036,NaN,NaN
BF6_cpmp_16_5_64_13_48_17,16.0,5.0,0.3125,0.8,0.125,0.8125,1.0,0.0,7.0,4.57143,1.4983,2.0,13.0,6.38462,3.4981,0.6,49.0,0.0,0.493899,0.515385,0.15,0.0,1.904,2.112,NaN,NaN
BF6_cpmp_16_5_64_13_48_18,16.0,5.0,0.3125,0.8,0.0625,0.8125,1.0,0.0,7.0,4.57143,1.4983,2.0,10.0,5.53846,2.53029,0.6,50.0,0.0444444,0.502877,0.492308,0.0625,0.0,12.225,NaN,NaN,NaN
BF6_cpmp_16_5_64_13_48_19,16.0,5.0,0.3125,0.8,0.1875,0.8125,1.0,0.0,7.0,4.57143,1.59079,2.0,12.0,7.0,3.50823,0.6,48.0,0.0444444,0.483879,0.326923,0.2,0.125,NaN,28.89,NaN,NaN
BF6_cpmp_16_5_64_13_48_2,16.0,5.0,0.3125,0.8,0.1875,0.8125,1.0,0.0,6.0,4.57143,1.39971,2.0,11.0,6.38462,2.70437,0.6,48.0,0.322222,0.477282,0.509615,0.2,0.0625,1.72,8.465,NaN,NaN
BF6_cpmp_16_5_64_13_48_3,16.0,5.0,0.3125,0.8,0.1875,0.8125,1.0,0.0,7.0,4.57143,1.59079,2.0,10.0,6.76923,2.72182,0.6,49.0,0.00888889,0.495288,0.615385,0.1875,0.125,1.972,NaN,NaN,NaN
BF6_cpmp_16_5_64_13_48_4,16.0,5.0,0.3125,0.8,0.125,0.8125,1.0,0.0,8.0,4.57143,1.72023,2.0,13.0,5.69231,3.47263,0.6,49.0,0.357778,0.477579,0.569231,0.125,0.0,NaN,125.576,NaN,NaN
BF6_cpmp_16_5_64_13_48_6,16.0,5.0,0.3125,0.8,0.1875,0.8125,1.0,0.0,8.0,4.57143,1.63507,2.0,12.0,6.30769,3.42804,0.6,48.0,0.4,0.475694,0.692308,0.1875,0.0,156.334,NaN,NaN,NaN
BF6_cpmp_16_5_64_13_48_7,16.0,5.0,0.3125,0.8,0.1875,0.8125,1.0,0.0,6.0,4.57143,1.44984,2.0,10.0,6.0,2.48069,0.6,49.0,0.177778,0.471032,0.451923,0.1875,0.0,9.729,14.477,NaN,NaN
BF6_cpmp_16_5_64_13_48_8,16.0,5.0,0.3125,0.8,0.1875,0.8125,1.0,0.0,7.0,4.57143,1.59079,2.0,13.0,7.07692,3.09991,0.6,48.0,0.0355556,0.475248,0.553846,0.1875,0.0625,76.481,NaN,311.359,NaN
BF6_cpmp_16_5_64_13_48_9,16.0,5.0,0.3125,0.8,0.125,0.8125,1.0,0.0,8.0,4.57143,1.76126,3.0,12.0,7.15385,3.25449,0.6,48.0,0.277778,0.515823,0.628205,0.15,0.25,8.917,59.656,NaN,NaN
BF7_cpmp_16_5_64_26_39_1,16.0,5.0,0.3125,0.8,0.0,0.8125,0.928571,0.0,5.0,2.37037,0.948611,2.0,21.0,9.61538,6.43952,0.4875,41.0,0.168889,0.525643,0.615385,0.0,0.1875,23.57,NaN,NaN,NaN
BF7_cpmp_16_5_64_26_39_10,16.0,5.0,0.3125,0.8,0.0,0.875,0.875,0.0,5.0,2.37037,1.09369,2.0,18.0,8.85714,5.02646,0.4875,42.0,0.171111,0.465484,0.653846,0.0,0.0,353.126,2.216,66.108,2.032
BF7_cpmp_16_5_64_26_39_11,16.0,5.0,0.3125,0.8,0.0,0.8125,0.8125,0.0,4.0,2.37037,0.908729,3.0,21.0,10.0769,5.52563,0.4875,42.0,0.255556,0.511677,0.461538,0.0,0.1875,25.254,13.929,345.646,2782.858
BF7_cpmp_16_5_64_26_39_12,16.0,5.0,0.3125,0.8,0.0,0.8125,0.928571,0.0,5.0,2.37037,1.02372,2.0,21.0,9.61538,6.58131,0.4875,41.0,0.248889,0.474949,0.307692,0.0,0.0,NaN,NaN,2387.621,3143.292
BF7_cpmp_16_5_64_26_39_13,16.0,5.0,0.3125,0.8,0.0,0.875,0.875,0.0,5.0,2.37037,1.09369,2.0,21.0,11.4286,5.76584,0.4875,41.0,0.131111,0.533668,0.397436,0.0,0.0,5.54,NaN,33.922,33.098
BF7_cpmp_16_5_64_26_39_14,16.0,5.0,0.3125,0.8,0.125,0.875,1.0,0.0,4.0,2.37037,0.908729,2.0,22.0,9.64286,6.76765,0.4875,40.0,0.128889,0.478524,0.423077,0.1625,0.125,NaN,NaN,NaN,657.537
BF7_cpmp_16_5_64_26_39_15,16.0,5.0,0.3125,0.8,0.0,0.875,0.933333,0.0,4.0,2.37037,0.823189,2.0,23.0,10.5,6.75859,0.4875,41.0,0.462222,0.462603,0.538462,0.0,0.25,NaN,8.097,1.688,3.228
BF7_cpmp_16_5_64_26_39_16,16.0,5.0,0.3125,0.8,0.0,0.75,0.857143,0.0,4.0,2.37037,0.908729,2.0,20.0,9.75,5.44862,0.4875,41.0,0.162222,0.488066,0.634615,0.0,0.0,4.304,14.337,0.772,55.947
BF7_cpmp_16_5_64_26_39_17,16.0,5.0,0.3125,0.8,0.0,0.8125,0.8125,0.0,5.0,2.37037,1.09369,3.0,17.0,8.07692,4.74685,0.4875,43.0,0.306667,0.502315,0.519231,0.0,0.0,NaN,300.859,3.472,589.277
BF7_cpmp_16_5_64_26_39_19,16.0,5.0,0.3125,0.8,0.0,0.9375,1.0,0.0,4.0,2.37037,0.823189,2.0,20.0,10.6667,4.86712,0.4875,40.0,0.271111,0.516461,0.538462,0.0,0.0,NaN,391.176,200.645,945.447
BF7_cpmp_16_5_64_26_39_2,16.0,5.0,0.3125,0.8,0.0,0.9375,0.9375,0.0,4.0,2.37037,0.948611,2.0,24.0,10.2,7.13863,0.4875,41.0,0.244444,0.507305,0.5,0.0,0.1875,NaN,NaN,2288.879,699.408
BF7_cpmp_16_5_64_26_39_20,16.0,5.0,0.3125,0.8,0.0625,0.875,1.0,0.0,5.0,2.37037,0.986882,3.0,19.0,9.21429,5.14335,0.4875,41.0,0.266667,0.46659,0.442308,0.0625,0.0,NaN,NaN,NaN,2240.424
BF7_cpmp_16_5_64_26_39_3,16.0,5.0,0.3125,0.8,0.0,0.9375,0.9375,0.0,5.0,2.37037,1.05929,3.0,24.0,10.2667,6.15864,0.4875,43.0,0.433333,0.485545,0.692308,0.0,0.125,NaN,NaN,NaN,3387.188
BF7_cpmp_16_5_64_26_39_6,16.0,5.0,0.3125,0.8,0.0,0.875,0.933333,0.0,5.0,2.37037,1.15944,2.0,21.0,10.3571,5.65189,0.4875,41.0,0.146667,0.504758,0.634615,0.0,0.0,2.832,1.124,8.953,1.136
BF7_cpmp_16_5_64_26_39_7,16.0,5.0,0.3125,0.8,0.0,0.875,0.933333,0.0,4.0,2.37037,0.823189,2.0,19.0,9.21429,4.94511,0.4875,42.0,0.304444,0.507536,0.692308,0.0,0.125,NaN,NaN,76.673,407.793
BF7_cpmp_16_5_64_26_39_8,16.0,5.0,0.3125,0.8,0.0,0.8125,0.866667,0.0,4.0,2.37037,0.908729,3.0,21.0,10.9231,6.14519,0.4875,42.0,0.328889,0.500952,0.653846,0.0,0.0,12.325,NaN,226.442,6.344
BF8_cpmp_16_5_64_26_48_1,16.0,5.0,0.3125,0.8,0.125,0.875,1.0,0.0,6.0,2.37037,1.41809,2.0,21.0,13.2143,6.24704,0.6,50.0,0.0977778,0.476543,0.602564,0.15,0.0,0.128,24.645,NaN,NaN
BF8_cpmp_16_5_64_26_48_11,16.0,5.0,0.3125,0.8,0.125,0.875,1.0,0.0,5.0,2.37037,0.948611,2.0,25.0,12.7857,7.07287,0.6,48.0,0.195556,0.493416,0.641026,0.125,0.125,196.648,81.437,NaN,NaN
BF8_cpmp_16_5_64_26_48_12,16.0,5.0,0.3125,0.8,0.125,0.8125,1.0,0.0,4.0,2.37037,0.776895,2.0,20.0,9.15385,5.15672,0.6,49.0,0.08,0.421399,0.75,0.125,0.0625,12.009,22.061,NaN,NaN
BF8_cpmp_16_5_64_26_48_17,16.0,5.0,0.3125,0.8,0.125,0.8125,1.0,0.0,4.0,2.37037,0.908729,2.0,25.0,12.1538,7.02573,0.6,48.0,0.177778,0.468879,0.615385,0.125,0.1875,NaN,127.268,NaN,NaN
BF8_cpmp_16_5_64_26_48_20,16.0,5.0,0.3125,0.8,0.125,0.8125,1.0,0.0,4.0,2.37037,0.823189,2.0,26.0,12.1538,7.38862,0.6,48.0,0.197778,0.462551,0.653846,0.1375,0.125,NaN,NaN,284.538,15.101
BF8_cpmp_16_5_64_26_48_4,16.0,5.0,0.3125,0.8,0.1875,0.8125,1.0,0.0,5.0,2.37037,0.823189,4.0,24.0,14.0,6.57501,0.6,48.0,0.4,0.474434,0.365385,0.1875,0.25,NaN,NaN,NaN,1433.006
BF8_cpmp_16_5_64_26_48_5,16.0,5.0,0.3125,0.8,0.125,0.8125,1.0,0.0,5.0,2.37037,1.15944,2.0,24.0,13.2308,6.84053,0.6,48.0,0.186667,0.483796,0.538462,0.125,0.1875,15.465,32.898,7.288,NaN
BF8_cpmp_16_5_64_26_48_6,16.0,5.0,0.3125,0.8,0.0625,0.875,1.0,0.0,4.0,2.37037,0.823189,2.0,26.0,11.4286,6.74764,0.6,49.0,0.1,0.481507,0.403846,0.1125,0.0625,NaN,NaN,148.953,1452.071
BF8_cpmp_16_5_64_26_48_7,16.0,5.0,0.3125,0.8,0.0625,0.8125,1.0,0.0,6.0,2.37037,1.02372,2.0,22.0,11.5385,6.75523,0.6,50.0,0.226667,0.473843,0.5,0.0625,0.0,2.72,NaN,NaN,NaN
BF9_cpmp_16_8_77_16_47_1,16.0,8.0,0.5,0.601562,0.0,0.75,0.75,0.0,9.0,4.52941,2.40386,2.0,12.0,6.91667,3.6391,0.367188,49.0,0.109722,0.431014,0.552083,0.0,0.0,NaN,NaN,1468.668,NaN
BF9_cpmp_16_8_77_16_47_10,16.0,8.0,0.5,0.601562,0.0,0.75,0.75,0.0,6.0,4.52941,1.33362,2.0,16.0,6.58333,4.27119,0.367188,48.0,0.406944,0.480427,0.585938,0.0,0.0625,60.852,NaN,300.563,37.682
BF9_cpmp_16_8_77_16_47_12,16.0,8.0,0.5,0.601562,0.0,0.75,0.8,0.0,7.0,4.52941,1.71902,2.0,15.0,5.66667,3.61325,0.367188,49.0,0.4375,0.420296,0.53125,0.0,0.0,NaN,NaN,705.936,406.801
BF9_cpmp_16_8_77_16_47_3,16.0,8.0,0.5,0.601562,0.0,0.875,0.875,0.0,6.0,4.52941,1.28876,2.0,10.0,5.64286,2.43801,0.367188,51.0,0.359722,0.457475,0.53125,0.0,0.0,NaN,NaN,1137.839,1.932
BF9_cpmp_16_8_77_16_47_4,16.0,8.0,0.5,0.601562,0.0,0.8125,0.866667,0.0,7.0,4.52941,1.4191,2.0,13.0,6.46154,3.34239,0.367188,48.0,0.333333,0.473669,0.65625,0.0,0.0,NaN,6.1,1010.091,7.836
BF9_cpmp_16_8_77_16_47_6,16.0,8.0,0.5,0.601562,0.0,0.875,0.875,0.0,6.0,4.52941,1.4191,2.0,13.0,6.42857,3.7362,0.367188,49.0,0.301389,0.438523,0.695312,0.0,0.0,NaN,NaN,444.748,1096.493
BF9_cpmp_16_8_77_16_47_7,16.0,8.0,0.5,0.601562,0.0,0.875,0.875,0.0,8.0,4.52941,1.81878,2.0,11.0,5.78571,2.54049,0.367188,51.0,0.255556,0.485864,0.541667,0.0,0.125,NaN,NaN,1246.822,2556.336
BF9_cpmp_16_8_77_16_47_8,16.0,8.0,0.5,0.601562,0.0,0.9375,0.9375,0.0,8.0,4.52941,1.68445,2.0,9.0,4.73333,1.98214,0.367188,51.0,0.233333,0.435235,0.523438,0.0,0.0,NaN,2.728,NaN,NaN
LC2a_lc2a_1,12.0,6.0,0.5,0.694444,0.0,0.666667,0.727273,0.0,11.0,4.54545,3.17271,2.0,5.0,3.125,0.780625,0.263889,22.0,0.376543,0.530794,0.6,0.0,0.0,0.024,14.857,0.02,0.764
LC2a_lc2a_10,12.0,6.0,0.5,0.694444,0.0,0.666667,0.666667,0.0,9.0,4.54545,2.46295,3.0,8.0,5.625,1.72753,0.263889,21.0,0.157407,0.583987,0.572917,0.0,0.0,0.484,0.02,0.392,0.008
LC2a_lc2a_2,12.0,6.0,0.5,0.694444,0.0,0.833333,0.833333,0.0,9.0,4.54545,2.70903,2.0,6.0,4.1,1.22066,0.263889,21.0,0.527778,0.584369,0.635417,0.0,0.0,792.29,5.28,613.682,160.234
LC2a_lc2a_3,12.0,6.0,0.5,0.694444,0.0,0.75,0.75,0.0,9.0,4.54545,2.8079,2.0,7.0,3.66667,1.69967,0.263889,21.0,0.0987654,0.598757,0.736111,0.0,0.0,31.086,1.636,25.442,30.694
LC2a_lc2a_4,12.0,6.0,0.5,0.694444,0.0,0.916667,0.916667,0.0,8.0,4.54545,2.14746,2.0,6.0,4.0,1.2792,0.263889,22.0,0.160494,0.534554,0.708333,0.0,0.0,0.648,NaN,0.52,0.112
LC2a_lc2a_5,12.0,6.0,0.5,0.694444,0.0,0.75,0.75,0.0,9.0,4.54545,2.49959,2.0,5.0,3.44444,1.06574,0.263889,22.0,0.166667,0.538315,0.631944,0.0,0.0,2.476,13.665,1.92,1.804
LC2a_lc2a_7,12.0,6.0,0.5,0.694444,0.0,0.666667,0.666667,0.0,8.0,4.54545,2.27091,2.0,7.0,3.5,1.58114,0.263889,21.0,0.398148,0.53717,0.675,0.0,0.0,11.417,231.046,9.253,6.796
LC2b_lc2b_1,12.0,6.0,0.5,0.694444,0.0,0.833333,1.0,0.0,14.0,4.54545,3.4997,2.0,8.0,4.2,1.66132,0.486111,37.0,0.364198,0.438631,0.652778,0.0,0.0,21.005,NaN,17.401,652.297
LC2b_lc2b_2,12.0,6.0,0.5,0.694444,0.0,0.833333,0.909091,0.0,9.0,4.54545,2.14746,2.0,10.0,4.4,2.2891,0.486111,37.0,0.435185,0.483159,0.645833,0.0,0.0,3039.914,NaN,1806.705,NaN
LC2b_lc2b_3,12.0,6.0,0.5,0.694444,0.0,1.0,1.0,0.0,9.0,4.54545,2.74238,2.0,8.0,4.16667,2.11476,0.486111,39.0,0.280864,0.508393,0.482143,0.0,0.0,0.752,NaN,0.468,0.516
LC2b_lc2b_4,12.0,6.0,0.5,0.694444,0.0833333,0.833333,0.909091,0.0,7.0,4.54545,1.87634,3.0,8.0,5.4,1.74356,0.486111,37.0,0.648148,0.526433,0.613095,0.125,0.0,60.796,0.232,50.051,23.045
LC2b_lc2b_5,12.0,6.0,0.5,0.694444,0.0833333,0.833333,1.0,0.0,8.0,4.54545,2.34961,2.0,10.0,5.1,2.07123,0.486111,38.0,0.512346,0.517931,0.45,0.0972222,0.0,NaN,NaN,NaN,10.729
LC2b_lc2b_6,12.0,6.0,0.5,0.694444,0.0833333,0.833333,1.0,0.0,10.0,4.54545,2.70903,2.0,7.0,5.0,1.34164,0.486111,37.0,0.138889,0.485775,0.527778,0.222222,0.0,0.38,2.676,0.308,1.156
LC2b_lc2b_7,12.0,6.0,0.5,0.694444,0.0833333,0.833333,1.0,0.0,6.0,4.54545,1.61604,2.0,5.0,3.0,1.18322,0.486111,38.0,0.265432,0.432854,0.28125,0.0972222,0.0,1056.57,7.856,779.805,528.325
LC2b_lc2b_9,12.0,6.0,0.5,0.694444,0.0,0.75,0.9,0.0,8.0,4.54545,1.82725,2.0,9.0,5.0,2.66667,0.486111,36.0,0.145062,0.483486,0.65,0.0,0.0,82.761,NaN,67.752,74.373
LC3a_lc3a_1,12.0,6.0,0.5,0.75,0.0,0.583333,0.583333,0.0,9.0,4.90909,2.31417,2.0,9.0,4.71429,2.6573,0.277778,21.0,0.160494,0.591999,0.803571,0.0,0.0,70.404,0.572,56.104,29.318
LC3a_lc3a_10,12.0,6.0,0.5,0.75,0.0,0.75,0.75,0.0,9.0,4.90909,2.50289,3.0,7.0,4.66667,1.24722,0.277778,22.0,0.151235,0.596359,0.729167,0.0,0.0,1.176,3.996,0.976,0.048
LC3a_lc3a_3,12.0,6.0,0.5,0.75,0.0,0.666667,0.666667,0.0,9.0,4.90909,2.31417,2.0,6.0,3.875,1.16592,0.277778,22.0,0.435185,0.58148,0.576389,0.0,0.0,170.859,NaN,142.593,114.671
LC3a_lc3a_4,12.0,6.0,0.5,0.75,0.0,0.75,0.75,0.0,8.0,4.90909,2.50289,2.0,7.0,3.77778,1.6178,0.277778,21.0,0.287037,0.576848,0.660714,0.0,0.0,NaN,81.537,NaN,2436.808
LC3a_lc3a_6,12.0,6.0,0.5,0.75,0.0,0.75,0.75,0.0,8.0,4.90909,2.02056,2.0,6.0,3.55556,1.42292,0.277778,22.0,0.169753,0.548834,0.691667,0.0,0.0,28.546,0.648,23.149,2.08
LC3a_lc3a_7,12.0,6.0,0.5,0.75,0.0,0.916667,0.916667,0.0,9.0,4.90909,2.67835,2.0,8.0,3.54545,1.67134,0.277778,22.0,0.111111,0.520929,0.597222,0.0,0.0,111.835,0.144,80.653,89.89
LC3a_lc3a_8,12.0,6.0,0.5,0.75,0.0,0.75,0.818182,0.0,9.0,4.90909,2.50289,2.0,7.0,4.22222,1.5476,0.277778,22.0,0.367284,0.537225,0.541667,0.0,0.0,1320.567,229.57,1009.243,569.048
LC3a_lc3a_9,12.0,6.0,0.5,0.75,0.0,0.75,0.818182,0.0,9.0,4.90909,2.96815,2.0,8.0,3.0,1.82574,0.277778,22.0,0.200617,0.485939,0.569444,0.0,0.0,NaN,55.592,NaN,2312.845
LC3b_lc3b_1,12.0,6.0,0.5,0.75,0.0,1.0,1.0,0.0,9.0,4.90909,2.23422,2.0,10.0,4.41667,2.66015,0.513889,40.0,0.225309,0.523054,0.479167,0.0,0.0,1054.294,214.365,857.706,359.93
LC3b_lc3b_10,12.0,6.0,0.5,0.75,0.0,0.833333,0.909091,0.0,12.0,4.90909,3.20382,2.0,10.0,5.3,2.32594,0.513889,39.0,0.231481,0.512208,0.508333,0.0,0.0,1053.806,NaN,822.027,1984.696
LC3b_lc3b_4,12.0,6.0,0.5,0.75,0.0833333,0.916667,1.0,0.0,11.0,4.90909,2.74539,2.0,5.0,3.45455,1.07565,0.513889,40.0,0.0987654,0.432854,0.4375,0.152778,0.0,338.281,759.055,275.901,12.305
LC3b_lc3b_5,12.0,6.0,0.5,0.75,0.0833333,0.916667,1.0,0.0,10.0,4.90909,2.42916,2.0,7.0,3.72727,1.71044,0.513889,39.0,0.160494,0.465555,0.569444,0.0833333,0.0,0.476,0.14,0.408,0.228
LC3b_lc3b_6,12.0,6.0,0.5,0.75,0.0,0.916667,1.0,0.0,8.0,4.90909,2.27454,2.0,8.0,5.0,2.17423,0.513889,40.0,0.410494,0.559244,0.552083,0.0,0.0,1.732,0.752,1.46,0.484
LC3b_lc3b_8,12.0,6.0,0.5,0.75,0.0833333,0.916667,1.0,0.0,8.0,4.90909,2.27454,2.0,7.0,3.90909,1.72966,0.513889,39.0,0.685185,0.434216,0.4375,0.138889,0.0,43.835,23.433,42.227,399.973
LC3b_lc3b_9,12.0,6.0,0.5,0.75,0.0,0.833333,1.0,0.0,10.0,4.90909,2.71208,2.0,9.0,4.5,2.61725,0.513889,40.0,0.475309,0.518149,0.576389,0.0,0.0,94.622,NaN,75.209,74.453
cv_data3-5-13,5.0,5.0,1.0,0.6,0.0,1.0,1.0,1.0,1.0,1.0,0.0,1.0,7.0,3.8,2.31517,0.36,12.0,0.4,0.427111,0.6,0.0,0.0,0.18,0.196,0.072,0.076
cv_data3-5-8,5.0,5.0,1.0,0.6,0.0,1.0,1.0,1.0,1.0,1.0,0.0,1.0,9.0,4.6,3.2619,0.36,11.0,0.4,0.425481,0.466667,0.0,0.0,0.26,0.268,0.084,0.084
cv_data3-6-24,6.0,5.0,0.833333,0.6,0.0,1.0,1.0,1.0,1.0,1.0,0.0,1.0,11.0,4.66667,3.39935,0.333333,13.0,0.4,0.43786,0.8125,0.0,0.0,0.064,0.072,0.188,0.092
cv_data3-6-26,6.0,5.0,0.833333,0.6,0.0,1.0,1.0,1.0,1.0,1.0,0.0,1.0,7.0,3.83333,2.11476,0.366667,14.0,0.4,0.409156,0.5,0.0,0.0,0.528,0.652,0.244,0.264
cv_data3-7-12,7.0,5.0,0.714286,0.6,0.0,0.714286,0.714286,1.0,1.0,1.0,0.0,2.0,15.0,8.2,4.83322,0.257143,10.0,0.4,0.446259,0.823529,0.0,0.142857,0.344,0.484,0.436,0.228
cv_data3-7-17,7.0,5.0,0.714286,0.6,0.0,1.0,1.0,1.0,1.0,1.0,0.0,2.0,13.0,8.0,3.74166,0.314286,14.0,0.4,0.439078,0.764706,0.0,0.285714,0.268,0.252,0.14,0.128
cv_data3-7-18,7.0,5.0,0.714286,0.6,0.0,0.714286,0.714286,1.0,1.0,1.0,0.0,6.0,13.0,9.6,2.72764,0.285714,11.0,0.4,0.478005,0.588235,0.0,0.571429,0.052,0.06,0.06,0.216
cv_data3-7-22,7.0,5.0,0.714286,0.6,0.0,1.0,1.0,1.0,1.0,1.0,0.0,1.0,11.0,6.28571,3.53409,0.371429,16.0,0.4,0.416553,0.470588,0.0,0.285714,0.44,0.536,0.032,0.024
cv_data3-7-27,7.0,5.0,0.714286,0.6,0.0,1.0,1.0,1.0,1.0,1.0,0.0,1.0,14.0,6.14286,4.25705,0.342857,14.0,0.4,0.434014,0.470588,0.0,0.142857,0.096,0.116,0.2,0.104
cv_data3-7-30,7.0,5.0,0.714286,0.6,0.0,1.0,1.0,1.0,1.0,1.0,0.0,3.0,16.0,7.71429,4.19913,0.314286,13.0,0.4,0.453364,0.352941,0.0,0.285714,0.316,0.384,0.004,0.004
cv_data3-7-5,7.0,5.0,0.714286,0.6,0.0,1.0,1.0,1.0,1.0,1.0,0.0,1.0,14.0,5.0,4.0,0.314286,14.0,0.4,0.445578,0.882353,0.0,0.0,0.292,0.26,0.004,0.004
cv_data3-8-17,8.0,5.0,0.625,0.6,0.0,0.75,0.75,1.0,1.0,1.0,0.0,2.0,21.0,10.6667,6.28932,0.225,10.0,0.4,0.454398,0.666667,0.0,0.25,0.116,0.168,0.008,0.008
cv_data3-8-2,8.0,5.0,0.625,0.6,0.0,0.75,0.75,1.0,1.0,1.0,0.0,1.0,16.0,7.33333,4.98888,0.25,12.0,0.4,0.455845,0.666667,0.0,0.25,0.016,0.016,0.08,0.272
cv_data3-8-24,8.0,5.0,0.625,0.6,0.0,0.75,0.75,1.0,1.0,1.0,0.0,1.0,18.0,9.33333,6.77413,0.225,10.0,0.4,0.442998,0.444444,0.0,0.375,0.764,0.62,0.54,0.248
cv_data3-8-25,8.0,5.0,0.625,0.6,0.0,0.75,0.75,1.0,1.0,1.0,0.0,2.0,20.0,10.0,5.50757,0.25,11.0,0.4,0.469444,0.833333,0.0,0.375,0.156,0.152,0.012,0.008
cv_data3-8-28,8.0,5.0,0.625,0.6,0.0,0.875,0.875,1.0,1.0,1.0,0.0,1.0,20.0,8.28571,6.27271,0.275,12.0,0.4,0.466146,0.722222,0.0,0.25,0.308,0.252,0.168,0.104
cv_data3-8-37,8.0,5.0,0.625,0.6,0.0,0.75,0.75,1.0,1.0,1.0,0.0,1.0,17.0,7.66667,5.82142,0.225,10.0,0.4,0.46956,0.5,0.0,0.25,0.144,0.104,0.48,0.112
cv_data3-8-38,8.0,5.0,0.625,0.6,0.0,1.0,1.0,1.0,1.0,1.0,0.0,1.0,18.0,7.5,5.12348,0.3,14.0,0.4,0.432234,0.611111,0.0,0.0,0.416,0.532,0.536,0.208
cv_data3-8-7,8.0,5.0,0.625,0.6,0.0,1.0,1.0,1.0,1.0,1.0,0.0,1.0,11.0,6.25,3.34477,0.325,16.0,0.4,0.442824,0.5,0.0,0.125,1.088,1.876,1.928,1.064
cv_data4-4-10,4.0,6.0,1.5,0.666667,0.0,1.0,1.0,1.0,1.0,1.0,0.0,1.0,10.0,4.75,3.56195,0.333333,10.0,0.333333,0.492131,0.375,0.0,0.0,0.38,0.368,0.16,0.152
cv_data4-4-12,4.0,6.0,1.5,0.666667,0.0,1.0,1.0,1.0,1.0,1.0,0.0,4.0,8.0,5.75,1.47902,0.416667,13.0,0.333333,0.520908,0.75,0.0,0.75,0.872,0.868,0.656,0.576
cv_data4-4-13,4.0,6.0,1.5,0.666667,0.0,1.0,1.0,1.0,1.0,1.0,0.0,4.0,8.0,6.0,1.58114,0.458333,15.0,0.333333,0.468076,0.5,0.0,0.5,0.188,0.192,0.068,0.064
cv_data4-4-14,4.0,6.0,1.5,0.666667,0.0,1.0,1.0,1.0,1.0,1.0,0.0,2.0,14.0,5.75,4.81534,0.416667,13.0,0.333333,0.464366,0.6875,0.0,0.0,0.332,0.316,0.472,0.432
cv_data4-4-15,4.0,6.0,1.5,0.666667,0.0,1.0,1.0,1.0,1.0,1.0,0.0,2.0,11.0,5.0,3.53553,0.291667,9.0,0.333333,0.489771,0.4375,0.0,0.25,0.532,0.396,0.272,0.256
cv_data4-4-16,4.0,6.0,1.5,0.666667,0.0,1.0,1.0,1.0,1.0,1.0,0.0,1.0,9.0,5.0,3.16228,0.5,17.0,0.333333,0.441097,0.4375,0.0,0.0,17.353,16.273,6.432,6.104
cv_data4-4-19,4.0,6.0,1.5,0.666667,0.0,1.0,1.0,1.0,1.0,1.0,0.0,1.0,9.0,5.5,3.20156,0.416667,13.0,0.333333,0.464591,0.75,0.0,0.25,0.512,0.688,0.216,0.204
cv_data4-4-2,4.0,6.0,1.5,0.666667,0.0,1.0,1.0,1.0,1.0,1.0,0.0,1.0,13.0,7.25,4.60299,0.375,11.0,0.333333,0.502248,0.375,0.0,0.0,0.148,0.148,0.04,0.036
cv_data4-4-20,4.0,6.0,1.5,0.666667,0.0,1.0,1.0,1.0,1.0,1.0,0.0,6.0,13.0,8.5,2.69258,0.458333,14.0,0.333333,0.530238,0.6875,0.0,0.5,1.716,1.748,2.316,2.068
cv_data4-4-21,4.0,6.0,1.5,0.666667,0.0,1.0,1.0,1.0,1.0,1.0,0.0,1.0,9.0,4.5,2.95804,0.416667,13.0,0.333333,0.471223,0.4375,0.0,0.25,0.62,0.508,0.172,0.236
cv_data4-4-23,4.0,6.0,1.5,0.666667,0.0,1.0,1.0,1.0,1.0,1.0,0.0,1.0,11.0,7.0,3.74166,0.5,16.0,0.333333,0.475382,0.4375,0.0,0.25,152.046,180.103,8.893,9.349
cv_data4-4-24,4.0,6.0,1.5,0.666667,0.0,1.0,1.0,1.0,1.0,1.0,0.0,1.0,9.0,5.5,2.95804,0.416667,13.0,0.333333,0.512478,0.625,0.0,0.25,12.105,11.865,2.08,2.056
cv_data4-4-25,4.0,6.0,1.5,0.666667,0.0,1.0,1.0,1.0,1.0,1.0,0.0,2.0,10.0,6.0,2.91548,0.458333,14.0,0.333333,0.464928,0.4375,0.0,0.5,46.347,40.486,12.009,11.057
cv_data4-4-27,4.0,6.0,1.5,0.666667,0.0,1.0,1.0,1.0,1.0,1.0,0.0,1.0,7.0,4.75,2.27761,0.416667,14.0,0.333333,0.467963,0.875,0.0,0.25,17.881,15.337,5.064,6.004
cv_data4-4-28,4.0,6.0,1.5,0.666667,0.0,1.0,1.0,1.0,1.0,1.0,0.0,1.0,5.0,3.0,1.58114,0.291667,9.0,0.333333,0.505171,0.5625,0.0,0.25,0.112,0.1,0.584,0.484
cv_data4-4-29,4.0,6.0,1.5,0.666667,0.0,1.0,1.0,1.0,1.0,1.0,0.0,1.0,9.0,5.0,3.16228,0.375,12.0,0.333333,0.482689,0.75,0.0,0.25,0.612,0.44,0.372,0.328
cv_data4-4-3,4.0,6.0,1.5,0.666667,0.0,1.0,1.0,1.0,1.0,1.0,0.0,3.0,13.0,6.5,3.90512,0.458333,14.0,0.333333,0.486398,0.625,0.0,0.5,0.636,0.544,0.488,0.4
cv_data4-4-30,4.0,6.0,1.5,0.666667,0.0,1.0,1.0,1.0,1.0,1.0,0.0,1.0,9.0,4.5,2.95804,0.333333,10.0,0.333333,0.489096,0.5625,0.0,0.0,2.744,2.964,1.8,1.824
cv_data4-4-33,4.0,6.0,1.5,0.666667,0.0,1.0,1.0,1.0,1.0,1.0,0.0,1.0,7.0,4.25,2.38485,0.416667,14.0,0.333333,0.483588,0.875,0.0,0.25,34.154,42.479,2.12,1.848
cv_data4-4-34,4.0,6.0,1.5,0.666667,0.0,1.0,1.0,1.0,1.0,1.0,0.0,2.0,9.0,5.0,2.54951,0.375,11.0,0.333333,0.489321,0.625,0.0,0.5,0.804,0.68,0.832,0.516
cv_data4-4-35,4.0,6.0,1.5,0.666667,0.0,1.0,1.0,1.0,1.0,1.0,0.0,1.0,10.0,4.5,3.5,0.5,16.0,0.333333,0.442896,0.6875,0.0,0.0,2.156,1.88,1.9,1.676
cv_data4-4-7,4.0,6.0,1.5,0.666667,0.0,1.0,1.0,1.0,1.0,1.0,0.0,1.0,10.0,5.25,3.26917,0.458333,14.0,0.333333,0.457509,0.625,0.0,0.25,2.512,2.204,0.552,0.536
cv_data4-5-1,5.0,6.0,1.2,0.666667,0.0,1.0,1.0,1.0,1.0,1.0,0.0,1.0,10.0,5.2,2.92575,0.4,16.0,0.333333,0.442734,0.529412,0.0,0.2,3.432,3.472,0.516,0.408
cv_data4-5-12,5.0,6.0,1.2,0.666667,0.0,0.8,0.8,1.0,1.0,1.0,0.0,1.0,9.0,6.0,3.08221,0.366667,13.0,0.333333,0.489928,0.705882,0.0,0.6,0.188,0.176,0.772,0.78
cv_data4-5-14,5.0,6.0,1.2,0.666667,0.0,1.0,1.0,1.0,1.0,1.0,0.0,2.0,18.0,8.6,5.71314,0.433333,16.0,0.333333,0.483094,0.647059,0.0,0.0,4.804,5.048,4.892,3.864
cv_data4-5-15,5.0,6.0,1.2,0.666667,0.0,1.0,1.0,1.0,1.0,1.0,0.0,1.0,9.0,5.8,2.78568,0.466667,18.0,0.333333,0.461583,0.647059,0.0,0.4,6.28,5.312,6.936,5.968
cv_data4-5-17,5.0,6.0,1.2,0.666667,0.0,1.0,1.0,1.0,1.0,1.0,0.0,2.0,13.0,6.0,3.89872,0.466667,18.0,0.333333,0.465324,0.470588,0.0,0.4,197.196,142.161,82.777,66.976
cv_data4-5-19,5.0,6.0,1.2,0.666667,0.0,1.0,1.0,1.0,1.0,1.0,0.0,3.0,9.0,5.8,2.13542,0.4,16.0,0.333333,0.486259,0.882353,0.0,0.2,2.144,1.92,0.804,0.56
cv_data4-5-2,5.0,6.0,1.2,0.666667,0.0,1.0,1.0,1.0,1.0,1.0,0.0,1.0,12.0,7.4,3.92938,0.433333,16.0,0.333333,0.471799,0.588235,0.0,0.4,0.324,0.296,1.312,0.788
cv_data4-5-20,5.0,6.0,1.2,0.666667,0.0,1.0,1.0,1.0,1.0,1.0,0.0,1.0,12.0,6.6,4.36348,0.433333,15.0,0.333333,0.474604,0.764706,0.0,0.0,0.332,0.7,0.508,0.336
cv_data4-5-21,5.0,6.0,1.2,0.666667,0.0,1.0,1.0,1.0,1.0,1.0,0.0,1.0,7.0,4.2,2.31517,0.4,16.0,0.333333,0.446835,0.588235,0.0,0.0,589.337,624.091,3.956,3.816
cv_data4-5-22,5.0,6.0,1.2,0.666667,0.0,1.0,1.0,1.0,1.0,1.0,0.0,1.0,10.0,5.8,2.92575,0.466667,18.0,0.333333,0.445468,0.470588,0.0,0.0,2.244,2.692,0.48,0.472
cv_data4-5-23,5.0,6.0,1.2,0.666667,0.0,1.0,1.0,1.0,1.0,1.0,0.0,1.0,10.0,5.6,3.49857,0.433333,17.0,0.333333,0.460432,0.411765,0.0,0.0,1.516,1.688,1.78,1.56
cv_data4-5-24,5.0,6.0,1.2,0.666667,0.0,0.8,0.8,1.0,1.0,1.0,0.0,2.0,8.0,4.25,2.27761,0.333333,12.0,0.333333,0.454101,0.588235,0.0,0.2,0.276,0.268,0.016,0.016
cv_data4-5-25,5.0,6.0,1.2,0.666667,0.0,1.0,1.0,1.0,1.0,1.0,0.0,1.0,18.0,9.8,6.04649,0.466667,17.0,0.333333,0.490504,0.823529,0.0,0.2,2.884,2.788,0.836,0.764
cv_data4-5-26,5.0,6.0,1.2,0.666667,0.0,1.0,1.0,1.0,1.0,1.0,0.0,1.0,10.0,4.6,3.00666,0.433333,17.0,0.333333,0.47,0.764706,0.0,0.2,5.028,5.9,12.525,11.317
cv_data4-5-27,5.0,6.0,1.2,0.666667,0.0,1.0,1.0,1.0,1.0,1.0,0.0,1.0,12.0,6.4,3.97995,0.333333,12.0,0.333333,0.497842,0.588235,0.0,0.4,2.308,2.416,2.304,1.604
cv_data4-5-28,5.0,6.0,1.2,0.666667,0.0,1.0,1.0,1.0,1.0,1.0,0.0,1.0,12.0,7.2,3.86782,0.366667,13.0,0.333333,0.510072,0.588235,0.0,0.4,0.26,0.272,0.084,0.084
cv_data4-5-29,5.0,6.0,1.2,0.666667,0.0,1.0,1.0,1.0,1.0,1.0,0.0,1.0,16.0,6.6,5.23832,0.433333,16.0,0.333333,0.461871,0.529412,0.0,0.2,10.721,11.181,5.036,3.204
cv_data4-5-3,5.0,6.0,1.2,0.666667,0.0,1.0,1.0,1.0,1.0,1.0,0.0,2.0,12.0,7.4,3.44093,0.466667,18.0,0.333333,0.468273,0.529412,0.0,0.4,0.464,0.8,0.048,0.08
cv_data4-5-30,5.0,6.0,1.2,0.666667,0.0,1.0,1.0,1.0,1.0,1.0,0.0,1.0,8.0,4.2,2.31517,0.466667,18.0,0.333333,0.433237,0.529412,0.0,0.0,19.449,14.937,2.94,2.928
cv_data4-5-31,5.0,6.0,1.2,0.666667,0.0,1.0,1.0,1.0,1.0,1.0,0.0,1.0,13.0,6.6,5.004,0.466667,17.0,0.333333,0.457482,0.705882,0.0,0.0,0.1,0.096,0.368,0.268
cv_data4-5-32,5.0,6.0,1.2,0.666667,0.0,1.0,1.0,1.0,1.0,1.0,0.0,8.0,14.0,10.8,2.31517,0.5,19.0,0.333333,0.521727,0.647059,0.0,0.6,3.484,2.972,1.552,1.424
cv_data4-5-34,5.0,6.0,1.2,0.666667,0.0,1.0,1.0,1.0,1.0,1.0,0.0,1.0,13.0,6.4,4.17612,0.466667,17.0,0.333333,0.469281,0.705882,0.0,0.2,21.013,17.137,6.148,13.081
cv_data4-5-35,5.0,6.0,1.2,0.666667,0.0,1.0,1.0,1.0,1.0,1.0,0.0,1.0,7.0,3.6,2.15407,0.333333,13.0,0.333333,0.47,0.705882,0.0,0.0,2.136,1.692,3.664,2.88
cv_data4-5-39,5.0,6.0,1.2,0.666667,0.0,1.0,1.0,1.0,1.0,1.0,0.0,1.0,11.0,5.8,3.76298,0.4,15.0,0.333333,0.466691,0.823529,0.0,0.2,2.1,1.928,7.292,5.504
cv_data4-5-5,5.0,6.0,1.2,0.666667,0.0,1.0,1.0,1.0,1.0,1.0,0.0,1.0,9.0,4.0,2.82843,0.366667,14.0,0.333333,0.430647,0.529412,0.0,0.0,1.448,0.66,0.136,0.116
cv_data4-5-9,5.0,6.0,1.2,0.666667,0.0,1.0,1.0,1.0,1.0,1.0,0.0,2.0,14.0,8.2,4.30813,0.466667,17.0,0.333333,0.481079,0.647059,0.0,0.4,1.484,1.46,1.256,0.736
cv_data4-6-1,6.0,6.0,1.0,0.666667,0.0,1.0,1.0,1.0,1.0,1.0,0.0,1.0,14.0,8.0,4.86484,0.416667,18.0,0.333333,0.473421,0.666667,0.0,0.333333,471.613,413.73,377.572,236.251
cv_data4-6-10,6.0,6.0,1.0,0.666667,0.0,1.0,1.0,1.0,1.0,1.0,0.0,2.0,11.0,7.0,3.16228,0.416667,19.0,0.333333,0.468076,0.666667,0.0,0.166667,0.86,0.712,0.26,0.248
cv_data4-6-11,6.0,6.0,1.0,0.666667,0.0,1.0,1.0,1.0,1.0,1.0,0.0,1.0,16.0,6.5,5.25198,0.388889,17.0,0.333333,0.483463,0.666667,0.0,0.166667,0.48,0.388,0.76,0.42
cv_data4-6-12,6.0,6.0,1.0,0.666667,0.0,1.0,1.0,1.0,1.0,1.0,0.0,3.0,17.0,9.83333,4.56131,0.444444,19.0,0.333333,0.476469,0.333333,0.0,0.5,47.367,44.011,5.664,4.856
cv_data4-6-13,6.0,6.0,1.0,0.666667,0.0,0.833333,0.833333,1.0,1.0,1.0,0.0,2.0,16.0,7.0,4.81664,0.25,10.0,0.333333,0.48796,0.611111,0.0,0.166667,5.82,5.708,3.632,2.04
cv_data4-6-14,6.0,6.0,1.0,0.666667,0.0,1.0,1.0,1.0,1.0,1.0,0.0,1.0,22.0,9.5,7.32006,0.361111,15.0,0.333333,0.498751,0.833333,0.0,0.0,0.408,0.336,0.104,0.052
cv_data4-6-15,6.0,6.0,1.0,0.666667,0.0,1.0,1.0,1.0,1.0,1.0,0.0,2.0,15.0,8.83333,4.0586,0.444444,20.0,0.333333,0.469724,0.555556,0.0,0.333333,1.604,1.292,3.716,2.808
cv_data4-6-16,6.0,6.0,1.0,0.666667,0.0,0.833333,0.833333,1.0,1.0,1.0,0.0,3.0,18.0,9.4,6.01997,0.333333,13.0,0.333333,0.51284,0.833333,0.0,0.333333,3.812,4.108,9.345,12.165
cv_data4-6-18,6.0,6.0,1.0,0.666667,0.0,1.0,1.0,1.0,1.0,1.0,0.0,1.0,16.0,7.66667,5.15321,0.472222,21.0,0.333333,0.457084,0.444444,0.0,0.333333,209.581,200.317,49.899,31.87
cv_data4-6-19,6.0,6.0,1.0,0.666667,0.0,1.0,1.0,1.0,1.0,1.0,0.0,1.0,21.0,7.66667,7.11024,0.416667,17.0,0.333333,0.478717,0.777778,0.0,0.166667,35.094,41.263,11.369,7.944
cv_data4-6-2,6.0,6.0,1.0,0.666667,0.0,1.0,1.0,1.0,1.0,1.0,0.0,2.0,11.0,6.0,3.05505,0.25,11.0,0.333333,0.538419,0.944444,0.0,0.333333,0.128,0.12,0.46,0.312
cv_data4-6-20,6.0,6.0,1.0,0.666667,0.0,0.833333,0.833333,1.0,1.0,1.0,0.0,1.0,16.0,8.6,5.23832,0.361111,15.0,0.333333,0.482064,0.722222,0.0,0.333333,1.92,1.972,17.581,14.749
cv_data4-6-21,6.0,6.0,1.0,0.666667,0.0,1.0,1.0,1.0,1.0,1.0,0.0,1.0,17.0,8.16667,5.01387,0.444444,20.0,0.333333,0.444794,0.555556,0.0,0.166667,72.617,74.905,6.868,6.24
cv_data4-6-24,6.0,6.0,1.0,0.666667,0.0,1.0,1.0,1.0,1.0,1.0,0.0,1.0,15.0,8.0,5.16398,0.416667,19.0,0.333333,0.481515,0.611111,0.0,0.333333,NaN,NaN,57.016,38.75
cv_data4-6-25,6.0,6.0,1.0,0.666667,0.0,1.0,1.0,1.0,1.0,1.0,0.0,2.0,14.0,6.33333,3.94405,0.444444,19.0,0.333333,0.414468,0.611111,0.0,0.166667,1.096,1.096,0.528,0.72
cv_data4-6-27,6.0,6.0,1.0,0.666667,0.0,1.0,1.0,1.0,1.0,1.0,0.0,2.0,19.0,8.83333,5.81425,0.388889,16.0,0.333333,0.490857,0.944444,0.0,0.5,2.304,2.252,2.128,1.328
cv_data4-6-28,6.0,6.0,1.0,0.666667,0.0,1.0,1.0,1.0,1.0,1.0,0.0,2.0,15.0,7.33333,4.26875,0.444444,20.0,0.333333,0.478567,0.611111,0.0,0.5,632.216,831.544,166.166,87.113
cv_data4-6-29,6.0,6.0,1.0,0.666667,0.0,1.0,1.0,1.0,1.0,1.0,0.0,1.0,13.0,6.33333,4.14997,0.361111,16.0,0.333333,0.473571,0.777778,0.0,0.0,9.033,8.221,1.64,1.42
cv_data4-6-3,6.0,6.0,1.0,0.666667,0.0,1.0,1.0,1.0,1.0,1.0,0.0,4.0,17.0,9.5,4.34933,0.416667,18.0,0.333333,0.498102,0.777778,0.0,0.5,53.983,71.597,61.412,47.743
cv_data4-6-30,6.0,6.0,1.0,0.666667,0.0,0.833333,0.833333,1.0,1.0,1.0,0.0,1.0,14.0,7.6,5.1614,0.361111,15.0,0.333333,0.481115,0.722222,0.0,0.333333,5.232,4.676,2.12,1.932
cv_data4-6-32,6.0,6.0,1.0,0.666667,0.0,1.0,1.0,1.0,1.0,1.0,0.0,1.0,21.0,9.16667,6.84146,0.416667,17.0,0.333333,0.48756,0.777778,0.0,0.166667,205.333,228.702,9.957,10.213
cv_data4-6-33,6.0,6.0,1.0,0.666667,0.0,0.833333,0.833333,1.0,1.0,1.0,0.0,1.0,20.0,7.6,6.65132,0.305556,12.0,0.333333,0.493106,0.722222,0.0,0.333333,7.04,6.008,2.58,31.722
cv_data4-6-34,6.0,6.0,1.0,0.666667,0.0,1.0,1.0,1.0,1.0,1.0,0.0,2.0,15.0,7.83333,4.52462,0.472222,21.0,0.333333,0.474121,0.611111,0.0,0.0,65.304,60.68,26.746,20.633
cv_data4-6-35,6.0,6.0,1.0,0.666667,0.0,1.0,1.0,1.0,1.0,1.0,0.0,3.0,17.0,8.0,4.76095,0.416667,17.0,0.333333,0.486611,0.777778,0.0,0.166667,20.281,22.957,2.484,2.684
cv_data4-6-36,6.0,6.0,1.0,0.666667,0.0,1.0,1.0,1.0,1.0,1.0,0.0,1.0,19.0,6.33333,5.8784,0.388889,17.0,0.333333,0.458733,0.444444,0.0,0.166667,635.312,813.615,18.949,12.849
cv_data4-6-37,6.0,6.0,1.0,0.666667,0.0,1.0,1.0,1.0,1.0,1.0,0.0,1.0,12.0,5.16667,3.43592,0.361111,16.0,0.333333,0.453637,0.944444,0.0,0.166667,40.55,47.559,30.566,15.421
cv_data4-6-39,6.0,6.0,1.0,0.666667,0.0,1.0,1.0,1.0,1.0,1.0,0.0,1.0,8.0,3.83333,2.26691,0.305556,14.0,0.333333,0.482464,0.611111,0.0,0.0,1.176,1.224,0.612,0.372
cv_data4-6-4,6.0,6.0,1.0,0.666667,0.0,1.0,1.0,1.0,1.0,1.0,0.0,3.0,15.0,8.0,4.54606,0.416667,18.0,0.333333,0.496703,0.611111,0.0,0.333333,174.419,146.437,2.516,1.432
cv_data4-6-40,6.0,6.0,1.0,0.666667,0.0,1.0,1.0,1.0,1.0,1.0,0.0,1.0,15.0,8.33333,4.88763,0.472222,21.0,0.333333,0.473671,0.388889,0.0,0.5,30.45,27.162,10.117,11.849
cv_data4-6-5,6.0,6.0,1.0,0.666667,0.0,0.833333,0.833333,1.0,1.0,1.0,0.0,1.0,20.0,6.8,7.02567,0.388889,15.0,0.333333,0.488259,0.888889,0.0,0.333333,2.14,1.788,1.936,0.788
cv_data4-6-7,6.0,6.0,1.0,0.666667,0.0,1.0,1.0,1.0,1.0,1.0,0.0,1.0,19.0,8.66667,6.59966,0.444444,19.0,0.333333,0.457234,0.611111,0.0,0.166667,NaN,NaN,84.385,80.585
cv_data4-6-8,6.0,6.0,1.0,0.666667,0.0,0.833333,0.833333,1.0,1.0,1.0,0.0,1.0,15.0,8.2,5.34416,0.361111,14.0,0.333333,0.483963,0.888889,0.0,0.333333,0.104,0.092,0.22,0.088
cv_data4-6-9,6.0,6.0,1.0,0.666667,0.0,0.833333,0.833333,1.0,1.0,1.0,0.0,2.0,14.0,7.0,4.97996,0.361111,15.0,0.333333,0.451888,0.555556,0.0,0.166667,3.552,3.28,1.004,0.76
cv_data4-7-1,7.0,6.0,0.857143,0.666667,0.0,1.0,1.0,1.0,1.0,1.0,0.0,2.0,14.0,7.57143,4.49943,0.380952,19.0,0.333333,0.469975,0.947368,0.0,0.285714,86.009,56.924,2.644,2.336
cv_data4-7-10,7.0,6.0,0.857143,0.666667,0.0,1.0,1.0,1.0,1.0,1.0,0.0,3.0,26.0,10.2857,7.51597,0.380952,18.0,0.333333,0.494054,0.684211,0.0,0.428571,NaN,NaN,96.27,96.41
cv_data4-7-11,7.0,6.0,0.857143,0.666667,0.0,1.0,1.0,1.0,1.0,1.0,0.0,1.0,17.0,8.42857,5.60248,0.404762,21.0,0.333333,0.461313,0.526316,0.0,0.142857,1.432,0.76,0.3,0.112
cv_data4-7-12,7.0,6.0,0.857143,0.666667,0.0,1.0,1.0,1.0,1.0,1.0,0.0,3.0,22.0,11.0,7.11136,0.452381,22.0,0.333333,0.461533,0.789474,0.0,0.285714,NaN,NaN,247.307,275.873
cv_data4-7-13,7.0,6.0,0.857143,0.666667,0.0,1.0,1.0,1.0,1.0,1.0,0.0,1.0,17.0,9.14286,5.84144,0.333333,17.0,0.333333,0.485979,0.947368,0.0,0.285714,395.429,332.793,0.62,0.396
cv_data4-7-14,7.0,6.0,0.857143,0.666667,0.0,1.0,1.0,1.0,1.0,1.0,0.0,1.0,19.0,7.85714,5.69282,0.428571,21.0,0.333333,0.482235,0.842105,0.0,0.285714,11.865,11.733,11.353,4.988
cv_data4-7-15,7.0,6.0,0.857143,0.666667,0.0,1.0,1.0,1.0,1.0,1.0,0.0,1.0,16.0,8.42857,5.49954,0.380952,20.0,0.333333,0.451549,0.473684,0.0,0.142857,893.188,944.267,126.544,58.7
cv_data4-7-16,7.0,6.0,0.857143,0.666667,0.0,0.714286,0.714286,1.0,1.0,1.0,0.0,2.0,7.0,4.2,1.72047,0.214286,11.0,0.333333,0.511562,0.421053,0.0,0.285714,0.2,0.288,18.001,9.033
cv_data4-7-17,7.0,6.0,0.857143,0.666667,0.0,0.857143,0.857143,1.0,1.0,1.0,0.0,3.0,16.0,11.0,5.06623,0.357143,17.0,0.333333,0.485832,0.473684,0.0,0.571429,0.264,0.34,1.464,1.164
cv_data4-7-19,7.0,6.0,0.857143,0.666667,0.0,1.0,1.0,1.0,1.0,1.0,0.0,1.0,26.0,11.2857,7.86882,0.380952,18.0,0.333333,0.483666,0.736842,0.0,0.285714,30.118,30.686,12.541,5.98
cv_data4-7-2,7.0,6.0,0.857143,0.666667,0.0,1.0,1.0,1.0,1.0,1.0,0.0,1.0,19.0,8.57143,6.25316,0.404762,19.0,0.333333,0.485024,0.947368,0.0,0.285714,8.741,9.149,49.971,26.998
cv_data4-7-20,7.0,6.0,0.857143,0.666667,0.0,1.0,1.0,1.0,1.0,1.0,0.0,2.0,22.0,11.2857,6.88091,0.428571,21.0,0.333333,0.480436,0.631579,0.0,0.285714,2.372,3.352,0.192,1.008
cv_data4-7-21,7.0,6.0,0.857143,0.666667,0.0,1.0,1.0,1.0,1.0,1.0,0.0,1.0,21.0,7.14286,6.74915,0.428571,22.0,0.333333,0.43628,0.578947,0.0,0.0,11.193,10.981,17.837,17.009
cv_data4-7-22,7.0,6.0,0.857143,0.666667,0.0,1.0,1.0,1.0,1.0,1.0,0.0,1.0,19.0,8.42857,5.52545,0.404762,20.0,0.333333,0.47181,0.526316,0.0,0.428571,NaN,NaN,432.431,179.491
cv_data4-7-23,7.0,6.0,0.857143,0.666667,0.0,0.857143,0.857143,1.0,1.0,1.0,0.0,1.0,23.0,10.0,6.87992,0.309524,14.0,0.333333,0.518756,0.684211,0.0,0.428571,1.232,1.16,5.684,3.168
cv_data4-7-24,7.0,6.0,0.857143,0.666667,0.0,1.0,1.0,1.0,1.0,1.0,0.0,2.0,16.0,7.57143,4.43548,0.404762,20.0,0.333333,0.452613,0.473684,0.0,0.142857,0.488,0.332,0.26,0.124
cv_data4-7-25,7.0,6.0,0.857143,0.666667,0.0,1.0,1.0,1.0,1.0,1.0,0.0,1.0,25.0,8.28571,7.81417,0.380952,18.0,0.333333,0.480987,0.473684,0.0,0.142857,NaN,NaN,108.619,55.319
cv_data4-7-26,7.0,6.0,0.857143,0.666667,0.0,1.0,1.0,1.0,1.0,1.0,0.0,1.0,14.0,7.0,4.0,0.357143,18.0,0.333333,0.468544,0.789474,0.0,0.142857,5.748,5.26,40.315,32.738
cv_data4-7-27,7.0,6.0,0.857143,0.666667,0.0,1.0,1.0,1.0,1.0,1.0,0.0,1.0,26.0,10.2857,8.54759,0.452381,22.0,0.333333,0.479592,0.631579,0.0,0.142857,NaN,NaN,134.6,106.611
cv_data4-7-28,7.0,6.0,0.857143,0.666667,0.0,1.0,1.0,1.0,1.0,1.0,0.0,1.0,12.0,6.28571,4.06076,0.47619,25.0,0.333333,0.421451,0.526316,0.0,0.142857,0.936,0.688,0.344,0.364
cv_data4-7-29,7.0,6.0,0.857143,0.666667,0.0,1.0,1.0,1.0,1.0,1.0,0.0,2.0,22.0,8.57143,6.49961,0.357143,17.0,0.333333,0.499596,0.578947,0.0,0.285714,14.301,12.857,4.224,3.12
cv_data4-7-3,7.0,6.0,0.857143,0.666667,0.0,0.714286,0.714286,1.0,1.0,1.0,0.0,2.0,19.0,7.6,6.01997,0.309524,14.0,0.333333,0.492475,0.894737,0.0,0.142857,1.02,1.22,0.888,0.628
cv_data4-7-30,7.0,6.0,0.857143,0.666667,0.0,0.857143,0.857143,1.0,1.0,1.0,0.0,2.0,19.0,9.83333,5.14512,0.357143,17.0,0.333333,0.482125,0.578947,0.0,0.428571,4.6,1.408,0.432,0.352
cv_data4-7-31,7.0,6.0,0.857143,0.666667,0.0,1.0,1.0,1.0,1.0,1.0,0.0,1.0,9.0,4.71429,2.6573,0.380952,21.0,0.333333,0.438445,0.631579,0.0,0.142857,NaN,NaN,25.406,15.453
cv_data4-7-32,7.0,6.0,0.857143,0.666667,0.0,1.0,1.0,1.0,1.0,1.0,0.0,1.0,20.0,8.57143,6.09114,0.380952,19.0,0.333333,0.46803,0.789474,0.0,0.0,NaN,NaN,83.561,57.224
cv_data4-7-33,7.0,6.0,0.857143,0.666667,0.0,1.0,1.0,1.0,1.0,1.0,0.0,1.0,14.0,7.14286,4.94046,0.380952,19.0,0.333333,0.472177,0.736842,0.0,0.142857,934.406,1203.52,32.114,33.666
cv_data4-7-34,7.0,6.0,0.857143,0.666667,0.0,1.0,1.0,1.0,1.0,1.0,0.0,1.0,22.0,8.0,6.76123,0.357143,17.0,0.333333,0.480877,0.947368,0.0,0.142857,0.096,0.092,0.296,0.128
cv_data4-7-35,7.0,6.0,0.857143,0.666667,0.0,1.0,1.0,1.0,1.0,1.0,0.0,1.0,11.0,5.42857,3.45821,0.428571,22.0,0.333333,0.437931,0.368421,0.0,0.0,26.122,28.178,7.176,6.564
cv_data4-7-36,7.0,6.0,0.857143,0.666667,0.0,1.0,1.0,1.0,1.0,1.0,0.0,1.0,23.0,10.2857,7.9231,0.404762,19.0,0.333333,0.48095,0.578947,0.0,0.142857,0.192,0.684,0.936,1.308
cv_data4-7-37,7.0,6.0,0.857143,0.666667,0.0,1.0,1.0,1.0,1.0,1.0,0.0,1.0,13.0,6.0,3.70328,0.380952,19.0,0.333333,0.46546,0.736842,0.0,0.285714,201.793,259.488,21.665,35.174
cv_data4-7-38,7.0,6.0,0.857143,0.666667,0.0,1.0,1.0,1.0,1.0,1.0,0.0,1.0,23.0,8.85714,7.15998,0.333333,16.0,0.333333,0.472434,0.421053,0.0,0.142857,2.088,2.16,0.548,0.488
cv_data4-7-39,7.0,6.0,0.857143,0.666667,0.0,0.857143,0.857143,1.0,1.0,1.0,0.0,2.0,25.0,10.8333,8.19383,0.357143,16.0,0.333333,0.48407,0.736842,0.0,0.285714,604.022,702.224,129.468,50.035
cv_data4-7-4,7.0,6.0,0.857143,0.666667,0.0,1.0,1.0,1.0,1.0,1.0,0.0,1.0,22.0,8.71429,7.59162,0.428571,21.0,0.333333,0.48073,0.947368,0.0,0.0,3.68,14.881,2.924,1.304
cv_data4-7-40,7.0,6.0,0.857143,0.666667,0.0,1.0,1.0,1.0,1.0,1.0,0.0,1.0,17.0,8.57143,5.57692,0.380952,19.0,0.333333,0.481097,0.842105,0.0,0.285714,0.54,0.484,0.256,0.124
cv_data4-7-5,7.0,6.0,0.857143,0.666667,0.0,1.0,1.0,1.0,1.0,1.0,0.0,1.0,20.0,8.71429,5.64963,0.404762,20.0,0.333333,0.457862,0.578947,0.0,0.142857,46.455,44.535,76.485,29.214
cv_data4-7-6,7.0,6.0,0.857143,0.666667,0.0,1.0,1.0,1.0,1.0,1.0,0.0,3.0,18.0,9.42857,5.85191,0.5,26.0,0.333333,0.456688,0.473684,0.0,0.142857,2.244,4.272,11.713,8.173
cv_data4-7-7,7.0,6.0,0.857143,0.666667,0.0,1.0,1.0,1.0,1.0,1.0,0.0,2.0,16.0,8.28571,4.36592,0.452381,23.0,0.333333,0.464065,0.684211,0.0,0.142857,864.594,667.686,121.948,62.636
cv_data4-7-8,7.0,6.0,0.857143,0.666667,0.0,1.0,1.0,1.0,1.0,1.0,0.0,1.0,16.0,7.42857,5.42105,0.333333,17.0,0.333333,0.47816,0.684211,0.0,0.142857,1.912,2.408,0.78,0.596
cv_data4-7-9,7.0,6.0,0.857143,0.666667,0.0,1.0,1.0,1.0,1.0,1.0,0.0,1.0,16.0,7.0,5.60612,0.357143,18.0,0.333333,0.484657,0.789474,0.0,0.142857,0.456,0.408,0.94,0.552
cv_data5-10-19,10.0,7.0,0.7,0.714286,0.0,1.0,1.0,1.0,1.0,1.0,0.0,2.0,25.0,11.6,8.26075,0.457143,36.0,0.285714,0.48866,0.541667,0.0,0.2,NaN,NaN,1236.317,1059.75
cv_data5-10-23,10.0,7.0,0.7,0.714286,0.0,1.0,1.0,1.0,1.0,1.0,0.0,1.0,32.0,14.7,11.0639,0.457143,35.0,0.285714,0.460788,0.375,0.0,0.0,NaN,NaN,2579.769,556.423
cv_data5-10-32,10.0,7.0,0.7,0.714286,0.0,0.9,0.9,1.0,1.0,1.0,0.0,2.0,20.0,10.6667,5.07718,0.4,31.0,0.285714,0.511379,0.958333,0.0,0.5,NaN,NaN,2967.681,NaN
cv_data5-10-33,10.0,7.0,0.7,0.714286,0.0,1.0,1.0,1.0,1.0,1.0,0.0,1.0,28.0,14.4,8.61626,0.5,40.0,0.285714,0.484207,0.666667,0.0,0.2,NaN,NaN,NaN,3050.235
cv_data5-4-1,4.0,7.0,1.75,0.714286,0.0,1.0,1.0,1.0,1.0,1.0,0.0,3.0,9.0,5.5,2.29129,0.428571,16.0,0.285714,0.488916,0.444444,0.0,0.25,564.919,590.937,68.6,64.056
cv_data5-4-10,4.0,7.0,1.75,0.714286,0.0,1.0,1.0,1.0,1.0,1.0,0.0,3.0,13.0,7.0,3.937,0.428571,15.0,0.285714,0.509975,0.722222,0.0,0.0,0.564,0.588,0.308,0.296
cv_data5-4-12,4.0,7.0,1.75,0.714286,0.0,1.0,1.0,1.0,1.0,1.0,0.0,1.0,8.0,3.5,2.69258,0.428571,17.0,0.285714,0.494027,0.555556,0.0,0.0,46.627,42.235,61.76,57.784
cv_data5-4-13,4.0,7.0,1.75,0.714286,0.0,1.0,1.0,1.0,1.0,1.0,0.0,1.0,17.0,6.25,6.37868,0.464286,17.0,0.285714,0.473892,0.666667,0.0,0.0,NaN,NaN,320.532,242.255
cv_data5-4-14,4.0,7.0,1.75,0.714286,0.0,1.0,1.0,1.0,1.0,1.0,0.0,1.0,11.0,6.0,3.80789,0.535714,20.0,0.285714,0.46564,0.611111,0.0,0.25,NaN,NaN,1264.015,1259.867
cv_data5-4-15,4.0,7.0,1.75,0.714286,0.0,1.0,1.0,1.0,1.0,1.0,0.0,5.0,16.0,10.5,4.272,0.5,17.0,0.285714,0.543904,0.444444,0.0,0.5,NaN,NaN,60.304,60.66
cv_data5-4-16,4.0,7.0,1.75,0.714286,0.0,1.0,1.0,1.0,1.0,1.0,0.0,1.0,11.0,5.25,3.76663,0.5,18.0,0.285714,0.491749,0.5,0.0,0.25,338.085,289.334,28.646,35.018
cv_data5-4-17,4.0,7.0,1.75,0.714286,0.0,1.0,1.0,1.0,1.0,1.0,0.0,1.0,13.0,7.0,5.52268,0.5,18.0,0.285714,0.485283,0.611111,0.0,0.0,NaN,NaN,1124.37,1010.499
cv_data5-4-18,4.0,7.0,1.75,0.714286,0.0,0.75,0.75,1.0,1.0,1.0,0.0,2.0,8.0,5.0,2.44949,0.25,8.0,0.285714,0.555788,0.777778,0.0,0.5,0.388,0.34,1.372,1.876
cv_data5-4-20,4.0,7.0,1.75,0.714286,0.0,1.0,1.0,1.0,1.0,1.0,0.0,1.0,9.0,4.75,3.03109,0.428571,15.0,0.285714,0.505111,0.888889,0.0,0.25,417.706,541.146,7.048,21.585
cv_data5-4-21,4.0,7.0,1.75,0.714286,0.0,1.0,1.0,1.0,1.0,1.0,0.0,4.0,8.0,6.25,1.47902,0.5,19.0,0.285714,0.510222,0.777778,0.0,0.25,NaN,NaN,2854.162,2822.916
cv_data5-4-22,4.0,7.0,1.75,0.714286,0.0,1.0,1.0,1.0,1.0,1.0,0.0,4.0,9.0,6.25,1.92029,0.464286,17.0,0.285714,0.530419,0.833333,0.0,0.5,314.556,317.788,43.935,38.822
cv_data5-4-23,4.0,7.0,1.75,0.714286,0.0,1.0,1.0,1.0,1.0,1.0,0.0,1.0,11.0,6.0,3.80789,0.321429,11.0,0.285714,0.52032,0.777778,0.0,0.25,0.5,0.472,0.2,0.196
cv_data5-4-24,4.0,7.0,1.75,0.714286,0.0,1.0,1.0,1.0,1.0,1.0,0.0,1.0,13.0,5.75,4.76314,0.5,18.0,0.285714,0.462254,0.611111,0.0,0.25,NaN,NaN,282.866,265.525
cv_data5-4-25,4.0,7.0,1.75,0.714286,0.0,1.0,1.0,1.0,1.0,1.0,0.0,4.0,16.0,9.75,5.30919,0.464286,16.0,0.285714,0.546305,0.666667,0.0,0.5,NaN,NaN,233.355,201.601
cv_data5-4-27,4.0,7.0,1.75,0.714286,0.0,1.0,1.0,1.0,1.0,1.0,0.0,2.0,19.0,9.0,6.20484,0.5,17.0,0.285714,0.504557,0.666667,0.0,0.25,73.965,85.521,6.58,5.9
cv_data5-4-29,4.0,7.0,1.75,0.714286,0.0,1.0,1.0,1.0,1.0,1.0,0.0,4.0,11.0,7.25,2.86138,0.535714,20.0,0.285714,0.514286,0.777778,0.0,0.5,NaN,NaN,123.768,150.445
cv_data5-4-3,4.0,7.0,1.75,0.714286,0.0,1.0,1.0,1.0,1.0,1.0,0.0,4.0,16.0,8.25,4.60299,0.5,17.0,0.285714,0.515825,0.611111,0.0,0.5,NaN,NaN,202.321,187.94
cv_data5-4-30,4.0,7.0,1.75,0.714286,0.0,1.0,1.0,1.0,1.0,1.0,0.0,3.0,12.0,6.25,3.49106,0.464286,16.0,0.285714,0.499631,0.888889,0.0,0.25,2.472,2.82,2.3,2.04
cv_data5-4-31,4.0,7.0,1.75,0.714286,0.0,1.0,1.0,1.0,1.0,1.0,0.0,2.0,13.0,8.25,4.02337,0.464286,17.0,0.285714,0.543904,0.611111,0.0,0.75,2086.65,1950.48,298.295,276.989
cv_data5-4-32,4.0,7.0,1.75,0.714286,0.0,1.0,1.0,1.0,1.0,1.0,0.0,1.0,8.0,3.75,2.68095,0.5,19.0,0.285714,0.445751,0.333333,0.0,0.0,21.645,24.758,16.553,15.669
cv_data5-4-33,4.0,7.0,1.75,0.714286,0.0,1.0,1.0,1.0,1.0,1.0,0.0,3.0,12.0,8.5,3.3541,0.464286,16.0,0.285714,0.481281,0.388889,0.0,0.25,41.851,47.363,13.501,29.734
cv_data5-4-34,4.0,7.0,1.75,0.714286,0.0,1.0,1.0,1.0,1.0,1.0,0.0,1.0,15.0,8.25,5.26189,0.5,18.0,0.285714,0.504926,0.611111,0.0,0.25,NaN,NaN,969.093,976.633
cv_data5-4-35,4.0,7.0,1.75,0.714286,0.0,1.0,1.0,1.0,1.0,1.0,0.0,2.0,11.0,6.25,3.83243,0.464286,17.0,0.285714,0.490394,0.666667,0.0,0.0,618.047,528.217,68.704,128.564
cv_data5-4-36,4.0,7.0,1.75,0.714286,0.0,1.0,1.0,1.0,1.0,1.0,0.0,5.0,16.0,10.5,4.03113,0.5,17.0,0.285714,0.504433,0.666667,0.0,0.0,783.105,1015.33,175.423,162.726
cv_data5-4-37,4.0,7.0,1.75,0.714286,0.0,1.0,1.0,1.0,1.0,1.0,0.0,1.0,16.0,10.25,5.76086,0.5,17.0,0.285714,0.514717,0.666667,0.0,0.0,1.056,1.048,1.732,1.504
cv_data5-4-38,4.0,7.0,1.75,0.714286,0.0,1.0,1.0,1.0,1.0,1.0,0.0,1.0,11.0,4.25,3.96074,0.464286,16.0,0.285714,0.480973,0.444444,0.0,0.0,772.792,676.198,28.33,28.162
cv_data5-4-4,4.0,7.0,1.75,0.714286,0.0,1.0,1.0,1.0,1.0,1.0,0.0,4.0,17.0,9.75,5.11737,0.535714,19.0,0.285714,0.518103,0.777778,0.0,0.25,NaN,NaN,322.9,297.275
cv_data5-4-6,4.0,7.0,1.75,0.714286,0.0,1.0,1.0,1.0,1.0,1.0,0.0,1.0,10.0,6.0,3.39116,0.392857,14.0,0.285714,0.520628,0.611111,0.0,0.25,6.54,6.448,2.588,2.432
cv_data5-4-7,4.0,7.0,1.75,0.714286,0.0,1.0,1.0,1.0,1.0,1.0,0.0,1.0,11.0,6.5,3.64005,0.392857,14.0,0.285714,0.50234,0.5,0.0,0.25,5.904,5.772,32.91,28.43
cv_data5-4-9,4.0,7.0,1.75,0.714286,0.0,1.0,1.0,1.0,1.0,1.0,0.0,3.0,6.0,4.5,1.11803,0.428571,16.0,0.285714,0.488608,0.555556,0.0,0.5,234.323,258.888,42.911,43.839
cv_data5-5-10,5.0,7.0,1.4,0.714286,0.0,1.0,1.0,1.0,1.0,1.0,0.0,1.0,12.0,5.0,3.89872,0.428571,19.0,0.285714,0.476768,0.631579,0.0,0.0,NaN,NaN,92.846,62.912
cv_data5-5-11,5.0,7.0,1.4,0.714286,0.0,1.0,1.0,1.0,1.0,1.0,0.0,1.0,6.0,3.8,1.72047,0.4,17.0,0.285714,0.462424,0.473684,0.0,0.0,NaN,NaN,NaN,2891.773
cv_data5-5-12,5.0,7.0,1.4,0.714286,0.0,1.0,1.0,1.0,1.0,1.0,0.0,1.0,15.0,7.2,4.91528,0.428571,18.0,0.285714,0.492611,0.789474,0.0,0.4,NaN,NaN,224.286,213.965
cv_data5-5-13,5.0,7.0,1.4,0.714286,0.0,1.0,1.0,1.0,1.0,1.0,0.0,6.0,11.0,8.4,1.85472,0.514286,23.0,0.285714,0.466443,0.684211,0.0,0.4,NaN,NaN,1303.693,913.593
cv_data5-5-14,5.0,7.0,1.4,0.714286,0.0,1.0,1.0,1.0,1.0,1.0,0.0,4.0,12.0,8.6,2.87054,0.485714,21.0,0.285714,0.485951,0.421053,0.0,0.2,NaN,NaN,364.819,290.018
cv_data5-5-15,5.0,7.0,1.4,0.714286,0.0,1.0,1.0,1.0,1.0,1.0,0.0,1.0,10.0,4.6,3.38231,0.457143,19.0,0.285714,0.472828,0.631579,0.0,0.0,NaN,NaN,1089.456,802.942
cv_data5-5-16,5.0,7.0,1.4,0.714286,0.0,1.0,1.0,1.0,1.0,1.0,0.0,1.0,16.0,7.0,5.93296,0.4,16.0,0.285714,0.475271,0.736842,0.0,0.0,NaN,NaN,371.783,250.328
cv_data5-5-17,5.0,7.0,1.4,0.714286,0.0,1.0,1.0,1.0,1.0,1.0,0.0,3.0,8.0,5.6,1.85472,0.457143,21.0,0.285714,0.459783,0.894737,0.0,0.0,NaN,NaN,33.714,28.894
cv_data5-5-18,5.0,7.0,1.4,0.714286,0.0,1.0,1.0,1.0,1.0,1.0,0.0,2.0,9.0,6.0,2.44949,0.428571,19.0,0.285714,0.497419,0.526316,0.0,0.4,358.538,453.3,147.785,299.363
cv_data5-5-19,5.0,7.0,1.4,0.714286,0.0,1.0,1.0,1.0,1.0,1.0,0.0,3.0,17.0,7.6,5.004,0.485714,22.0,0.285714,0.463133,0.526316,0.0,0.2,1861.84,1449.08,11.777,7.856
cv_data5-5-20,5.0,7.0,1.4,0.714286,0.0,1.0,1.0,1.0,1.0,1.0,0.0,1.0,16.0,5.8,5.49181,0.428571,17.0,0.285714,0.488828,0.473684,0.0,0.2,735.558,642.92,116.039,84.897
cv_data5-5-21,5.0,7.0,1.4,0.714286,0.0,1.0,1.0,1.0,1.0,1.0,0.0,1.0,16.0,7.0,5.93296,0.457143,19.0,0.285714,0.487921,0.526316,0.0,0.2,NaN,NaN,244.363,205.309
cv_data5-5-22,5.0,7.0,1.4,0.714286,0.0,1.0,1.0,1.0,1.0,1.0,0.0,1.0,16.0,7.2,5.84466,0.428571,19.0,0.285714,0.484296,0.421053,0.0,0.2,NaN,NaN,95.806,79.885
cv_data5-5-23,5.0,7.0,1.4,0.714286,0.0,1.0,1.0,1.0,1.0,1.0,0.0,1.0,12.0,5.4,4.31741,0.4,17.0,0.285714,0.506167,0.736842,0.0,0.2,70.788,69.408,7.152,6.016
cv_data5-5-24,5.0,7.0,1.4,0.714286,0.0,1.0,1.0,1.0,1.0,1.0,0.0,2.0,12.0,6.4,3.61109,0.514286,23.0,0.285714,0.445596,0.368421,0.0,0.2,0.632,0.468,0.792,0.788
cv_data5-5-25,5.0,7.0,1.4,0.714286,0.0,0.8,0.8,1.0,1.0,1.0,0.0,2.0,15.0,7.75,4.71036,0.428571,17.0,0.285714,0.505222,0.526316,0.0,0.4,NaN,NaN,506.316,573.432
cv_data5-5-27,5.0,7.0,1.4,0.714286,0.0,1.0,1.0,1.0,1.0,1.0,0.0,2.0,14.0,9.2,4.53431,0.514286,23.0,0.285714,0.490286,0.684211,0.0,0.4,NaN,NaN,2993.091,2180.444
cv_data5-5-28,5.0,7.0,1.4,0.714286,0.0,1.0,1.0,1.0,1.0,1.0,0.0,2.0,19.0,7.4,6.08605,0.457143,19.0,0.285714,0.497813,0.578947,0.0,0.0,NaN,NaN,2240.964,NaN
cv_data5-5-29,5.0,7.0,1.4,0.714286,0.0,1.0,1.0,1.0,1.0,1.0,0.0,1.0,14.0,6.0,5.09902,0.485714,21.0,0.285714,0.445557,0.578947,0.0,0.0,NaN,NaN,1960.979,1565.862
cv_data5-5-3,5.0,7.0,1.4,0.714286,0.0,1.0,1.0,1.0,1.0,1.0,0.0,1.0,9.0,4.4,3.07246,0.485714,21.0,0.285714,0.432355,0.473684,0.0,0.2,33.914,22.693,1.492,1.396
cv_data5-5-30,5.0,7.0,1.4,0.714286,0.0,1.0,1.0,1.0,1.0,1.0,0.0,1.0,14.0,7.8,4.9558,0.4,16.0,0.285714,0.538719,0.789474,0.0,0.2,NaN,NaN,1173.737,1168.273
cv_data5-5-31,5.0,7.0,1.4,0.714286,0.0,1.0,1.0,1.0,1.0,1.0,0.0,1.0,17.0,9.2,5.45527,0.542857,23.0,0.285714,0.472079,0.842105,0.0,0.0,NaN,NaN,967.488,761.496
cv_data5-5-32,5.0,7.0,1.4,0.714286,0.0,1.0,1.0,1.0,1.0,1.0,0.0,3.0,18.0,8.8,5.41849,0.457143,18.0,0.285714,0.508966,0.631579,0.0,0.4,NaN,NaN,744.599,667.818
cv_data5-5-33,5.0,7.0,1.4,0.714286,0.0,1.0,1.0,1.0,1.0,1.0,0.0,3.0,14.0,8.2,4.53431,0.542857,24.0,0.285714,0.461714,0.842105,0.0,0.0,NaN,NaN,442.524,404.633
cv_data5-5-36,5.0,7.0,1.4,0.714286,0.0,1.0,1.0,1.0,1.0,1.0,0.0,3.0,9.0,6.2,2.13542,0.457143,20.0,0.285714,0.454345,0.789474,0.0,0.0,NaN,NaN,922.322,638.1
cv_data5-5-37,5.0,7.0,1.4,0.714286,0.0,1.0,1.0,1.0,1.0,1.0,0.0,2.0,13.0,6.2,4.16653,0.4,16.0,0.285714,0.512394,0.947368,0.0,0.2,NaN,NaN,176.123,145.557
cv_data5-5-38,5.0,7.0,1.4,0.714286,0.0,0.8,0.8,1.0,1.0,1.0,0.0,2.0,15.0,9.25,5.11737,0.4,15.0,0.285714,0.518345,0.842105,0.0,0.2,380.444,349.482,44.291,29.462
cv_data5-5-39,5.0,7.0,1.4,0.714286,0.0,1.0,1.0,1.0,1.0,1.0,0.0,2.0,13.0,6.2,3.96989,0.4,16.0,0.285714,0.527094,0.789474,0.0,0.2,2184.39,1915.32,275.541,189.14
cv_data5-5-4,5.0,7.0,1.4,0.714286,0.0,1.0,1.0,1.0,1.0,1.0,0.0,2.0,16.0,6.4,5.08331,0.485714,21.0,0.285714,0.48197,0.947368,0.0,0.0,2020.47,1755.28,86.217,63.828
cv_data5-5-40,5.0,7.0,1.4,0.714286,0.0,1.0,1.0,1.0,1.0,1.0,0.0,1.0,15.0,7.6,4.96387,0.457143,20.0,0.285714,0.521537,0.842105,0.0,0.2,1629.71,1423.57,33.094,34.242
cv_data5-5-5,5.0,7.0,1.4,0.714286,0.0,1.0,1.0,1.0,1.0,1.0,0.0,3.0,17.0,9.4,4.84149,0.485714,20.0,0.285714,0.520315,0.421053,0.0,0.6,NaN,NaN,503.075,332.769
cv_data5-5-6,5.0,7.0,1.4,0.714286,0.0,1.0,1.0,1.0,1.0,1.0,0.0,1.0,19.0,8.0,6.22896,0.428571,17.0,0.285714,0.496,0.684211,0.0,0.2,NaN,NaN,431.859,340.801
cv_data5-5-7,5.0,7.0,1.4,0.714286,0.0,1.0,1.0,1.0,1.0,1.0,0.0,1.0,20.0,7.2,6.79412,0.457143,18.0,0.285714,0.490167,0.894737,0.0,0.2,1469.89,1034.31,83.229,61.068
cv_data5-5-8,5.0,7.0,1.4,0.714286,0.0,1.0,1.0,1.0,1.0,1.0,0.0,1.0,15.0,6.2,4.9558,0.4,16.0,0.285714,0.507586,0.526316,0.0,0.2,NaN,NaN,333.969,251.252
cv_data5-5-9,5.0,7.0,1.4,0.714286,0.0,0.8,0.8,1.0,1.0,1.0,0.0,1.0,14.0,5.5,5.02494,0.285714,11.0,0.285714,0.530601,0.631579,0.0,0.4,0.584,0.484,0.296,1.208
cv_data5-6-11,6.0,7.0,1.16667,0.714286,0.0,1.0,1.0,1.0,1.0,1.0,0.0,3.0,18.0,9.5,5.34634,0.428571,21.0,0.285714,0.488205,0.5,0.0,0.333333,22.521,24.926,32.982,19.305
cv_data5-6-19,6.0,7.0,1.16667,0.714286,0.0,1.0,1.0,1.0,1.0,1.0,0.0,1.0,11.0,4.83333,3.23608,0.380952,20.0,0.285714,0.454953,0.55,0.0,0.0,NaN,NaN,3121.263,3253.375
cv_data5-6-2,6.0,7.0,1.16667,0.714286,0.0,0.833333,0.833333,1.0,1.0,1.0,0.0,2.0,15.0,7.6,4.75815,0.380952,18.0,0.285714,0.5052,0.65,0.0,0.166667,NaN,NaN,142.021,80.553
cv_data5-6-20,6.0,7.0,1.16667,0.714286,0.0,1.0,1.0,1.0,1.0,1.0,0.0,1.0,18.0,6.5,6.07591,0.404762,19.0,0.285714,0.503722,0.75,0.0,0.166667,NaN,NaN,1852.048,1032.337
cv_data5-6-22,6.0,7.0,1.16667,0.714286,0.0,1.0,1.0,1.0,1.0,1.0,0.0,2.0,14.0,6.5,4.11299,0.452381,23.0,0.285714,0.484346,0.85,0.0,0.166667,NaN,NaN,135.804,102.822
cv_data5-6-25,6.0,7.0,1.16667,0.714286,0.0,1.0,1.0,1.0,1.0,1.0,0.0,2.0,18.0,7.0,5.41603,0.47619,23.0,0.285714,0.488889,0.7,0.0,0.166667,NaN,NaN,686.015,299.055
cv_data5-6-26,6.0,7.0,1.16667,0.714286,0.0,1.0,1.0,1.0,1.0,1.0,0.0,1.0,13.0,4.83333,3.97562,0.547619,29.0,0.285714,0.436946,0.45,0.0,0.0,NaN,NaN,1242.33,1144.932
cv_data5-6-28,6.0,7.0,1.16667,0.714286,0.0,1.0,1.0,1.0,1.0,1.0,0.0,1.0,15.0,7.83333,5.39804,0.47619,23.0,0.285714,0.479201,0.45,0.0,0.0,502.687,532.821,148.685,94.706
cv_data5-6-30,6.0,7.0,1.16667,0.714286,0.0,1.0,1.0,1.0,1.0,1.0,0.0,1.0,19.0,11.1667,5.98377,0.428571,20.0,0.285714,0.502791,0.8,0.0,0.333333,NaN,NaN,1011.107,696.028
cv_data5-6-31,6.0,7.0,1.16667,0.714286,0.0,1.0,1.0,1.0,1.0,1.0,0.0,2.0,15.0,7.16667,5.2731,0.428571,22.0,0.285714,0.486617,0.5,0.0,0.166667,NaN,NaN,2419.015,1421.457
cv_data5-6-33,6.0,7.0,1.16667,0.714286,0.0,1.0,1.0,1.0,1.0,1.0,0.0,3.0,17.0,8.16667,4.52462,0.5,26.0,0.285714,0.478736,0.65,0.0,0.333333,NaN,NaN,3046.198,2126.257
cv_data5-6-35,6.0,7.0,1.16667,0.714286,0.0,1.0,1.0,1.0,1.0,1.0,0.0,4.0,11.0,8.0,2.38048,0.5,26.0,0.285714,0.468774,0.45,0.0,0.5,NaN,NaN,2532.15,2689.408
cv_data5-6-37,6.0,7.0,1.16667,0.714286,0.0,1.0,1.0,1.0,1.0,1.0,0.0,2.0,14.0,9.0,3.91578,0.452381,23.0,0.285714,0.48139,0.45,0.0,0.333333,NaN,NaN,NaN,3195.648
cv_data5-6-5,6.0,7.0,1.16667,0.714286,0.0,1.0,1.0,1.0,1.0,1.0,0.0,1.0,15.0,7.83333,5.17741,0.52381,27.0,0.285714,0.484319,0.5,0.0,0.166667,NaN,NaN,1595.128,941.507
cv_data5-6-6,6.0,7.0,1.16667,0.714286,0.0,1.0,1.0,1.0,1.0,1.0,0.0,1.0,21.0,12.0,7.78888,0.428571,21.0,0.285714,0.491845,0.4,0.0,0.166667,1341.13,1294.58,9.777,4.708
cv_data5-6-7,6.0,7.0,1.16667,0.714286,0.0,1.0,1.0,1.0,1.0,1.0,0.0,1.0,23.0,9.66667,8.03465,0.47619,23.0,0.285714,0.498604,0.75,0.0,0.0,NaN,NaN,159.95,169.227
cv_data5-6-8,6.0,7.0,1.16667,0.714286,0.0,0.833333,0.833333,1.0,1.0,1.0,0.0,6.0,12.0,9.4,2.15407,0.428571,20.0,0.285714,0.518446,0.75,0.0,0.5,NaN,NaN,245.599,189.796
cv_data5-7-1,7.0,7.0,1.0,0.714286,0.0,1.0,1.0,1.0,1.0,1.0,0.0,3.0,27.0,9.71429,7.66652,0.387755,22.0,0.285714,0.51883,0.666667,0.0,0.142857,9.765,13.801,7.016,6.524
cv_data5-7-11,7.0,7.0,1.0,0.714286,0.0,1.0,1.0,1.0,1.0,1.0,0.0,2.0,26.0,9.28571,7.24498,0.469388,26.0,0.285714,0.49625,0.857143,0.0,0.142857,NaN,NaN,74.173,50.827
cv_data5-7-12,7.0,7.0,1.0,0.714286,0.0,1.0,1.0,1.0,1.0,1.0,0.0,4.0,15.0,8.71429,3.69224,0.489796,29.0,0.285714,0.476666,0.666667,0.0,0.428571,NaN,NaN,798.354,1146.04
cv_data5-7-13,7.0,7.0,1.0,0.714286,0.0,1.0,1.0,1.0,1.0,1.0,0.0,1.0,14.0,8.0,4.0,0.44898,27.0,0.285714,0.460842,0.428571,0.0,0.142857,NaN,NaN,794.39,851.317
cv_data5-7-15,7.0,7.0,1.0,0.714286,0.0,1.0,1.0,1.0,1.0,1.0,0.0,1.0,18.0,7.42857,5.36808,0.469388,27.0,0.285714,0.468583,0.761905,0.0,0.142857,293.238,312.476,135.993,78.257
cv_data5-7-16,7.0,7.0,1.0,0.714286,0.0,1.0,1.0,1.0,1.0,1.0,0.0,1.0,18.0,7.14286,5.98638,0.408163,23.0,0.285714,0.465447,0.52381,0.0,0.0,55.755,72.869,120.464,88.306
cv_data5-7-18,7.0,7.0,1.0,0.714286,0.0,1.0,1.0,1.0,1.0,1.0,0.0,1.0,25.0,9.42857,7.30669,0.530612,32.0,0.285714,0.447874,0.333333,0.0,0.142857,NaN,NaN,85.773,110.471
cv_data5-7-19,7.0,7.0,1.0,0.714286,0.0,1.0,1.0,1.0,1.0,1.0,0.0,2.0,14.0,6.57143,3.8492,0.428571,24.0,0.285714,0.471137,0.571429,0.0,0.142857,NaN,NaN,314.256,169.831
cv_data5-7-22,7.0,7.0,1.0,0.714286,0.0,0.857143,0.857143,1.0,1.0,1.0,0.0,1.0,9.0,5.16667,2.91071,0.367347,21.0,0.285714,0.499889,0.333333,0.0,0.428571,71.172,65.408,7.788,15.089
cv_data5-7-31,7.0,7.0,1.0,0.714286,0.0,0.857143,0.857143,1.0,1.0,1.0,0.0,1.0,15.0,8.5,5.18813,0.408163,22.0,0.285714,0.466432,0.47619,0.0,0.142857,NaN,NaN,1194.343,632.019
cv_data5-7-32,7.0,7.0,1.0,0.714286,0.0,1.0,1.0,1.0,1.0,1.0,0.0,3.0,24.0,11.8571,7.29831,0.510204,30.0,0.285714,0.497778,0.904762,0.0,0.285714,NaN,NaN,NaN,2907.326
cv_data5-7-33,7.0,7.0,1.0,0.714286,0.0,1.0,1.0,1.0,1.0,1.0,0.0,1.0,30.0,12.1429,8.93514,0.510204,30.0,0.285714,0.495466,0.714286,0.0,0.285714,NaN,NaN,668.422,1496.738
cv_data5-7-36,7.0,7.0,1.0,0.714286,0.0,1.0,1.0,1.0,1.0,1.0,0.0,2.0,28.0,11.1429,9.6574,0.489796,29.0,0.285714,0.502121,0.857143,0.0,0.428571,NaN,NaN,907.445,675.686
cv_data5-7-37,7.0,7.0,1.0,0.714286,0.0,0.857143,0.857143,1.0,1.0,1.0,0.0,1.0,30.0,10.6667,9.99444,0.387755,20.0,0.285714,0.500875,0.666667,0.0,0.285714,156.866,137.417,75.369,96.022
cv_data5-7-4,7.0,7.0,1.0,0.714286,0.0,1.0,1.0,1.0,1.0,1.0,0.0,2.0,25.0,11.1429,6.87498,0.408163,22.0,0.285714,0.495989,0.904762,0.0,0.142857,964.04,808.547,599.933,368.859
cv_data5-7-40,7.0,7.0,1.0,0.714286,0.0,1.0,1.0,1.0,1.0,1.0,0.0,2.0,28.0,10.7143,8.31031,0.510204,29.0,0.285714,0.46798,0.714286,0.0,0.0,NaN,NaN,NaN,1961.883
cv_data5-7-7,7.0,7.0,1.0,0.714286,0.0,1.0,1.0,1.0,1.0,1.0,0.0,2.0,26.0,13.7143,7.75913,0.428571,24.0,0.285714,0.522811,0.666667,0.0,0.285714,NaN,NaN,577.132,524.621
cv_data5-8-19,8.0,7.0,0.875,0.714286,0.0,1.0,1.0,1.0,1.0,1.0,0.0,1.0,36.0,13.25,11.5081,0.446429,27.0,0.285714,0.48419,0.772727,0.0,0.125,NaN,NaN,NaN,2413.111
cv_data5-8-2,8.0,7.0,0.875,0.714286,0.0,1.0,1.0,1.0,1.0,1.0,0.0,1.0,32.0,15.75,9.09327,0.446429,27.0,0.285714,0.498337,0.863636,0.0,0.125,NaN,NaN,936.483,391.54
cv_data5-8-25,8.0,7.0,0.875,0.714286,0.0,1.0,1.0,1.0,1.0,1.0,0.0,3.0,27.0,14.375,9.2997,0.446429,28.0,0.285714,0.466502,0.454545,0.0,0.25,NaN,NaN,3512.672,3370.827
cv_data5-8-29,8.0,7.0,0.875,0.714286,0.0,1.0,1.0,1.0,1.0,1.0,0.0,1.0,26.0,9.875,7.95986,0.410714,27.0,0.285714,0.481404,0.363636,0.0,0.25,126.476,281.102,68.272,49.343
cv_data5-8-3,8.0,7.0,0.875,0.714286,0.0,1.0,1.0,1.0,1.0,1.0,0.0,2.0,28.0,11.875,7.81725,0.5,34.0,0.285714,0.467811,0.727273,0.0,0.25,NaN,NaN,1574.23,508.596
cv_data5-8-36,8.0,7.0,0.875,0.714286,0.0,1.0,1.0,1.0,1.0,1.0,0.0,1.0,33.0,12.75,10.779,0.446429,27.0,0.285714,0.488932,0.681818,0.0,0.25,NaN,NaN,2910.83,1556.549
cv_data5-8-38,8.0,7.0,0.875,0.714286,0.0,1.0,1.0,1.0,1.0,1.0,0.0,3.0,25.0,12.5,6.76387,0.482143,31.0,0.285714,0.47694,0.772727,0.0,0.125,NaN,NaN,2471.762,1874.097
cv_data5-8-39,8.0,7.0,0.875,0.714286,0.0,1.0,1.0,1.0,1.0,1.0,0.0,1.0,21.0,9.375,7.39827,0.464286,30.0,0.285714,0.471444,0.818182,0.0,0.25,NaN,NaN,2529.79,1526.903
cv_data5-8-4,8.0,7.0,0.875,0.714286,0.0,1.0,1.0,1.0,1.0,1.0,0.0,2.0,22.0,10.875,7.37288,0.464286,30.0,0.285714,0.479895,0.454545,0.0,0.125,NaN,NaN,1656.592,1792.312
cv_data5-8-6,8.0,7.0,0.875,0.714286,0.0,1.0,1.0,1.0,1.0,1.0,0.0,1.0,18.0,7.5,5.5,0.446429,30.0,0.285714,0.462962,0.818182,0.0,0.0,NaN,NaN,1610.869,1532.88
cv_data5-8-8,8.0,7.0,0.875,0.714286,0.0,1.0,1.0,1.0,1.0,1.0,0.0,2.0,18.0,9.25,5.23808,0.428571,29.0,0.285714,0.475015,0.363636,0.0,0.375,NaN,NaN,348.75,359.362
cv_data5-9-10,9.0,7.0,0.777778,0.714286,0.0,1.0,1.0,1.0,1.0,1.0,0.0,2.0,23.0,10.0,6.84755,0.412698,31.0,0.285714,0.471848,0.869565,0.0,0.222222,NaN,NaN,675.93,514.58
cv_data5-9-21,9.0,7.0,0.777778,0.714286,0.0,1.0,1.0,1.0,1.0,1.0,0.0,1.0,28.0,9.22222,7.64167,0.365079,27.0,0.285714,0.467494,0.956522,0.0,0.0,NaN,NaN,848.305,608.694
cv_data5-9-3,9.0,7.0,0.777778,0.714286,0.0,1.0,1.0,1.0,1.0,1.0,0.0,1.0,21.0,7.88889,6.13631,0.47619,35.0,0.285714,0.439956,0.652174,0.0,0.0,NaN,NaN,NaN,3576.584
cv_data5-9-32,9.0,7.0,0.777778,0.714286,0.0,1.0,1.0,1.0,1.0,1.0,0.0,3.0,31.0,15.3333,8.65384,0.444444,31.0,0.285714,0.490069,0.869565,0.0,0.222222,NaN,NaN,NaN,1377.438
cv_data5-9-38,9.0,7.0,0.777778,0.714286,0.0,1.0,1.0,1.0,1.0,1.0,0.0,2.0,25.0,13.4444,8.26117,0.492063,37.0,0.285714,0.487733,0.608696,0.0,0.0,NaN,NaN,NaN,1108.917
cv_data5-9-4,9.0,7.0,0.777778,0.714286,0.0,1.0,1.0,1.0,1.0,1.0,0.0,5.0,20.0,10.4444,4.64545,0.412698,30.0,0.285714,0.502427,0.608696,0.0,0.333333,NaN,NaN,3253.151,1466.84
