Instance,CV
CircuitDebuggingProblems/ac97_ctrl-debug.dimacs.wcnf,2.0
CircuitDebuggingProblems/divider-debug.dimacs.wcnf,7.0
CircuitDebuggingProblems/mem_ctrl-debug.dimacs.wcnf,7.0
CircuitDebuggingProblems/mrisc-debug.dimacs.wcnf,3.0
CircuitDebuggingProblems/rsdecoder-debug.dimacs.wcnf,5.0
CircuitDebuggingProblems/spi-debug.dimacs.wcnf,9.0
CircuitDebuggingProblems/sudoku-debug.dimacs.wcnf,2.0
CircuitDebuggingProblems/vga-debug.dimacs.wcnf,2.0
CircuitDebuggingProblems/wb-debug.dimacs.wcnf,3.0
CircuitTraceCompaction/ctrl.wcnf,3.0
CircuitTraceCompaction/mrisc_mem2wire.wcnf,9.0
CircuitTraceCompaction/spi.wcnf,6.0
CircuitTraceCompaction/sudoku.wcnf,4.0
ConsistentQueryAnswering/real-5.wcnf,1.0
ConsistentQueryAnswering/real-6.wcnf,3.0
ConsistentQueryAnswering/synthetic-12.wcnf,5.0
ConsistentQueryAnswering/synthetic-14.wcnf,8.0
ConsistentQueryAnswering/synthetic-21.wcnf,4.0
HaplotypeAssembly/splitedReads_0.matrix.wcnf,3.0
HaplotypeAssembly/splitedReads_158.matrix.wcnf,10.0
HaplotypeAssembly/splitedReads_160.matrix.wcnf,8.0
HaplotypeAssembly/splitedReads_18.matrix.wcnf,10.0
HaplotypeAssembly/splitedReads_414.matrix.wcnf,7.0
MaxSATQueriesinInterpretableClassifiers/adult_train_1_DNF_2_1.wcnf,2.0
MaxSATQueriesinInterpretableClassifiers/adult_train_5_CNF_2_1.wcnf,2.0
MaxSATQueriesinInterpretableClassifiers/adult_train_8_CNF_3_1.wcnf,10.0
MaxSATQueriesinInterpretableClassifiers/compas_train_1_CNF_5_1.wcnf,4.0
MaxSATQueriesinInterpretableClassifiers/compas_train_8_CNF_2_1.wcnf,10.0
MaxSATQueriesinInterpretableClassifiers/compas_train_9_DNF_3_1.wcnf,8.0
MaxSATQueriesinInterpretableClassifiers/credit_train_0_CNF_4_1.wcnf,10.0
MaxSATQueriesinInterpretableClassifiers/credit_train_1_CNF_5_1.wcnf,7.0
MaxSATQueriesinInterpretableClassifiers/heart_train_0_DNF_2_1.wcnf,10.0
MaxSATQueriesinInterpretableClassifiers/heart_train_0_DNF_3_1.wcnf,2.0
MaxSATQueriesinInterpretableClassifiers/ilpd_train_4_CNF_2_1.wcnf,4.0
MaxSATQueriesinInterpretableClassifiers/ionosphere_train_1_CNF_5_1.wcnf,10.0
MaxSATQueriesinInterpretableClassifiers/ionosphere_train_1_DNF_1_1.wcnf,1.0
MaxSATQueriesinInterpretableClassifiers/ionosphere_train_2_CNF_2_1.wcnf,6.0
MaxSATQueriesinInterpretableClassifiers/parkinsons_train_6_DNF_4_1.wcnf,7.0
MaxSATQueriesinInterpretableClassifiers/pima_train_5_CNF_2_1.wcnf,3.0
MaxSATQueriesinInterpretableClassifiers/tictactoe_train_1_CNF_3_1.wcnf,4.0
MaxSATQueriesinInterpretableClassifiers/tictactoe_train_3_DNF_1_1.wcnf,1.0
MaxSATQueriesinInterpretableClassifiers/titanic_train_0_CNF_4_1.wcnf,10.0
MaxSATQueriesinInterpretableClassifiers/titanic_train_1_CNF_2_1.wcnf,2.0
MaxSATQueriesinInterpretableClassifiers/titanic_train_1_CNF_5_1.wcnf,6.0
MaxSATQueriesinInterpretableClassifiers/titanic_train_9_CNF_2_1.wcnf,6.0
MaxSATQueriesinInterpretableClassifiers/toms_test_0_CNF_4_1.wcnf,2.0
MaxSATQueriesinInterpretableClassifiers/toms_test_1_DNF_5_1.wcnf,3.0
MaxSATQueriesinInterpretableClassifiers/toms_train_2_CNF_5_1.wcnf,3.0
MaxSATQueriesinInterpretableClassifiers/twitter_test_0_CNF_2_1.wcnf,4.0
MaxSATQueriesinInterpretableClassifiers/twitter_test_1_CNF_5_1.wcnf,9.0
MaxSATQueriesinInterpretableClassifiers/twitter_test_9_CNF_4_1.wcnf,1.0
MaxSATQueriesinInterpretableClassifiers/wdbc_train_0_CNF_3_1.wcnf,1.0
MaxSATQueriesinInterpretableClassifiers/wdbc_train_1_CNF_1_1.wcnf,6.0
MaximumCommonSub-GraphExtraction/g2_n26e25_n48e52.wcnf,6.0
MaximumCommonSub-GraphExtraction/g2_n37e45_n71e77.wcnf,2.0
MaximumCommonSub-GraphExtraction/g2_n38e39_n146e164.wcnf,7.0
MaximumCommonSub-GraphExtraction/g2_n38e52_n53e67.wcnf,1.0
MaximumCommonSub-GraphExtraction/g2_n42e55_n44e53.wcnf,2.0
MaximumCommonSub-GraphExtraction/g2_n44e59_n69e83.wcnf,8.0
MaximumCommonSub-GraphExtraction/g2_n45e48_n47e54.wcnf,1.0
MaximumCommonSub-GraphExtraction/g2_n50e50_n58e61.wcnf,3.0
MaximumCommonSub-GraphExtraction/g2_n61e85_n120e154.wcnf,10.0
MaximumCommonSub-GraphExtraction/g2_n67e83_n68e73.wcnf,9.0
MaximumCommonSub-GraphExtraction/g2_n92e110_n96e105.wcnf,7.0
MaximumCommonSub-GraphExtraction/g3_n26e25_n27e26_n42e48.wcnf,4.0
MaximumCommonSub-GraphExtraction/g3_n30e43_n32e44_n40e53.wcnf,8.0
MaximumCommonSub-GraphExtraction/g3_n30e43_n40e53_n44e48.wcnf,5.0
MaximumCommonSub-GraphExtraction/g3_n34e43_n59e60_n71e84.wcnf,2.0
MaximumCommonSub-GraphExtraction/g3_n35e48_n41e57_n56e65.wcnf,8.0
MaximumCommonSub-GraphExtraction/g3_n37e36_n37e35_n39e39.wcnf,3.0
MaximumCommonSub-GraphExtraction/g3_n39e39_n81e90_n91e99.wcnf,10.0
MaximumCommonSub-GraphExtraction/g3_n39e42_n61e85_n72e77.wcnf,5.0
MaximumCommonSub-GraphExtraction/g3_n52e77_n57e74_n58e75.wcnf,8.0
MaximumCommonSub-GraphExtraction/g3_n66e77_n66e72_n94e112.wcnf,1.0
MaximumCommonSub-GraphExtraction/g3_n66e77_n74e84_n94e112.wcnf,2.0
MaximumCommonSub-GraphExtraction/g3_n67e86_n89e98_n130e150.wcnf,10.0
MaximumCommonSub-GraphExtraction/g4_n47e57_n58e61_n133e169_n141e184.wcnf,9.0
MaximumCommonSub-GraphExtraction/g4_n58e71_n61e85_n100e127_n104e131.wcnf,8.0
MaximumCommonSub-GraphExtraction/g4_n69e80_n69e80_n69e80_n79e87.wcnf,10.0
MaximumCommonSub-GraphExtraction/g5_n39e38_n43e43_n61e61_n67e68_n82e119.wcnf,7.0
MaximumCommonSub-GraphExtraction/g6_n25e24_n28e29_n32e33_n37e37_n38e39_n40e39.wcnf,7.0
MaximumCommonSub-GraphExtraction/g7_n13e12_n13e12_n13e12_n13e12_n14e13_n15e14_n24e31.wcnf,8.0
MaximumCommonSub-GraphExtraction/g8_n44e59_n44e58_n47e63_n58e76_n67e94_n75e107_n123e161_n133e175.wcnf,1.0
SeanSafarpour/c6_DD_s3_f1_e2_v1-bug-fourvec-gate-0.dimacs.seq.filtered.wcnf,6.0
SeanSafarpour/divider-problem.dimacs_2.filtered.wcnf,8.0
SeanSafarpour/dividers1.dimacs.filtered.wcnf,5.0
SeanSafarpour/dividers9.dimacs.filtered.wcnf,6.0
SeanSafarpour/fpu8-problem.dimacs_24.filtered.wcnf,4.0
SeanSafarpour/mem_ctrl1.dimacs.filtered.wcnf,3.0
SeanSafarpour/rsdecoder-problem.dimacs_34.filtered.wcnf,9.0
SeanSafarpour/rsdecoder_fsm1.dimacs.filtered.wcnf,6.0
SeanSafarpour/spi-problem.dimacs_42.filtered.wcnf,5.0
SeanSafarpour/wb1.dimacs.filtered.wcnf,6.0
SeanSafarpour/wb_4m8s3.dimacs.filtered.wcnf,8.0
SeanSafarpour/wb_conmax3.dimacs.filtered.wcnf,3.0
aes-key-recovery/AES1-30-5.wcnf,5.0
aes-key-recovery/AES1-40-6.wcnf,6.0
aes-key-recovery/AES1-40-7.wcnf,7.0
aes-key-recovery/AES1-60-17.wcnf,1.0
aes-key-recovery/AES1-70-24.wcnf,7.0
aes-key-recovery/AES1-76-37.wcnf,9.0
aes-key-recovery/AES2-50-52.wcnf,3.0
aes-key-recovery/AES2-70-61.wcnf,1.0
aes-key-recovery/AES2-72-67.wcnf,3.0
aes-key-recovery/AES2-74-11.wcnf,4.0
aes-key-recovery/AES2-74-73.wcnf,9.0
aes/mul_8_11.wcnf,10.0
aes/mul_8_13.wcnf,6.0
aes/mul_8_14.wcnf,6.0
aes/mul_8_3.wcnf,1.0
aes/mul_8_9.wcnf,5.0
aes/sbox_4.wcnf,1.0
aes/sbox_8.wcnf,8.0
atcoss/atcoss_mesat_01.wcnf,5.0
atcoss/atcoss_mesat_03.wcnf,7.0
atcoss/atcoss_mesat_04.wcnf,1.0
atcoss/atcoss_mesat_05.wcnf,9.0
atcoss/atcoss_mesat_06.wcnf,6.0
atcoss/atcoss_mesat_10.wcnf,10.0
atcoss/atcoss_mesat_12.wcnf,9.0
atcoss/atcoss_mesat_18.wcnf,6.0
atcoss/atcoss_sugar_01.wcnf,7.0
atcoss/atcoss_sugar_02.wcnf,1.0
atcoss/atcoss_sugar_04.wcnf,9.0
atcoss/atcoss_sugar_05.wcnf,3.0
atcoss/atcoss_sugar_12.wcnf,10.0
atcoss/atcoss_sugar_15.wcnf,8.0
atcoss/atcoss_sugar_18.wcnf,3.0
atcoss/atcoss_sugar_19.wcnf,7.0
bcp/c5315_F1@0.wcnf,4.0
bcp/normalized-f2000.wcnf,6.0
bcp/normalized-f20c10b_005_area_delay.wcnf,5.0
bcp/normalized-f20c10b_024_area_delay.wcnf,8.0
bcp/normalized-fir06_area_opers.wcnf,3.0
bcp/normalized-fir09_area_opers.wcnf,7.0
bcp/normalized-ii8a3.wcnf,4.0
bcp/normalized-m100_300_10_15.r.wcnf,3.0
bcp/normalized-par32-4.wcnf,1.0
bcp/normalized-saucier.r.wcnf,6.0
bcp/simp-ibd_50.04.wcnf,1.0
biorepair/Stat_vs_Exp_151_12.lp.sm-extracted.wcnf,10.0
biorepair/Stat_vs_Exp_58_12.lp.sm-extracted.wcnf,5.0
biorepair/Stat_vs_Exp_72_12.lp.sm-extracted.wcnf,1.0
biorepair/heatShock_WT_121_12.lp.sm-extracted.wcnf,6.0
biorepair/heatShock_WT_148_12.lp.sm-extracted.wcnf,1.0
biorepair/heatShock_WT_161_12.lp.sm-extracted.wcnf,7.0
biorepair/heatShock_WT_192_12.lp.sm-extracted.wcnf,5.0
biorepair/heatShock_WT_196_12.lp.sm-extracted.wcnf,10.0
biorepair/heatShock_WT_28_12.lp.sm-extracted.wcnf,7.0
biorepair/heatShock_WT_30_12.lp.sm-extracted.wcnf,4.0
biorepair/heatShock_WT_36_12.lp.sm-extracted.wcnf,1.0
biorepair/heatShock_WT_42_12.lp.sm-extracted.wcnf,8.0
biorepair/heatShock_WT_43_12.lp.sm-extracted.wcnf,7.0
causal-discovery/causal_n5_i7_N1000_uai13_harddeps_int.wcnf,8.0
causal-discovery/causal_n5_i8_N10000_uai13_harddeps_int.wcnf,4.0
causal-discovery/causal_n5_i9_N10000_uai13_constant_int.wcnf,2.0
causal-discovery/causal_n6_i1_N500_uai13_harddeps_int.wcnf,4.0
causal-discovery/causal_n6_i3_N500_uai14_harddeps_int.wcnf,9.0
causal-discovery/causal_n6_i8_N1000_uai14_constant_int.wcnf,5.0
causal-discovery/causal_n7_i10_N1000_uai14_constant_int.wcnf,8.0
causal-discovery/causal_n7_i7_N1000_uai14_harddeps_int.wcnf,5.0
causal-discovery/causal_n7_i8_N1000_uai14_constant_int.wcnf,2.0
causal-discovery/causal_n7_i9_N1000_uai14_harddeps_int.wcnf,6.0
close_solutions/SAT02__industrial__biere__dinphil__dp10s10.shuffled.cnf.wcnf.8.wcnf,1.0
close_solutions/SAT04__industrial__velev__pipe-sat-1-1__12pipe_bug6_q0.used-as.sat04-725.cnf.wcnf.3.wcnf,9.0
close_solutions/SAT07__industrial__vliw_sat_4.0__9vliw_m_9stages_iq3_C1_bug5.cnf.wcnf.1.wcnf,8.0
close_solutions/SAT07__industrial__vliw_sat_4.0__9vliw_m_9stages_iq3_C1_bug6.cnf.wcnf.3.wcnf,2.0
close_solutions/SAT09__APPLICATIONS__satComp09_BioInstances__rbcl_xits_18_SAT.cnf.wcnf.2.wcnf,10.0
close_solutions/SAT11__application__fuhs__AProVE11__AProVE11-09.cnf.wcnf.4.wcnf,1.0
close_solutions/SAT11__application__fuhs__AProVE11__AProVE11-10.cnf.wcnf.3.wcnf,6.0
close_solutions/SAT11__application__fuhs__AProVE11__AProVE11-12.cnf.wcnf.2.wcnf,4.0
close_solutions/SAT11__application__jarvisalo__AAAI2010-SATPlanning__aaai10-planning-ipc5-pipesworld-12-step16.cnf.wcnf.7.wcnf,4.0
close_solutions/SAT11__application__jarvisalo__AAAI2010-SATPlanning__aaai10-planning-ipc5-pipesworld-12-step16.cnf.wcnf.8.wcnf,8.0
close_solutions/SAT11__application__jarvisalo__smtqfbv-aigs__smtlib-qfbv-aigs-bin_libmsrpc_vc1225336-tseitin.cnf.wcnf.4.wcnf,1.0
close_solutions/SAT11__application__leberre__2dimensionalstrippacking__E05F18.cnf.wcnf.8.wcnf,6.0
close_solutions/SAT11__application__manthey__traffic__traffic_3_uc_sat.cnf.wcnf.8.wcnf,2.0
close_solutions/SAT11__application__rintanen__SATPlanning__blocks-blocks-36-0.170-NOTKNOWN.cnf.wcnf.6.wcnf,10.0
close_solutions/SAT11__application__rintanen__SATPlanning__openstacks-sequencedstrips-nonadl-nonnegated-os-sequencedstrips-p30_3.085-SAT.cnf.wcnf.1.wcnf,4.0
close_solutions/SAT11__application__rintanen__SATPlanning__openstacks-sequencedstrips-nonadl-nonnegated-os-sequencedstrips-p30_3.085-SAT.cnf.wcnf.5.wcnf,5.0
close_solutions/SAT_RACE06__velev-pipe-sat-1.0-b9.cnf.wcnf.2.wcnf,9.0
close_solutions/SAT_RACE08__cnf__ibm-2004-01-k90.cnf.wcnf.10.wcnf,3.0
close_solutions/TEAMS20_l10aa.cnf.wcnf,2.0
close_solutions/teams16_l6a.cnf.wcnf,7.0
close_solutions/teams24_l5a.cnf.wcnf,7.0
des/cnf.10.p.8.wcnf,8.0
des/cnf.12.t.9.wcnf,5.0
des/cnf.13.p.8.wcnf,8.0
des/cnf.13.p.9.wcnf,4.0
des/cnf.14.t.7.wcnf,9.0
des/cnf.15.p.7.wcnf,4.0
des/cnf.16.p.6.wcnf,8.0
des/cnf.16.p.7.wcnf,2.0
des/cnf.17.p.10.wcnf,7.0
des/cnf.18.d.7.wcnf,10.0
des/cnf.18.p.4.wcnf,9.0
des/cnf.18.p.5.wcnf,9.0
des/cnf.18.p.8.wcnf,7.0
des/cnf.18.t.9.wcnf,4.0
des/cnf.20.d.10.wcnf,6.0
des/cnf.20.p.5.wcnf,10.0
des/cnf.20.p.7.wcnf,10.0
des/cnf.8.p.7.wcnf,5.0
des/cnf.9.p.10.wcnf,8.0
des/cnf.9.p.8.wcnf,7.0
drmx-cryptogen/geffe128_1.wcnf,2.0
drmx-cryptogen/geffe128_4.wcnf,1.0
drmx-cryptogen/geffe128_5.wcnf,5.0
drmx-cryptogen/geffe128_8.wcnf,9.0
drmx-cryptogen/threshold128_0.wcnf,6.0
drmx-cryptogen/threshold128_2.wcnf,2.0
drmx-cryptogen/threshold128_3.wcnf,8.0
drmx-cryptogen/threshold128_4.wcnf,1.0
drmx-cryptogen/threshold128_5.wcnf,7.0
drmx-cryptogen/threshold128_6.wcnf,4.0
drmx-cryptogen/threshold128_8.wcnf,10.0
drmx-cryptogen/wolfram72_1.wcnf,1.0
drmx-cryptogen/wolfram72_5.wcnf,5.0
drmx-cryptogen/wolfram72_7.wcnf,3.0
drmx-cryptogen/wolfram72_8.wcnf,8.0
drmx-cryptogen/wolfram72_9.wcnf,7.0
drmx-cryptogen/wolfram80_1.wcnf,3.0
drmx-cryptogen/wolfram80_5.wcnf,10.0
drmx-cryptogen/wolfram80_6.wcnf,4.0
drmx-cryptogen/wolfram80_9.wcnf,2.0
extension-enforcement/extension-enforcement_non-strict_stb_200_0.05_0_10_3.wcnf,8.0
extension-enforcement/extension-enforcement_non-strict_stb_200_0.05_1_10_0.wcnf,8.0
extension-enforcement/extension-enforcement_non-strict_stb_200_0.05_3_10_0.wcnf,5.0
extension-enforcement/extension-enforcement_non-strict_stb_200_0.05_3_10_1.wcnf,3.0
extension-enforcement/extension-enforcement_non-strict_stb_200_0.05_4_10_4.wcnf,2.0
extension-enforcement/extension-enforcement_non-strict_stb_200_0.1_2_10_1.wcnf,4.0
extension-enforcement/extension-enforcement_non-strict_stb_200_0.1_4_10_4.wcnf,4.0
extension-enforcement/extension-enforcement_strict_com_100_0.05_0_30_3.wcnf,4.0
extension-enforcement/extension-enforcement_strict_com_150_0.05_0_15_2.wcnf,5.0
extension-enforcement/extension-enforcement_strict_com_150_0.05_3_30_0.wcnf,4.0
extension-enforcement/extension-enforcement_strict_com_150_0.05_4_15_1.wcnf,9.0
extension-enforcement/extension-enforcement_strict_com_150_0.2_4_8_3.wcnf,10.0
extension-enforcement/extension-enforcement_strict_com_200_0.05_1_40_1.wcnf,10.0
extension-enforcement/extension-enforcement_strict_com_200_0.05_4_20_3.wcnf,2.0
extension-enforcement/extension-enforcement_strict_com_200_0.2_1_10_0.wcnf,9.0
fault-diagnosis/s38417_nan_explicit_0_0.wcnf,5.0
fault-diagnosis/s38584_nan_explicit_12_0.wcnf,2.0
fault-diagnosis/s38584_nan_explicit_13_0.wcnf,9.0
fault-diagnosis/s38584_nan_explicit_15_0.wcnf,10.0
fault-diagnosis/s38584_nan_explicit_19_0.wcnf,10.0
fault-diagnosis/s38584_nan_explicit_26_0.wcnf,9.0
fault-diagnosis/s38584_nan_explicit_27_0.wcnf,8.0
fault-diagnosis/s38584_nan_explicit_29_0.wcnf,9.0
fault-diagnosis/s38584_nan_explicit_30_0.wcnf,6.0
fault-diagnosis/s38584_nan_explicit_31_0.wcnf,6.0
fault-diagnosis/s38584_nan_explicit_33_0.wcnf,3.0
fault-diagnosis/s38584_nan_explicit_34_0.wcnf,3.0
fault-diagnosis/s38584_nan_explicit_35_0.wcnf,6.0
fault-diagnosis/s38584_nan_explicit_37_0.wcnf,10.0
fault-diagnosis/s38584_nan_explicit_3_0.wcnf,8.0
fault-diagnosis/s38584_nan_explicit_40_0.wcnf,3.0
fault-diagnosis/s38584_nan_explicit_41_0.wcnf,1.0
fault-diagnosis/s38584_nan_explicit_49_0.wcnf,3.0
fault-diagnosis/s38584_nan_explicit_4_0.wcnf,5.0
fault-diagnosis/s38584_nan_explicit_5_0.wcnf,4.0
fault-diagnosis/s38584_nan_explicit_8_0.wcnf,9.0
frb/frb35-17-1.partial.wcnf,1.0
frb/frb35-17-2.partial.wcnf,4.0
frb/frb35-17-3.partial.wcnf,7.0
frb/frb35-17-5.partial.wcnf,5.0
frb/frb40-19-1.partial.wcnf,2.0
frb/frb40-19-2.partial.wcnf,1.0
frb/frb40-19-3.partial.wcnf,8.0
frb/frb40-19-4.partial.wcnf,2.0
frb/frb40-19-5.partial.wcnf,6.0
gen-hyper-tw/GenHyperTW_2bitcomp_5.wcnf,8.0
gen-hyper-tw/GenHyperTW_aim-50-1_6-yes1-3.wcnf,7.0
gen-hyper-tw/GenHyperTW_dubois21.wcnf,6.0
gen-hyper-tw/GenHyperTW_grid4d_3.wcnf,8.0
gen-hyper-tw/GenHyperTW_hole9.wcnf,5.0
gen-hyper-tw/GenHyperTW_par8-1-c.wcnf,6.0
gen-hyper-tw/GenHyperTW_par8-4-c.wcnf,2.0
gen-hyper-tw/GenHyperTW_par8-5-c.wcnf,7.0
gen-hyper-tw/GenHyperTW_s208.wcnf,6.0
hs-timetabling/GreeceWesternGreeceUniversityInstance4.xml.wcnf,5.0
jobshop/ft10-808-1090.wcnf,4.0
jobshop/orb08-894-1058.wcnf,6.0
kbtree/kbtree9_7_3_5_30_3.wcsp.wcnf,9.0
kbtree/kbtree9_7_3_5_40_1.wcsp.wcnf,2.0
kbtree/kbtree9_7_3_5_40_3.wcsp.wcnf,8.0
kbtree/kbtree9_7_3_5_50_1.wcsp.wcnf,1.0
kbtree/kbtree9_7_3_5_50_4.wcsp.wcnf,2.0
kbtree/kbtree9_7_3_5_50_6.wcsp.wcnf,5.0
kbtree/kbtree9_7_3_5_60_1.wcsp.wcnf,6.0
kbtree/kbtree9_7_3_5_70_5.wcsp.wcnf,1.0
kbtree/kbtree9_7_3_5_80_2.wcsp.wcnf,9.0
kbtree/kbtree9_7_3_5_80_5.wcsp.wcnf,2.0
kbtree/kbtree9_7_3_5_90_4.wcsp.wcnf,3.0
kbtree/kbtree9_7_3_5_90_5.wcsp.wcnf,5.0
logic-synthesis/normalized-5xp1.b.opb.msat.wcnf,1.0
logic-synthesis/normalized-alu4.b.opb.msat.wcnf,8.0
logic-synthesis/normalized-apex4.a.opb.msat.wcnf,2.0
logic-synthesis/normalized-bench1.pi.opb.msat.wcnf,9.0
logic-synthesis/normalized-count.b.opb.msat.wcnf,1.0
logic-synthesis/normalized-e64.b.opb.msat.wcnf,9.0
logic-synthesis/normalized-ex5.pi.opb.msat.wcnf,10.0
logic-synthesis/normalized-exam.pi.opb.msat.wcnf,2.0
logic-synthesis/normalized-f51m.b.opb.msat.wcnf,3.0
logic-synthesis/normalized-jac3.opb.msat.wcnf,2.0
logic-synthesis/normalized-max1024.pi.opb.msat.wcnf,4.0
logic-synthesis/normalized-prom2.pi.opb.msat.wcnf,10.0
logic-synthesis/normalized-rot.b.opb.msat.wcnf,3.0
logic-synthesis/normalized-sao2.b.opb.msat.wcnf,4.0
logic-synthesis/normalized-test4.pi.opb.msat.wcnf,8.0
maxclique/brock200_2.clq.wcnf,1.0
maxclique/brock400_4.clq.wcnf,7.0
maxclique/c-fat500-2.clq.wcnf,2.0
maxclique/keller4.clq.wcnf,8.0
maxclique/keller5.clq.wcnf,10.0
maxclique/p_hat300-1.clq.wcnf,10.0
maxclique/p_hat300-2.clq.wcnf,10.0
maxclique/p_hat700-3.clq.wcnf,9.0
maxclique/san1000.clq.wcnf,2.0
maxclique/san200_0.9_3.clq.wcnf,8.0
maxcut/hamming8-2.clq.wcnf,4.0
maxcut/maxcut-140-630-0.7-15.wcnf,6.0
maxcut/maxcut-140-630-0.7-48.wcnf,6.0
maxcut/maxcut-140-630-0.8-34.wcnf,7.0
maxcut/maxcut-140-630-0.8-36.wcnf,5.0
maxcut/p_hat300-3.clq.wcnf,5.0
maxcut/san400_0.5_1.clq.wcnf,8.0
maxcut/sanr200_0.7.clq.wcnf,2.0
maxone/3col140_5_1.shuffled.cnf.wcnf,2.0
maxone/3col140_5_10.shuffled.cnf.wcnf,4.0
maxone/3col140_5_2.shuffled.cnf.wcnf,1.0
maxone/3col140_5_3.shuffled.cnf.wcnf,10.0
maxone/3col140_5_4.shuffled.cnf.wcnf,10.0
maxone/3col140_5_5.shuffled.cnf.wcnf,4.0
maxone/3col140_5_6.shuffled.cnf.wcnf,4.0
maxone/3col140_5_7.shuffled.cnf.wcnf,8.0
maxone/3col140_5_8.shuffled.cnf.wcnf,4.0
maxone/3col140_5_9.shuffled.cnf.wcnf,1.0
maxone/dp06s06.shuffled.cnf.wcnf,1.0
maxone/dp07s07.shuffled.cnf.wcnf,3.0
mbd/b14_C-mbd14-0225.wcnf,5.0
mbd/b14_C-mbd14-0307.wcnf,6.0
mbd/b17_C-mbd14-0304.wcnf,7.0
mbd/b17_C-mbd14-0370.wcnf,10.0
mbd/b20_C-mbd14-0255.wcnf,10.0
mbd/b20_C-mbd14-0328.wcnf,10.0
mbd/b20_C-mbd14-0354.wcnf,10.0
mbd/b21_C-mbd14-0205.wcnf,7.0
mbd/b21_C-mbd14-0217.wcnf,2.0
mbd/b21_C-mbd14-0267.wcnf,9.0
mbd/b21_C-mbd14-0295.wcnf,10.0
mbd/b21_C-mbd14-0349.wcnf,1.0
mbd/b22_C-mbd14-0222.wcnf,3.0
mbd/b22_C-mbd14-0223.wcnf,3.0
mbd/b22_C-mbd14-0240.wcnf,7.0
mbd/b22_C-mbd14-0241.wcnf,10.0
mbd/b22_C-mbd14-0300.wcnf,9.0
min-fill/MinFill_R0_miles1500.wcnf,5.0
min-fill/MinFill_R0_mulsol.i.2.wcnf,10.0
min-fill/MinFill_R0_mulsol.i.3.wcnf,9.0
min-fill/MinFill_R0_mulsol.i.4.wcnf,9.0
min-fill/MinFill_R0_myciel4.wcnf,5.0
min-fill/MinFill_R0_myciel5.wcnf,5.0
min-fill/MinFill_R0_myciel6.wcnf,3.0
min-fill/MinFill_R0_myciel7.wcnf,4.0
min-fill/MinFill_R0_queen11_11.wcnf,5.0
min-fill/MinFill_R0_queen6_6.wcnf,5.0
min-fill/MinFill_R0_queen8_12.wcnf,9.0
min-fill/MinFill_R0_queen8_8.wcnf,10.0
min-fill/MinFill_R10_anna.wcnf,1.0
min-fill/MinFill_R1_games120.wcnf,6.0
min-fill/MinFill_R3_david.wcnf,8.0
min-fill/MinFill_R3_miles1000.wcnf,9.0
min-fill/MinFill_R3_miles750.wcnf,7.0
min-fill/MinFill_R4_miles500.wcnf,3.0
mqc/10tree1020p.wcnf,9.0
mqc/10tree115p.wcnf,8.0
mqc/10tree125p.wcnf,8.0
mqc/10tree315p.wcnf,4.0
mqc/10tree320p.wcnf,9.0
mqc/10tree425p.wcnf,6.0
mqc/10tree430p.wcnf,4.0
mqc/10tree730p.wcnf,9.0
mqc/10tree825p.wcnf,3.0
mqc/15tree101p.wcnf,1.0
mqc/15tree201p.wcnf,4.0
mqc/15tree301posib.wcnf,4.0
mqc/15tree401posib.wcnf,6.0
mqc/15tree501p.wcnf,2.0
mqc/15tree701p.wcnf,7.0
optic/gen_add_4_33.wcnf,9.0
optic/gen_add_5_33.wcnf,10.0
optic/gen_cvc-add3-carry2-gadget_33.wcnf,7.0
optic/gen_cvc-add3-carry2-gadget_399.wcnf,7.0
optic/gen_cvc-add3-carry2-gadget_9999.wcnf,3.0
optic/gen_cvc-add7to3_9999.wcnf,9.0
optic/gen_cvc-plus_4_33.wcnf,5.0
optic/gen_mult_3_5_399.wcnf,3.0
optic/gen_mult_3_5_991.wcnf,1.0
optic/gen_mult_3_5_9999.wcnf,9.0
optic/gen_mult_3_6_399.wcnf,10.0
optic/gen_mult_4_4_9999.wcnf,7.0
optic/gen_mult_4_5_9999.wcnf,8.0
optic/gen_mult_4_6_299.wcnf,10.0
optic/gen_mult_4_6_991.wcnf,1.0
optic/gen_square_5_299.wcnf,8.0
optic/gen_square_5_399.wcnf,2.0
packup/2c3aece6-c8b2-11df-a040-00163e3d3b7c_l3.wcnf,6.0
packup/7f80e4f0-4fe9-11e0-acd7-00163e1e087d_l3.wcnf,10.0
packup/apt-cudf-universe0ea62c_l1.wcnf,7.0
packup/ff4a1d84-d490-11df-9e6c-00163e3d3b7c_l3.wcnf,3.0
packup/rand179_l2.wcnf,9.0
packup/rand196_l2.wcnf,7.0
packup/rand209_l2.wcnf,5.0
packup/rand21_l2.wcnf,4.0
packup/rand290_l2.wcnf,5.0
packup/rand308_l2.wcnf,5.0
packup/rand313_l2.wcnf,2.0
packup/rand507_l2.wcnf,3.0
packup/rand717_l2.wcnf,3.0
packup/rand7_l2.wcnf,3.0
packup/rand943_l2.wcnf,2.0
packup/rand984_l2.wcnf,2.0
protein_ins/1bpi_.2knt_.g.wcnf.t.wcnf,8.0
protein_ins/1bpi_.5pti_.g.wcnf.t.wcnf,7.0
protein_ins/1knt_.1bpi_.g.wcnf.t.wcnf,8.0
protein_ins/1knt_.2knt_.g.wcnf.t.wcnf,9.0
protein_ins/1knt_.5pti_.g.wcnf.t.wcnf,2.0
protein_ins/2knt_.5pti_.g.wcnf.t.wcnf,9.0
protein_ins/3ebx_.1era_.g.wcnf.t.wcnf,6.0
protein_ins/3ebx_.6ebx_.g.wcnf.t.wcnf,3.0
protein_ins/6ebx_.1era_.g.wcnf.t.wcnf,10.0
protein_ins/p1.wcnf.t.wcnf,5.0
protein_ins/sandiaprotein.g.wcnf.t.wcnf,6.0
pseudoBoolean/normalized-g100x100.opb.msat.wcnf,8.0
pseudoBoolean/normalized-g15x15.opb.msat.wcnf,5.0
pseudoBoolean/normalized-mps-v2-20-10-stein45.opb.msat.wcnf,2.0
pseudoBoolean/normalized-par32-1.opb.msat.wcnf,7.0
pseudoBoolean/normalized-par32-2.opb.msat.wcnf,4.0
pseudoBoolean/normalized-par32-3.opb.msat.wcnf,6.0
pseudoBoolean/normalized-par32-4.opb.msat.wcnf,1.0
pseudoBoolean/normalized-par32-5.opb.msat.wcnf,4.0
pseudoBoolean/normalized-ssa7552-038.opb.msat.wcnf,2.0
pseudoBoolean/normalized-ssa7552-158.opb.msat.wcnf,9.0
pseudoBoolean/normalized-ssa7552-159.opb.msat.wcnf,6.0
pseudoBoolean/normalized-ssa7552-160.opb.msat.wcnf,7.0
railway-transport/d4.wcnf,5.0
railway-transport/dp43.wcnf,6.0
railway-transport/p15.wcnf,3.0
railway-transport/pesp_18Min.wcnf,5.0
railway-transport/pesp_5min.wcnf,6.0
railway-transport/we.wcnf,10.0
ramsey/ram_k3_n10.ra0.wcnf,1.0
ramsey/ram_k3_n11.ra0.wcnf,10.0
ramsey/ram_k3_n12.ra0.wcnf,1.0
ramsey/ram_k3_n13.ra0.wcnf,1.0
ramsey/ram_k3_n14.ra0.wcnf,6.0
ramsey/ram_k3_n15.ra0.wcnf,7.0
ramsey/ram_k3_n16.ra0.wcnf,2.0
ramsey/ram_k3_n17.ra0.wcnf,4.0
ramsey/ram_k3_n18.ra0.wcnf,5.0
ramsey/ram_k3_n19.ra0.wcnf,5.0
ramsey/ram_k3_n20.ra0.wcnf,5.0
ramsey/ram_k3_n9.ra0.wcnf,7.0
ramsey/ram_k4_n18.ra0.wcnf,7.0
ramsey/ram_k4_n19.ra0.wcnf,8.0
ramsey/ram_k4_n20.ra0.wcnf,8.0
reversi/rev66-10.wcnf,9.0
reversi/rev66-12.wcnf,9.0
reversi/rev66-14.wcnf,3.0
reversi/rev66-16.wcnf,8.0
reversi/rev66-18.wcnf,8.0
reversi/rev66-20.wcnf,5.0
reversi/rev66-22.wcnf,5.0
reversi/rev66-24.wcnf,2.0
reversi/rev66-26.wcnf,1.0
reversi/rev66-28.wcnf,2.0
reversi/rev66-30.wcnf,6.0
reversi/rev66-32.wcnf,3.0
reversi/rev66-6.wcnf,7.0
reversi/rev66-8.wcnf,7.0
rna-alignment/k50-23-49.rna.pre.wcnf,2.0
rna-alignment/k50-40-60.rna.pre.wcnf,5.0
scheduling/cnf_10.wcnf,3.0
scheduling/cnf_10_center.wcnf,4.0
scheduling/cnf_12.wcnf,7.0
scheduling/cnf_12_center.wcnf,9.0
scheduling/cnf_small.wcnf,3.0
set-covering/scpclr10_maxsat.wcnf,9.0
set-covering/scpclr11_maxsat.wcnf,3.0
set-covering/scpclr12_maxsat.wcnf,7.0
set-covering/scpclr13_maxsat.wcnf,7.0
set-covering/scpcyc06_maxsat.wcnf,1.0
set-covering/scpcyc07_maxsat.wcnf,4.0
set-covering/scpcyc08_maxsat.wcnf,9.0
set-covering/scpcyc09_maxsat.wcnf,10.0
set-covering/scpcyc10_maxsat.wcnf,9.0
set-covering/scpcyc11_maxsat.wcnf,10.0
tpr/b14-s_PathRelaxation_FS_14.wcnf,1.0
tpr/b14-s_PathRelaxation_FS_16.wcnf,7.0
tpr/b14-s_PathRelaxation_FS_25.wcnf,3.0
tpr/b14-s_PathRelaxation_FS_46.wcnf,8.0
tpr/b14-s_PathRelaxation_Set_FS_47.wcnf,10.0
tpr/b18-s_PathRelaxation_Set_FS_32.wcnf,4.0
tpr/b21-s_PathRelaxation_FS_28.wcnf,10.0
tpr/b21-s_PathRelaxation_FS_42.wcnf,6.0
tpr/b21-s_PathRelaxation_FS_47.wcnf,4.0
tpr/b21-s_PathRelaxation_FS_48.wcnf,2.0
tpr/b21-s_PathRelaxation_Set_FS_31.wcnf,10.0
treewidth-computation/TWComp_1c75_N69.wcnf,10.0
treewidth-computation/TWComp_1dj7_N73.wcnf,4.0
treewidth-computation/TWComp_1dp_N76.wcnf,8.0
treewidth-computation/TWComp_1en2_N69.wcnf,6.0
treewidth-computation/TWComp_celar02_N100.wcnf,5.0
treewidth-computation/TWComp_celar09pp_N67.wcnf,2.0
treewidth-computation/TWComp_david_N87.wcnf,6.0
treewidth-computation/TWComp_eil51.tsp_N51.wcnf,1.0
treewidth-computation/TWComp_hepar2_N70.wcnf,2.0
treewidth-computation/TWComp_huck_N74.wcnf,1.0
treewidth-computation/TWComp_jean_N77.wcnf,6.0
treewidth-computation/TWComp_miles500_N128.wcnf,2.0
treewidth-computation/TWComp_mulsol.i.5-pp_N119.wcnf,9.0
treewidth-computation/TWComp_myciel4_N23.wcnf,5.0
treewidth-computation/TWComp_myciel5_N47.wcnf,7.0
treewidth-computation/TWComp_oesoca+_N67.wcnf,8.0
treewidth-computation/TWComp_pathfinder_N109.wcnf,6.0
treewidth-computation/TWComp_queen5_5_N25.wcnf,9.0
treewidth-computation/TWComp_queen6_6_N36.wcnf,3.0
treewidth-computation/TWComp_queen7_7_N49.wcnf,9.0
treewidth-computation/TWComp_ship-ship-pp_N30.wcnf,6.0
treewidth-computation/TWComp_win95pts_N76.wcnf,9.0
uaq/uaq-nr-nr130-nc43-n3-k2-rpp4-ppr2-plb50.wcnf,7.0
uaq/uaq-nr-nr150-nc50-n3-k2-rpp4-ppr2-plb50.wcnf,3.0
uaq/uaq-nr-nr220-nc73-n3-k2-rpp4-ppr2-plb50.wcnf,5.0
uaq/uaq-nr-nr240-nc80-n3-k2-rpp4-ppr2-plb50.wcnf,6.0
uaq/uaq-nr-nr340-nc113-n3-k2-rpp4-ppr2-plb50.wcnf,6.0
uaq/uaq-plb-nr250-nc83-n5-k2-rpp3-ppr5-plb100.wcnf,1.0
uaq/uaq-plb-nr250-nc83-n5-k2-rpp3-ppr5-plb90.wcnf,3.0
uaq/uaq-ppr-nr200-nc66-n5-k2-rpp4-ppr5-plb100.wcnf,3.0
uaq/uaq-ppr-nr200-nc66-n5-k2-rpp4-ppr6-plb100.wcnf,7.0
uaq/uaq-ppr-nr200-nc66-n5-k2-rpp6-ppr11-plb100.wcnf,4.0
uaq/uaq-ppr-nr200-nc66-n5-k2-rpp6-ppr13-plb100.wcnf,7.0
uaq/uaq-ppr-nr200-nc66-n5-k2-rpp6-ppr6-plb100.wcnf,4.0
uaq/uaq-ppr-nr200-nc66-n5-k2-rpp6-ppr9-plb100.wcnf,8.0
uaq/uaq-rpp-nr100-nc33-n3-k2-rpp28-ppr2-plb20.wcnf,9.0
uaq/uaq-rpp-nr100-nc33-n3-k2-rpp6-ppr2-plb20.wcnf,1.0
vpa/UAutomizer_4BitCounterPointer_true-termination_true-valid-memsafety.c_Abstraction1.wcnf,2.0
vpa/UAutomizer_AliasDarteFeautrierGonnord-SAS2010-speedpldi2_true-termination_true-no-overflow.c_Abstraction1.wcnf,3.0
vpa/UAutomizer_CookSeeZuleger-2013TACAS-Fig7b-alloca_true-termination.c.i_Abstraction3.wcnf,5.0
vpa/UAutomizer_LogAG_true-termination_true-no-overflow.c_Abstraction2.wcnf,4.0
vpa/UAutomizer_NestedRecursion_2b_false-termination_true-valid-memsafety.c_Abstraction2.wcnf,6.0
vpa/UAutomizer_c.03-alloca_true-termination_true-no-overflow.c.i_Abstraction3.wcnf,3.0
vpa/UAutomizer_cstrpbrk_diffterm_alloca_true-termination.c.i_Abstraction4.wcnf,1.0
vpa/UAutomizer_ll_append-alloca_false-termination.c.i_Abstraction1.wcnf,2.0
wqueens/wqueens14_12.wcsp.dir.wcnf,5.0
wqueens/wqueens16_14.wcsp.dir.wcnf,8.0
wqueens/wqueens18_16.wcsp.dir.wcnf,10.0
xai-mindset2/australian.wcnf,4.0
xai-mindset2/bnn-last-layer-f10.wcnf,8.0
xai-mindset2/cleve.wcnf,5.0
xai-mindset2/cleveland.wcnf,1.0
xai-mindset2/cloud.wcnf,4.0
xai-mindset2/diabetes.wcnf,9.0
xai-mindset2/glass.wcnf,1.0
xai-mindset2/glass2.wcnf,3.0
xai-mindset2/heart-h.wcnf,4.0
xai-mindset2/house-votes-84.wcnf,3.0
xai-mindset2/hungarian.wcnf,7.0
xai-mindset2/iris.wcnf,2.0
xai-mindset2/liver-disorder.wcnf,4.0
xai-mindset2/lupus.wcnf,9.0
xai-mindset2/new-thyroid.wcnf,1.0
xai-mindset2/soybean.wcnf,5.0
xai-mindset2/tae.wcnf,6.0
