Instance,CV
103c9978-5408-11df-9bc1-00163e7a6f5e_l1.wcnf,10.0
1401.wcsp.dir.wcnf,6.0
1401.wcsp.log.wcnf,4.0
1403.wcsp.dir.wcnf,2.0
1403.wcsp.log.wcnf,7.0
1405.wcsp.dir.wcnf,3.0
1405.wcsp.log.wcnf,6.0
1407.wcsp.dir.wcnf,8.0
1407.wcsp.log.wcnf,4.0
1502.wcsp.dir.wcnf,9.0
1502.wcsp.log.wcnf,9.0
1504.wcsp.dir.wcnf,5.0
1504.wcsp.log.wcnf,9.0
1506.wcsp.dir.wcnf,8.0
1506.wcsp.log.wcnf,6.0
1aabfc32-d491-11df-9a24-00163e3d3b7c_l2.wcnf,4.0
26f3d4cc-d470-11df-9e6c-00163e3d3b7c_l2.wcnf,10.0
28.wcsp.dir.wcnf,3.0
28.wcsp.log.wcnf,10.0
29.wcsp.dir.wcnf,5.0
29.wcsp.log.wcnf,9.0
29180036-5408-11df-9f57-00163e7a6f5e_l1.wcnf,8.0
29180036-5408-11df-9f57-00163e7a6f5e_l2.wcnf,4.0
2c3aece6-c8b2-11df-a040-00163e3d3b7c_l1.wcnf,5.0
2c3aece6-c8b2-11df-a040-00163e3d3b7c_l2.wcnf,8.0
3e4f8550-0b33-11df-942d-00163e1d94dc_l1.wcnf,5.0
3e4f8550-0b33-11df-942d-00163e1d94dc_l2.wcnf,7.0
404.wcsp.dir.wcnf,1.0
404.wcsp.log.wcnf,1.0
408.wcsp.dir.wcnf,2.0
408.wcsp.log.wcnf,4.0
412.wcsp.dir.wcnf,6.0
412.wcsp.log.wcnf,7.0
414.wcsp.dir.wcnf,4.0
414.wcsp.log.wcnf,5.0
42.wcsp.dir.wcnf,4.0
42.wcsp.log.wcnf,2.0
4a69cf16-c731-11df-9182-00163e3d3b7c_l1.wcnf,6.0
4a69cf16-c731-11df-9182-00163e3d3b7c_l2.wcnf,4.0
4ede8d96-c17a-11df-a7c5-00163e3d3b7c_l1.wcnf,7.0
5.wcsp.dir.wcnf,7.0
5.wcsp.log.wcnf,3.0
503.wcsp.dir.wcnf,8.0
503.wcsp.log.wcnf,10.0
505.wcsp.dir.wcnf,1.0
505.wcsp.log.wcnf,5.0
507.wcsp.dir.wcnf,3.0
507.wcsp.log.wcnf,1.0
509.wcsp.dir.wcnf,4.0
509.wcsp.log.wcnf,10.0
54.wcsp.dir.wcnf,4.0
54.wcsp.log.wcnf,10.0
5698a62c-c731-11df-9bb9-00163e3d3b7c_l1.wcnf,3.0
56ae4afa-0b33-11df-8a2b-00163e1d94dc_l1.wcnf,7.0
56e31304-c17a-11df-b070-00163e3d3b7c_l1.wcnf,4.0
6b0d1da0-c730-11df-a7c5-00163e3d3b7c_l1.wcnf,2.0
7bf50d1c-9b1b-11df-8b50-00163e46d37a_l1.wcnf,2.0
7bf50d1c-9b1b-11df-8b50-00163e46d37a_l2.wcnf,2.0
7f80e4f0-4fe9-11e0-acd7-00163e1e087d_l1.wcnf,5.0
7f80e4f0-4fe9-11e0-acd7-00163e1e087d_l2.wcnf,4.0
8.wcsp.dir.wcnf,7.0
8.wcsp.log.wcnf,10.0
80cfe9a6-9b1b-11df-965e-00163e46d37a_l1.wcnf,4.0
80e3fda2-9501-11e0-8001-00163e1e087d_l2.wcnf,7.0
8222799a-9af8-11df-8b50-00163e46d37a_l1.wcnf,2.0
8222799a-9af8-11df-8b50-00163e46d37a_l2.wcnf,1.0
8680dd8a-8600-11e0-b285-00163e1e087d_l2.wcnf,7.0
8afdd89e-51b8-11e0-acd7-00163e1e087d_l1.wcnf,6.0
8b0e7c16-bab4-11e0-a883-00163e1e087d_l2.wcnf,9.0
978532fa-c730-11df-b070-00163e3d3b7c_l1.wcnf,10.0
BrazilInstance1.xml.wcnf,7.0
BrazilInstance2.xml.wcnf,9.0
BrazilInstance4.xml.wcnf,7.0
BrazilInstance5.xml.wcnf,10.0
BrazilInstance6.xml.wcnf,4.0
BrazilInstance7.xml.wcnf,7.0
FinlandArtificialSchool.xml.wcnf,4.0
FinlandCollege.xml.wcnf,5.0
FinlandHighSchool.xml.wcnf,6.0
FinlandSecondarySchool.xml.wcnf,7.0
GreeceThirdHighSchoolPatras2010.xml.wcnf,4.0
ItalyInstance1.xml.wcnf,3.0
ItalyInstance4.xml.wcnf,2.0
Rounded_BTWBNSL_AbaloneTWBound_4.wcnf,4.0
Rounded_BTWBNSL_Abalone_TWBound_2.wcnf,4.0
Rounded_BTWBNSL_Abalone_TWBound_3.wcnf,2.0
Rounded_BTWBNSL_Flag.BIC_TWBound_2.wcnf,8.0
Rounded_BTWBNSL_Flag.BIC_TWBound_3.wcnf,9.0
Rounded_BTWBNSL_Flag.BIC_TWBound_4.wcnf,6.0
Rounded_BTWBNSL_Heart.BIC_TWBound_2.wcnf,6.0
Rounded_BTWBNSL_Heart.BIC_TWBound_3.wcnf,4.0
Rounded_BTWBNSL_Heart.BIC_TWBound_4.wcnf,9.0
Rounded_BTWBNSL_Hepatitis.BIC_TWBound2.wcnf,5.0
Rounded_BTWBNSL_Hepatitis.BIC_TWBound3.wcnf,9.0
Rounded_BTWBNSL_Hepatitis.BIC_TWBound4.wcnf,5.0
Rounded_BTWBNSL_Horse.BIC_TWBound_2.wcnf,9.0
Rounded_BTWBNSL_Horse.BIC_TWBound_3.wcnf,2.0
Rounded_BTWBNSL_Horse.BIC_TWBound_4.wcnf,3.0
Rounded_BTWBNSL_Housing_TWBound_2.wcnf,1.0
Rounded_BTWBNSL_Housing_TWBound_3.wcnf,7.0
Rounded_BTWBNSL_Housing_TWBound_4.wcnf,6.0
Rounded_BTWBNSL_Voting_TWBound_2.wcnf,7.0
Rounded_BTWBNSL_Voting_TWBound_3.wcnf,1.0
Rounded_BTWBNSL_Voting_TWBound_4.wcnf,7.0
Rounded_BTWBNSL_Water_1000_1_2.scores_TWBound_2.wcnf,4.0
Rounded_BTWBNSL_Water_1000_1_2.scores_TWBound_3.wcnf,8.0
Rounded_BTWBNSL_Water_1000_1_2.scores_TWBound_4.wcnf,5.0
Rounded_BTWBNSL_Wine_TWBound_2.wcnf,3.0
Rounded_BTWBNSL_Wine_TWBound_3.wcnf,8.0
Rounded_BTWBNSL_Wine_TWBound_4.wcnf,9.0
Rounded_BTWBNSL_Zoo_TWBound2.wcnf,7.0
Rounded_BTWBNSL_Zoo_TWBound_3.wcnf,7.0
Rounded_BTWBNSL_Zoo_TWBound_4.wcnf,6.0
Rounded_BTWBNSL_adult15N_TWBound_2.wcnf,3.0
Rounded_BTWBNSL_adult15N_TWBound_3.wcnf,3.0
Rounded_BTWBNSL_adult15N_TWBound_4.wcnf,4.0
Rounded_BTWBNSL_alarm_100_1_3.scores_TWBound_2.wcnf,6.0
Rounded_BTWBNSL_alarm_100_1_3.scores_TWBound_3.wcnf,1.0
Rounded_BTWBNSL_alarm_100_1_3.scores_TWBound_4.wcnf,3.0
Rounded_BTWBNSL_asia_10000_1_3.scores_TWBound_2.wcnf,10.0
Rounded_BTWBNSL_asia_10000_1_3.scores_TWBound_3.wcnf,10.0
Rounded_BTWBNSL_asia_10000_1_3.scores_TWBound_4.wcnf,4.0
Rounded_BTWBNSL_asia_1000_1_3.scores_TWBound_2.wcnf,4.0
Rounded_BTWBNSL_asia_1000_1_3.scores_TWBound_3.wcnf,5.0
Rounded_BTWBNSL_asia_1000_1_3.scores_TWBound_4.wcnf,1.0
Rounded_BTWBNSL_asia_100_1_3.scores_TWBound_2.wcnf,10.0
Rounded_BTWBNSL_asia_100_1_3.scores_TWBound_3.wcnf,1.0
Rounded_BTWBNSL_asia_100_1_3.scores_TWBound_4.wcnf,2.0
Rounded_BTWBNSL_hailfinder_10000_1_3.scores_TWBound_2.wcnf,10.0
Rounded_BTWBNSL_hailfinder_10000_1_3.scores_TWBound_3.wcnf,3.0
Rounded_BTWBNSL_hailfinder_10000_1_3.scores_TWBound_4.wcnf,5.0
Rounded_BTWBNSL_hailfinder_1000_1_3.scores_TWBound_2.wcnf,6.0
Rounded_BTWBNSL_hailfinder_1000_1_3.scores_TWBound_3.wcnf,5.0
Rounded_BTWBNSL_hailfinder_1000_1_3.scores_TWBound_4.wcnf,10.0
Rounded_BTWBNSL_hailfinder_100_1_3.scores_TWBound_2.wcnf,1.0
Rounded_BTWBNSL_hailfinder_100_1_3.scores_TWBound_3.wcnf,9.0
Rounded_BTWBNSL_hailfinder_100_1_3.scores_TWBound_4.wcnf,4.0
Rounded_BTWBNSL_insurance_1000_1_3.scores_TWBound_2.wcnf,10.0
Rounded_BTWBNSL_insurance_1000_1_3.scores_TWBound_3.wcnf,1.0
Rounded_BTWBNSL_insurance_1000_1_3.scores_TWBound_4.wcnf,4.0
Rounded_BTWBNSL_insurance_100_1_3.scores_TWBound_2.wcnf,5.0
Rounded_BTWBNSL_insurance_100_1_3.scores_TWBound_3.wcnf,6.0
Rounded_BTWBNSL_insurance_100_1_3.scores_TWBound_4.wcnf,8.0
Rounded_CorrelationClustering_BreastCancer_BINARY_N500_D0.200.wcnf,1.0
Rounded_CorrelationClustering_Ecoli_BINARY_N200_D0.200.wcnf,5.0
Rounded_CorrelationClustering_Ecoli_BINARY_N220_D0.200.wcnf,9.0
Rounded_CorrelationClustering_Ecoli_BINARY_N240_D0.200.wcnf,6.0
Rounded_CorrelationClustering_Ecoli_BINARY_N260_D0.200.wcnf,1.0
Rounded_CorrelationClustering_Ecoli_BINARY_N280_D0.200.wcnf,9.0
Rounded_CorrelationClustering_Ecoli_BINARY_N300_D0.200.wcnf,9.0
Rounded_CorrelationClustering_Ionosphere_BINARY_N200_D0.200.wcnf,9.0
Rounded_CorrelationClustering_Ionosphere_BINARY_N220_D0.200.wcnf,1.0
Rounded_CorrelationClustering_Ionosphere_BINARY_N240_D0.200.wcnf,10.0
Rounded_CorrelationClustering_Ionosphere_BINARY_N260_D0.200.wcnf,1.0
Rounded_CorrelationClustering_Ionosphere_BINARY_N280_D0.200.wcnf,4.0
Rounded_CorrelationClustering_Ionosphere_BINARY_N300_D0.200.wcnf,9.0
Rounded_CorrelationClustering_Orl_BINARY_N200_D0.200.wcnf,9.0
Rounded_CorrelationClustering_Orl_BINARY_N220_D0.200.wcnf,10.0
Rounded_CorrelationClustering_Orl_BINARY_N240_D0.200.wcnf,5.0
Rounded_CorrelationClustering_Orl_BINARY_N260_D0.200.wcnf,8.0
Rounded_CorrelationClustering_Orl_BINARY_N280_D0.200.wcnf,4.0
Rounded_CorrelationClustering_Orl_BINARY_N300_D0.200.wcnf,2.0
Rounded_CorrelationClustering_Orl_BINARY_N320_D0.200.wcnf,3.0
Rounded_CorrelationClustering_Orl_BINARY_N340_D0.200.wcnf,1.0
Rounded_CorrelationClustering_Protein1_BINARY_N200.wcnf,9.0
Rounded_CorrelationClustering_Protein1_BINARY_N220.wcnf,9.0
Rounded_CorrelationClustering_Protein1_BINARY_N240.wcnf,3.0
Rounded_CorrelationClustering_Protein1_BINARY_N260.wcnf,1.0
Rounded_CorrelationClustering_Protein1_BINARY_N280.wcnf,9.0
Rounded_CorrelationClustering_Protein1_BINARY_N300.wcnf,5.0
Rounded_CorrelationClustering_Protein1_BINARY_N320.wcnf,8.0
Rounded_CorrelationClustering_Protein1_BINARY_N340.wcnf,3.0
Rounded_CorrelationClustering_Protein1_BINARY_N360.wcnf,9.0
Rounded_CorrelationClustering_Protein1_BINARY_N380.wcnf,10.0
Rounded_CorrelationClustering_Protein1_BINARY_N400.wcnf,7.0
Rounded_CorrelationClustering_Protein1_TRANSITIVE_N150.wcnf,8.0
Rounded_CorrelationClustering_Protein1_TRANSITIVE_N170.wcnf,5.0
Rounded_CorrelationClustering_Protein1_TRANSITIVE_N190.wcnf,2.0
Rounded_CorrelationClustering_Protein1_TRANSITIVE_N210.wcnf,4.0
Rounded_CorrelationClustering_Protein1_TRANSITIVE_N230.wcnf,9.0
Rounded_CorrelationClustering_Protein1_TRANSITIVE_N250.wcnf,2.0
Rounded_CorrelationClustering_Protein1_TRANSITIVE_N270.wcnf,5.0
Rounded_CorrelationClustering_Protein1_TRANSITIVE_N290.wcnf,8.0
Rounded_CorrelationClustering_Protein1_UNARY_N150.wcnf,10.0
Rounded_CorrelationClustering_Protein1_UNARY_N170.wcnf,9.0
Rounded_CorrelationClustering_Protein1_UNARY_N190.wcnf,3.0
Rounded_CorrelationClustering_Protein1_UNARY_N210.wcnf,8.0
Rounded_CorrelationClustering_Protein1_UNARY_N230.wcnf,2.0
Rounded_CorrelationClustering_Protein1_UNARY_N250.wcnf,3.0
Rounded_CorrelationClustering_Protein1_UNARY_N270.wcnf,3.0
Rounded_CorrelationClustering_Protein1_UNARY_N290.wcnf,4.0
Rounded_CorrelationClustering_Protein2_BINARY_N200.wcnf,10.0
Rounded_CorrelationClustering_Protein2_BINARY_N220.wcnf,2.0
Rounded_CorrelationClustering_Protein2_BINARY_N240.wcnf,5.0
Rounded_CorrelationClustering_Protein2_BINARY_N260.wcnf,8.0
Rounded_CorrelationClustering_Protein2_BINARY_N280.wcnf,8.0
Rounded_CorrelationClustering_Protein2_BINARY_N300.wcnf,7.0
Rounded_CorrelationClustering_Protein2_BINARY_N320.wcnf,6.0
Rounded_CorrelationClustering_Protein2_BINARY_N340.wcnf,9.0
Rounded_CorrelationClustering_Protein2_BINARY_N360.wcnf,3.0
Rounded_CorrelationClustering_Protein2_BINARY_N380.wcnf,3.0
Rounded_CorrelationClustering_Protein2_BINARY_N400.wcnf,7.0
Rounded_CorrelationClustering_Protein2_TRANSITIVE_N100.wcnf,3.0
Rounded_CorrelationClustering_Protein2_TRANSITIVE_N120.wcnf,10.0
Rounded_CorrelationClustering_Protein2_TRANSITIVE_N140.wcnf,4.0
Rounded_CorrelationClustering_Protein2_TRANSITIVE_N160.wcnf,4.0
Rounded_CorrelationClustering_Protein2_TRANSITIVE_N180.wcnf,8.0
Rounded_CorrelationClustering_Protein2_TRANSITIVE_N200.wcnf,5.0
Rounded_CorrelationClustering_Protein2_TRANSITIVE_N220.wcnf,4.0
Rounded_CorrelationClustering_Protein2_TRANSITIVE_N240.wcnf,1.0
Rounded_CorrelationClustering_Protein2_TRANSITIVE_N260.wcnf,6.0
Rounded_CorrelationClustering_Protein2_UNARY_N100.wcnf,8.0
Rounded_CorrelationClustering_Protein2_UNARY_N120.wcnf,7.0
Rounded_CorrelationClustering_Protein2_UNARY_N140.wcnf,6.0
Rounded_CorrelationClustering_Protein2_UNARY_N160.wcnf,1.0
Rounded_CorrelationClustering_Protein2_UNARY_N180.wcnf,2.0
Rounded_CorrelationClustering_Protein2_UNARY_N200.wcnf,4.0
Rounded_CorrelationClustering_Protein2_UNARY_N220.wcnf,1.0
Rounded_CorrelationClustering_Protein2_UNARY_N240.wcnf,6.0
Rounded_CorrelationClustering_Protein2_UNARY_N260.wcnf,10.0
Rounded_CorrelationClustering_Protein3_BINARY_N200.wcnf,6.0
Rounded_CorrelationClustering_Protein3_BINARY_N220.wcnf,10.0
Rounded_CorrelationClustering_Protein3_BINARY_N240.wcnf,6.0
Rounded_CorrelationClustering_Protein3_BINARY_N260.wcnf,5.0
Rounded_CorrelationClustering_Protein3_BINARY_N280.wcnf,5.0
Rounded_CorrelationClustering_Protein3_BINARY_N300.wcnf,1.0
Rounded_CorrelationClustering_Protein3_BINARY_N320.wcnf,5.0
Rounded_CorrelationClustering_Protein3_BINARY_N340.wcnf,7.0
Rounded_CorrelationClustering_Protein3_BINARY_N360.wcnf,6.0
Rounded_CorrelationClustering_Protein3_BINARY_N380.wcnf,4.0
Rounded_CorrelationClustering_Protein3_BINARY_N400.wcnf,9.0
Rounded_CorrelationClustering_Protein3_TRANSITIVE_N200.wcnf,1.0
Rounded_CorrelationClustering_Protein3_TRANSITIVE_N220.wcnf,10.0
Rounded_CorrelationClustering_Protein3_TRANSITIVE_N240.wcnf,2.0
Rounded_CorrelationClustering_Protein3_TRANSITIVE_N260.wcnf,4.0
Rounded_CorrelationClustering_Protein3_TRANSITIVE_N280.wcnf,8.0
Rounded_CorrelationClustering_Protein3_TRANSITIVE_N300.wcnf,1.0
Rounded_CorrelationClustering_Protein3_UNARY_N200.wcnf,3.0
Rounded_CorrelationClustering_Protein3_UNARY_N220.wcnf,8.0
Rounded_CorrelationClustering_Protein3_UNARY_N240.wcnf,10.0
Rounded_CorrelationClustering_Protein3_UNARY_N260.wcnf,2.0
Rounded_CorrelationClustering_Protein3_UNARY_N280.wcnf,7.0
Rounded_CorrelationClustering_Protein3_UNARY_N300.wcnf,6.0
Rounded_CorrelationClustering_Protein4_BINARY_N200.wcnf,8.0
Rounded_CorrelationClustering_Protein4_BINARY_N220.wcnf,7.0
Rounded_CorrelationClustering_Protein4_BINARY_N240.wcnf,3.0
Rounded_CorrelationClustering_Protein4_BINARY_N260.wcnf,10.0
Rounded_CorrelationClustering_Protein4_BINARY_N280.wcnf,2.0
Rounded_CorrelationClustering_Protein4_BINARY_N300.wcnf,5.0
Rounded_CorrelationClustering_Protein4_BINARY_N320.wcnf,9.0
Rounded_CorrelationClustering_Protein4_BINARY_N340.wcnf,6.0
Rounded_CorrelationClustering_Protein4_BINARY_N360.wcnf,9.0
Rounded_CorrelationClustering_Protein4_BINARY_N380.wcnf,10.0
Rounded_CorrelationClustering_Protein4_BINARY_N400.wcnf,10.0
Rounded_CorrelationClustering_Protein4_TRANSITIVE_N150.wcnf,6.0
Rounded_CorrelationClustering_Protein4_TRANSITIVE_N170.wcnf,1.0
Rounded_CorrelationClustering_Protein4_TRANSITIVE_N190.wcnf,9.0
Rounded_CorrelationClustering_Protein4_TRANSITIVE_N210.wcnf,9.0
Rounded_CorrelationClustering_Protein4_TRANSITIVE_N230.wcnf,2.0
Rounded_CorrelationClustering_Protein4_TRANSITIVE_N250.wcnf,10.0
Rounded_CorrelationClustering_Protein4_UNARY_N150.wcnf,10.0
Rounded_CorrelationClustering_Protein4_UNARY_N170.wcnf,2.0
Rounded_CorrelationClustering_Protein4_UNARY_N190.wcnf,5.0
Rounded_CorrelationClustering_Protein4_UNARY_N210.wcnf,9.0
Rounded_CorrelationClustering_Protein4_UNARY_N230.wcnf,1.0
Rounded_CorrelationClustering_Protein4_UNARY_N250.wcnf,2.0
Rounded_CorrelationClustering_Vowel_BINARY_N700_D0.200.wcnf,2.0
Rounded_CorrelationClustering_Vowel_BINARY_N720_D0.200.wcnf,10.0
Rounded_CorrelationClustering_Vowel_BINARY_N740_D0.200.wcnf,9.0
Rounded_CorrelationClustering_Vowel_BINARY_N760_D0.200.wcnf,1.0
Rounded_CorrelationClustering_Vowel_BINARY_N780_D0.200.wcnf,3.0
Rounded_CorrelationClustering_Vowel_BINARY_N800_D0.200.wcnf,3.0
SouthAfricaLewitt2009.xml.wcnf,10.0
WCNF_pathways_p01.wcnf,7.0
WCNF_pathways_p02.wcnf,1.0
WCNF_pathways_p03.wcnf,1.0
WCNF_pathways_p04.wcnf,4.0
WCNF_pathways_p05.wcnf,9.0
WCNF_pathways_p06.wcnf,3.0
WCNF_pathways_p07.wcnf,5.0
WCNF_pathways_p08.wcnf,1.0
WCNF_pathways_p09.wcnf,2.0
WCNF_pathways_p10.wcnf,4.0
WCNF_pathways_p11.wcnf,4.0
WCNF_pathways_p12.wcnf,6.0
WCNF_pathways_p14.wcnf,9.0
WCNF_pathways_p16.wcnf,3.0
WCNF_pathways_p17.wcnf,7.0
WCNF_pathways_p18.wcnf,6.0
WCNF_pathways_p20.wcnf,1.0
WCNF_storage_p01.wcnf,8.0
WCNF_storage_p02.wcnf,3.0
WCNF_storage_p03.wcnf,8.0
WCNF_storage_p04.wcnf,2.0
WCNF_storage_p05.wcnf,10.0
WCNF_storage_p06.wcnf,6.0
WCNF_storage_p07.wcnf,8.0
WCNF_trucks_p01.wcnf,10.0
WCNF_trucks_p02.wcnf,6.0
WCNF_trucks_p03.wcnf,10.0
WCNF_trucks_p04.wcnf,6.0
WCNF_trucks_p05.wcnf,9.0
a754ac72-95cc-11e0-9181-00163e1e087d_l2.wcnf,2.0
ab9005be-bacc-11e0-b0f6-00163e1e087d_l1.wcnf,9.0
ab9005be-bacc-11e0-b0f6-00163e1e087d_l2.wcnf,9.0
ar-1.wcnf,7.0
ar-2.wcnf,10.0
ar-3.wcnf,3.0
b2540c52-51b7-11e0-aa4f-00163e1e087d_l1.wcnf,1.0
bccf69ae-db9e-11df-9a24-00163e3d3b7c_l1.wcnf,7.0
bf2030fvcons.wcnf,7.0
bf2030fvslack.wcnf,2.0
c2164c84-b015-11df-8b50-00163e46d37a_l1.wcnf,2.0
c2164c84-b015-11df-8b50-00163e46d37a_l2.wcnf,9.0
ca8f656c-db9e-11df-b9cf-00163e3d3b7c_l2.wcnf,8.0
caefdef6-3477-11e0-84ef-00163e3d3b7c_l1.wcnf,2.0
caefdef6-3477-11e0-84ef-00163e3d3b7c_l2.wcnf,2.0
cff22854-9512-11e0-8001-00163e1e087d_l2.wcnf,8.0
comp01.wcnf,8.0
comp02.wcnf,6.0
comp03.wcnf,2.0
comp04.wcnf,1.0
comp05.wcnf,4.0
comp06.wcnf,2.0
comp07.wcnf,7.0
comp08.wcnf,6.0
comp09.wcnf,8.0
comp10.wcnf,7.0
comp12.wcnf,9.0
comp13.wcnf,1.0
comp14.wcnf,1.0
comp15.wcnf,7.0
comp16.wcnf,3.0
comp17.wcnf,6.0
comp18.wcnf,4.0
comp19.wcnf,6.0
comp20.wcnf,10.0
comp21.wcnf,3.0
d023d256-3477-11e0-bdb2-00163e3d3b7c_l1.wcnf,1.0
d023d256-3477-11e0-bdb2-00163e3d3b7c_l2.wcnf,8.0
d0cc7514-c730-11df-a040-00163e3d3b7c_l1.wcnf,9.0
d4.wcnf,9.0
d5026b8e-3477-11e0-986e-00163e3d3b7c_l1.wcnf,6.0
dba3a3fe-3477-11e0-9e6c-00163e3d3b7c_l1.wcnf,8.0
dba3a3fe-3477-11e0-9e6c-00163e3d3b7c_l2.wcnf,8.0
dds1.wcnf,2.0
dds4.wcnf,9.0
deb285a6-db9e-11df-8f4f-00163e3d3b7c_l2.wcnf,2.0
downcast-antlr.wcnf,1.0
downcast-avrora.wcnf,1.0
downcast-hsqldb.wcnf,10.0
downcast-pmd.wcnf,5.0
downcast-xalan.wcnf,3.0
dp43.wcnf,6.0
e0bd67a6-56d0-11df-b11f-00163e7a6f5e_l1.wcnf,8.0
e0bd67a6-56d0-11df-b11f-00163e7a6f5e_l2.wcnf,8.0
e2f6303a-4fe9-11e0-aa4f-00163e1e087d_l1.wcnf,10.0
e381ba7e-a192-11e0-8647-00163e1e087d_l2.wcnf,3.0
e599f3fc-360e-11e0-986e-00163e3d3b7c_l1.wcnf,1.0
e69a0e36-9ef1-11df-9d4a-00163e46d37a_l1.wcnf,5.0
ec32fc68-7254-11e0-8436-00163e1e087d_l1.wcnf,4.0
eeee44ce-5407-11df-b11f-00163e7a6f5e_l1.wcnf,3.0
eeee44ce-5407-11df-b11f-00163e7a6f5e_l2.wcnf,1.0
f2030.wcnf,8.0
f4ebf9e0-360e-11e0-9e6c-00163e3d3b7c_l1.wcnf,5.0
fa3d0fb2-db9e-11df-a0ec-00163e3d3b7c_l1.wcnf,7.0
ff4a1d84-d490-11df-9e6c-00163e3d3b7c_l1.wcnf,9.0
mancoosi-test-i1000d0u98-0.wcnf,1.0
mancoosi-test-i1000d0u98-1.wcnf,8.0
mancoosi-test-i1000d0u98-10.wcnf,10.0
mancoosi-test-i1000d0u98-11.wcnf,6.0
mancoosi-test-i1000d0u98-12.wcnf,10.0
mancoosi-test-i1000d0u98-13.wcnf,7.0
mancoosi-test-i1000d0u98-14.wcnf,7.0
mancoosi-test-i1000d0u98-15.wcnf,6.0
mancoosi-test-i1000d0u98-16.wcnf,7.0
mancoosi-test-i1000d0u98-17.wcnf,8.0
mancoosi-test-i1000d0u98-18.wcnf,5.0
mancoosi-test-i1000d0u98-19.wcnf,1.0
mancoosi-test-i1000d0u98-2.wcnf,7.0
mancoosi-test-i1000d0u98-20.wcnf,7.0
mancoosi-test-i1000d0u98-21.wcnf,9.0
mancoosi-test-i1000d0u98-22.wcnf,2.0
mancoosi-test-i1000d0u98-23.wcnf,2.0
mancoosi-test-i1000d0u98-24.wcnf,2.0
mancoosi-test-i1000d0u98-3.wcnf,8.0
mancoosi-test-i1000d0u98-4.wcnf,5.0
mancoosi-test-i1000d0u98-5.wcnf,6.0
mancoosi-test-i1000d0u98-6.wcnf,5.0
mancoosi-test-i1000d0u98-7.wcnf,5.0
mancoosi-test-i1000d0u98-8.wcnf,9.0
mancoosi-test-i1000d0u98-9.wcnf,2.0
mancoosi-test-i2000d0u98-25.wcnf,8.0
mancoosi-test-i2000d0u98-26.wcnf,3.0
mancoosi-test-i2000d0u98-27.wcnf,8.0
mancoosi-test-i2000d0u98-28.wcnf,5.0
mancoosi-test-i2000d0u98-29.wcnf,10.0
mancoosi-test-i2000d0u98-30.wcnf,4.0
mancoosi-test-i2000d0u98-31.wcnf,3.0
mancoosi-test-i2000d0u98-32.wcnf,9.0
mancoosi-test-i2000d0u98-33.wcnf,6.0
mancoosi-test-i2000d0u98-34.wcnf,8.0
mancoosi-test-i2000d0u98-35.wcnf,7.0
mancoosi-test-i2000d0u98-36.wcnf,8.0
mancoosi-test-i2000d0u98-37.wcnf,2.0
mancoosi-test-i2000d0u98-38.wcnf,6.0
mancoosi-test-i2000d0u98-39.wcnf,1.0
mancoosi-test-i2000d0u98-40.wcnf,4.0
mancoosi-test-i2000d0u98-41.wcnf,6.0
mancoosi-test-i2000d0u98-42.wcnf,8.0
mancoosi-test-i2000d0u98-43.wcnf,6.0
mancoosi-test-i2000d0u98-44.wcnf,9.0
mancoosi-test-i2000d0u98-45.wcnf,7.0
mancoosi-test-i2000d0u98-46.wcnf,9.0
mancoosi-test-i2000d0u98-47.wcnf,4.0
mancoosi-test-i2000d0u98-48.wcnf,4.0
mancoosi-test-i2000d0u98-49.wcnf,5.0
mancoosi-test-i3000d0u98-50.wcnf,5.0
mancoosi-test-i3000d0u98-51.wcnf,10.0
mancoosi-test-i3000d0u98-52.wcnf,4.0
mancoosi-test-i3000d0u98-53.wcnf,6.0
mancoosi-test-i3000d0u98-54.wcnf,6.0
mancoosi-test-i3000d0u98-55.wcnf,10.0
mancoosi-test-i3000d0u98-56.wcnf,9.0
mancoosi-test-i3000d0u98-57.wcnf,2.0
mancoosi-test-i3000d0u98-58.wcnf,3.0
mancoosi-test-i3000d0u98-59.wcnf,4.0
mancoosi-test-i3000d0u98-60.wcnf,3.0
mancoosi-test-i3000d0u98-61.wcnf,10.0
mancoosi-test-i3000d0u98-62.wcnf,2.0
mancoosi-test-i3000d0u98-63.wcnf,7.0
mancoosi-test-i3000d0u98-64.wcnf,10.0
mancoosi-test-i3000d0u98-65.wcnf,6.0
mancoosi-test-i3000d0u98-66.wcnf,4.0
mancoosi-test-i3000d0u98-67.wcnf,3.0
mancoosi-test-i3000d0u98-68.wcnf,9.0
mancoosi-test-i3000d0u98-69.wcnf,9.0
mancoosi-test-i3000d0u98-70.wcnf,1.0
mancoosi-test-i3000d0u98-71.wcnf,8.0
mancoosi-test-i3000d0u98-72.wcnf,2.0
mancoosi-test-i3000d0u98-73.wcnf,6.0
mancoosi-test-i3000d0u98-74.wcnf,3.0
mancoosi-test-i4000d0u98-75.wcnf,6.0
mancoosi-test-i4000d0u98-76.wcnf,2.0
mancoosi-test-i4000d0u98-77.wcnf,1.0
mancoosi-test-i4000d0u98-78.wcnf,4.0
mancoosi-test-i4000d0u98-79.wcnf,4.0
mancoosi-test-i4000d0u98-80.wcnf,8.0
mancoosi-test-i4000d0u98-81.wcnf,3.0
mancoosi-test-i4000d0u98-82.wcnf,9.0
mancoosi-test-i4000d0u98-83.wcnf,5.0
mancoosi-test-i4000d0u98-84.wcnf,4.0
mancoosi-test-i4000d0u98-85.wcnf,2.0
mancoosi-test-i4000d0u98-86.wcnf,2.0
mancoosi-test-i4000d0u98-87.wcnf,8.0
mancoosi-test-i4000d0u98-88.wcnf,5.0
mancoosi-test-i4000d0u98-89.wcnf,8.0
mancoosi-test-i4000d0u98-90.wcnf,9.0
mancoosi-test-i4000d0u98-91.wcnf,2.0
mancoosi-test-i4000d0u98-92.wcnf,10.0
mancoosi-test-i4000d0u98-93.wcnf,2.0
mancoosi-test-i4000d0u98-94.wcnf,6.0
mancoosi-test-i4000d0u98-95.wcnf,6.0
mancoosi-test-i4000d0u98-96.wcnf,7.0
mancoosi-test-i4000d0u98-97.wcnf,2.0
mancoosi-test-i4000d0u98-98.wcnf,3.0
mancoosi-test-i4000d0u98-99.wcnf,10.0
p15.wcnf,7.0
pa-1.wcnf,5.0
pa-2.wcnf,6.0
pa-3.wcnf,7.0
ped2.B.recomb1-0.01-1.wcnf,5.0
ped2.B.recomb1-0.01-2.wcnf,9.0
ped2.B.recomb1-0.01-3.wcnf,7.0
ped2.B.recomb1-0.01-4.wcnf,9.0
ped2.B.recomb1-0.01-5.wcnf,8.0
ped2.B.recomb1-0.10-10.wcnf,8.0
ped2.B.recomb1-0.10-6.wcnf,5.0
ped2.B.recomb1-0.10-7.wcnf,4.0
ped2.B.recomb1-0.10-8.wcnf,1.0
ped2.B.recomb1-0.10-9.wcnf,8.0
ped2.B.recomb1-0.20-11.wcnf,4.0
ped2.B.recomb1-0.20-12.wcnf,1.0
ped2.B.recomb1-0.20-13.wcnf,7.0
ped2.B.recomb1-0.20-14.wcnf,7.0
ped2.B.recomb1-0.20-15.wcnf,2.0
ped2.G.recomb1-0.01-1.wcnf,3.0
ped2.G.recomb1-0.01-2.wcnf,1.0
ped2.G.recomb1-0.01-3.wcnf,2.0
ped2.G.recomb1-0.01-4.wcnf,1.0
ped2.G.recomb1-0.01-5.wcnf,8.0
ped2.G.recomb1-0.10-10.wcnf,3.0
ped2.G.recomb1-0.10-6.wcnf,9.0
ped2.G.recomb1-0.10-7.wcnf,1.0
ped2.G.recomb1-0.10-8.wcnf,9.0
ped2.G.recomb1-0.10-9.wcnf,1.0
ped2.G.recomb1-0.20-11.wcnf,3.0
ped2.G.recomb1-0.20-12.wcnf,10.0
ped2.G.recomb1-0.20-13.wcnf,8.0
ped2.G.recomb1-0.20-14.wcnf,10.0
ped2.G.recomb1-0.20-15.wcnf,2.0
ped2.G.recomb10-0.01-1.wcnf,5.0
ped2.G.recomb10-0.01-2.wcnf,10.0
ped2.G.recomb10-0.01-3.wcnf,5.0
ped2.G.recomb10-0.01-4.wcnf,7.0
ped2.G.recomb10-0.01-5.wcnf,3.0
ped2.G.recomb10-0.10-10.wcnf,1.0
ped2.G.recomb10-0.10-6.wcnf,5.0
ped2.G.recomb10-0.10-7.wcnf,4.0
ped2.G.recomb10-0.10-8.wcnf,5.0
ped2.G.recomb10-0.10-9.wcnf,5.0
ped2.G.recomb10-0.20-11.wcnf,4.0
ped2.G.recomb10-0.20-12.wcnf,2.0
ped2.G.recomb10-0.20-13.wcnf,3.0
ped2.G.recomb10-0.20-14.wcnf,7.0
ped2.G.recomb10-0.20-15.wcnf,9.0
ped2.G.recomb5-0.01-1.wcnf,5.0
ped2.G.recomb5-0.01-2.wcnf,2.0
ped2.G.recomb5-0.01-3.wcnf,10.0
ped2.G.recomb5-0.01-4.wcnf,1.0
ped2.G.recomb5-0.01-5.wcnf,10.0
ped2.G.recomb5-0.10-10.wcnf,6.0
ped2.G.recomb5-0.10-6.wcnf,1.0
ped2.G.recomb5-0.10-7.wcnf,6.0
ped2.G.recomb5-0.10-8.wcnf,3.0
ped2.G.recomb5-0.10-9.wcnf,6.0
ped2.G.recomb5-0.20-11.wcnf,6.0
ped2.G.recomb5-0.20-12.wcnf,6.0
ped2.G.recomb5-0.20-13.wcnf,8.0
ped2.G.recomb5-0.20-14.wcnf,5.0
ped2.G.recomb5-0.20-15.wcnf,6.0
ped3.D.recomb10-0.20-11.wcnf,7.0
ped3.D.recomb10-0.20-12.wcnf,3.0
ped3.D.recomb10-0.20-13.wcnf,7.0
ped3.D.recomb10-0.20-14.wcnf,5.0
ped3.D.recomb10-0.20-15.wcnf,2.0
ped3.E.recomb10-0.20-11.wcnf,2.0
ped3.E.recomb10-0.20-12.wcnf,3.0
ped3.E.recomb10-0.20-13.wcnf,4.0
ped3.E.recomb10-0.20-14.wcnf,8.0
ped3.E.recomb10-0.20-15.wcnf,6.0
ped3.F.recomb10-0.01-1.wcnf,5.0
ped3.F.recomb10-0.01-2.wcnf,9.0
ped3.F.recomb10-0.01-3.wcnf,7.0
ped3.F.recomb10-0.01-4.wcnf,5.0
ped3.F.recomb10-0.01-5.wcnf,8.0
ped3.F.recomb10-0.10-10.wcnf,2.0
ped3.F.recomb10-0.10-6.wcnf,3.0
ped3.F.recomb10-0.10-7.wcnf,8.0
ped3.F.recomb10-0.10-8.wcnf,8.0
ped3.F.recomb10-0.10-9.wcnf,5.0
ped3.F.recomb10-0.20-11.wcnf,10.0
ped3.F.recomb10-0.20-12.wcnf,4.0
ped3.F.recomb10-0.20-13.wcnf,5.0
ped3.F.recomb10-0.20-14.wcnf,7.0
ped3.F.recomb10-0.20-15.wcnf,2.0
ped3.G.recomb10-0.01-1.wcnf,6.0
ped3.G.recomb10-0.01-2.wcnf,7.0
ped3.G.recomb10-0.01-3.wcnf,4.0
ped3.G.recomb10-0.01-4.wcnf,4.0
ped3.G.recomb10-0.01-5.wcnf,3.0
ped3.G.recomb10-0.10-10.wcnf,8.0
ped3.G.recomb10-0.10-6.wcnf,6.0
ped3.G.recomb10-0.10-7.wcnf,6.0
ped3.G.recomb10-0.10-8.wcnf,5.0
ped3.G.recomb10-0.10-9.wcnf,2.0
ped3.G.recomb10-0.20-11.wcnf,1.0
ped3.G.recomb10-0.20-12.wcnf,8.0
ped3.G.recomb10-0.20-13.wcnf,7.0
ped3.G.recomb10-0.20-14.wcnf,3.0
ped3.G.recomb10-0.20-15.wcnf,10.0
pesp_18Min.wcnf,5.0
pesp_5min.wcnf,10.0
polysite-avrora.wcnf,9.0
polysite-bloat.wcnf,1.0
polysite-hsqldb.wcnf,3.0
polysite-lusearch.wcnf,8.0
polysite-pmd.wcnf,4.0
polysite-xalan.wcnf,10.0
r11.wcnf,10.0
rand116_l2.wcnf,3.0
rand118_l2.wcnf,10.0
rand131_l2.wcnf,4.0
rand172_l1.wcnf,1.0
rand179_l1.wcnf,2.0
rand196_l1.wcnf,6.0
rand196_l2.wcnf,7.0
rand208_l1.wcnf,9.0
rand208_l2.wcnf,10.0
rand213_l2.wcnf,1.0
rand220_l2.wcnf,4.0
rand242_l1.wcnf,3.0
rand293_l1.wcnf,8.0
rand307_l2.wcnf,6.0
rand308_l2.wcnf,3.0
rand30_l1.wcnf,9.0
rand377_l2.wcnf,1.0
rand381_l1.wcnf,10.0
rand393_l1.wcnf,1.0
rand425_l1.wcnf,7.0
rand446_l1.wcnf,5.0
rand491_l2.wcnf,8.0
rand507_l1.wcnf,7.0
rand507_l2.wcnf,10.0
rand547_l2.wcnf,2.0
rand583_l2.wcnf,10.0
rand653_l2.wcnf,8.0
rand695_l1.wcnf,5.0
rand717_l2.wcnf,7.0
rand752_l1.wcnf,3.0
rand83_l1.wcnf,3.0
rand83_l2.wcnf,8.0
rand869_l1.wcnf,3.0
rand874_l1.wcnf,1.0
rand892_l1.wcnf,9.0
rand892_l2.wcnf,2.0
rand929_l2.wcnf,5.0
rand954_l1.wcnf,1.0
rand981_l2.wcnf,5.0
rand984_l1.wcnf,7.0
rand984_l2.wcnf,7.0
rc-1.wcnf,3.0
rc-2.wcnf,5.0
rc-3.wcnf,7.0
test1.wcnf,4.0
test2.wcnf,2.0
test3.wcnf,1.0
test4.wcnf,5.0
we.wcnf,3.0
wg2.wcnf,3.0
