Instance,CV
AR-fixpoint-5,4.0
Adder2-10-s,7.0
Adder2-16-s,2.0
Adder2-2-c,5.0
Adder2-8-c,4.0
Adder2-8-s,2.0
BLOCKS3i.5.3,9.0
BLOCKS3i.5.4,2.0
BLOCKS3ii.4.3,10.0
BLOCKS3ii.5.2,6.0
BLOCKS3ii.5.3,10.0
BLOCKS3iii.4,6.0
BLOCKS3iii.5,4.0
BLOCKS4i.6.4,9.0
BLOCKS4ii.7.2,2.0
BLOCKS4iii.6,9.0
C432.blif_0.10_0.20_0_0_inp_exact,2.0
C432.blif_0.10_0.20_0_0_out_exact,9.0
C432.blif_0.10_0.20_0_1_inp_exact,1.0
C432.blif_0.10_0.20_0_1_out_exact,6.0
C432.blif_0.10_1.00_0_0_inp_exact,7.0
C432.blif_0.10_1.00_0_0_out_exact,10.0
C432.blif_0.10_1.00_0_1_inp_exact,6.0
C432.blif_0.10_1.00_0_1_out_exact,9.0
C499.blif_0.10_0.20_0_0_inp_exact,4.0
C499.blif_0.10_0.20_0_0_out_exact,6.0
C499.blif_0.10_0.20_0_1_inp_exact,8.0
C499.blif_0.10_0.20_0_1_out_exact,10.0
C499.blif_0.10_1.00_0_0_inp_exact,1.0
C499.blif_0.10_1.00_0_0_out_exact,2.0
C499.blif_0.10_1.00_0_1_inp_exact,8.0
C499.blif_0.10_1.00_0_1_out_exact,4.0
C5315.blif_0.10_0.20_0_0_inp_exact,8.0
C5315.blif_0.10_0.20_0_0_out_exact,7.0
C5315.blif_0.10_0.20_0_1_inp_exact,3.0
C5315.blif_0.10_0.20_0_1_out_exact,8.0
C5315.blif_0.10_1.00_0_0_inp_exact,4.0
C5315.blif_0.10_1.00_0_0_out_exact,10.0
C5315.blif_0.10_1.00_0_1_inp_exact,2.0
C5315.blif_0.10_1.00_0_1_out_exact,1.0
C6288.blif_0.10_0.20_0_0_inp_exact,8.0
C6288.blif_0.10_0.20_0_0_out_exact,4.0
C6288.blif_0.10_0.20_0_1_inp_exact,7.0
C6288.blif_0.10_0.20_0_1_out_exact,5.0
C6288.blif_0.10_1.00_0_0_inp_exact,4.0
C6288.blif_0.10_1.00_0_0_out_exact,6.0
C6288.blif_0.10_1.00_0_1_inp_exact,6.0
C6288.blif_0.10_1.00_0_1_out_exact,3.0
C880.blif_0.10_0.20_0_0_inp_exact,2.0
C880.blif_0.10_0.20_0_0_out_exact,6.0
C880.blif_0.10_0.20_0_1_inp_exact,7.0
C880.blif_0.10_0.20_0_1_out_exact,4.0
C880.blif_0.10_1.00_0_0_inp_exact,4.0
C880.blif_0.10_1.00_0_0_out_exact,3.0
C880.blif_0.10_1.00_0_1_inp_exact,8.0
C880.blif_0.10_1.00_0_1_out_exact,6.0
CHAIN12v.13,5.0
CHAIN14v.15,5.0
CHAIN16v.17,2.0
CHAIN17v.18,9.0
CHAIN18v.19,2.0
CHAIN19v.20,6.0
CHAIN20v.21,4.0
CHAIN21v.22,8.0
CHAIN22v.23,6.0
CHAIN23v.24,9.0
Core1108_tbm_02.tex.moduleQ3.2S.000015,2.0
Core1108_tbm_03.tex.moduleQ3.2S.000002,4.0
Core1108_tbm_21.tex.module.000008,4.0
Core1108_tbm_21.tex.module.000026,8.0
Core1108_tbm_21.tex.module.000027,10.0
Core1108_tbm_21.tex.module.000030,5.0
Umbrella_tbm_05.tex.module.000039,2.0
Umbrella_tbm_24.tex.module.000066,8.0
Umbrella_tbm_24.tex.module.000131,10.0
Umbrella_tbm_25.tex.moduleQ3.2S.000075,9.0
adder-10-sat,1.0
adder-12-sat,9.0
adder-12-unsat,10.0
adder-14-sat,8.0
adder-2-unsat,4.0
aim-100-1_6-yes1-2-00,3.0
aim-100-6_0-yes1-3-50,6.0
aim-200-1_6-yes1-4-90,1.0
aim-50-6_0-yes1-3-50,1.0
arbiter-06-comp-error01-qbf-hardness-depth-12,1.0
arbiter-06-comp-error01-qbf-hardness-depth-15,4.0
arbiter-06-comp-error02-qbf-hardness-depth-5,9.0
arbiter-07-comp-error01-qbf-hardness-depth-11,4.0
arbiter-07-comp-error01-qbf-hardness-depth-20,1.0
arbiter-07-comp-error01-qbf-hardness-depth-4,10.0
arbiter-07-comp-error02-qbf-hardness-depth-6,2.0
arbiter-08-comp-error02-qbf-hardness-depth-9,2.0
arbiter-10-comp-error01-qbf-hardness-depth-10,7.0
arbiter-10-comp-error01-qbf-hardness-depth-22,2.0
audio_ddksynth_csynth2.cpp,4.0
b12_PR_9_2,10.0
b20_C_3_2,2.0
b20_PR_7_20,6.0
b20_PR_7_90,1.0
b21_C_3_206,3.0
b22_C_2_12,7.0
b22_PR_8_20,8.0
biu.mv.xl_ao.bb-b001-p005-OPF03-c09.blif-biu.inv1.prop.bb-bmc.with-IOC.unfold-003,8.0
biu.mv.xl_ao.bb-b001-p005-OPF05-c02.blif-biu.inv1.prop.bb-bmc.with-IOC.unfold-004,8.0
biu.mv.xl_ao.bb-b001-p005-OPF05-c03.blif-biu.inv1.prop.bb-bmc.with-IOC.unfold-004,8.0
biu.mv.xl_ao.bb-b001-p010-IPF02-c07.blif-biu.inv1.prop.bb-bmc.with-IOC.unfold-003,1.0
biu.mv.xl_ao.bb-b001-p010-IPF02-c08.blif-biu.inv1.prop.bb-bmc.with-IOC.unfold-003,9.0
biu.mv.xl_ao.bb-b001-p010-IPF05-c07.blif-biu.inv1.prop.bb-bmc.with-IOC.unfold-003,1.0
biu.mv.xl_ao.bb-b001-p010-MIF01-c01.blif-biu.inv1.prop.bb-bmc.with-IOC.unfold-004,10.0
biu.mv.xl_ao.bb-b001-p010-MIF04-c06.blif-biu.inv1.prop.bb-bmc.with-IOC.unfold-005,9.0
biu.mv.xl_ao.bb-b001-p010-MIF05-c07.blif-biu.inv1.prop.bb-bmc.with-IOC.unfold-004,2.0
biu.mv.xl_ao.bb-b001-p010-OPF02-c08.blif-biu.inv1.prop.bb-bmc.with-IOC.unfold-003,4.0
biu.mv.xl_ao.bb-b003-p020-IPF01-c05.blif-biu.inv.prop.bb-bmc.conf04.01X-QBF.BB1-01X.BB2-01X.BB3-Zi.with-IOC.unfold-008,4.0
biu.mv.xl_ao.bb-b003-p020-IPF02-c05.blif-biu.inv.prop.bb-bmc.conf01.01X-QBF.BB1-Zi.BB2-01X.BB3-01X.with-IOC.unfold-005,1.0
biu.mv.xl_ao.bb-b003-p020-IPF03-c03.blif-biu.inv.prop.bb-bmc.conf00.01X-QBF.BB1-01X.BB2-01X.BB3-01X.with-IOC.unfold-003,10.0
biu.mv.xl_ao.bb-b003-p020-IPF03-c03.blif-biu.inv.prop.bb-bmc.conf07.01X-QBF.BB1-Zi.BB2-Zi.BB3-Zi.with-IOC.unfold-008,8.0
biu.mv.xl_ao.bb-b003-p020-IPF03-c03.blif-biu.inv.prop.bb-bmc.with-IOC.unfold-009,5.0
biu.mv.xl_ao.bb-b003-p020-MIF04-c05.blif-biu.inv.prop.bb-bmc.conf01.01X-QBF.BB1-Zi.BB2-01X.BB3-01X.with-IOC.unfold-001,2.0
biu.mv.xl_ao.bb-b003-p020-MIF04-c05.blif-biu.inv.prop.bb-bmc.conf03.01X-QBF.BB1-Zi.BB2-Zi.BB3-01X.with-IOC.unfold-005,3.0
biu.mv.xl_ao.bb-b003-p020-MIF04-c05.blif-biu.inv.prop.bb-bmc.conf05.01X-QBF.BB1-Zi.BB2-01X.BB3-Zi.with-IOC.unfold-003,6.0
biu.mv.xl_ao.bb-b003-p020-MIF04-c05.blif-biu.inv.prop.bb-bmc.conf07.01X-QBF.BB1-Zi.BB2-Zi.BB3-Zi.with-IOC.unfold-007,4.0
biu.mv.xl_ao.bb-b003-p020-MIF04-c05.blif-biu.inv.prop.bb-bmc.conf07.01X-QBF.BB1-Zi.BB2-Zi.BB3-Zi.with-IOC.unfold-010,7.0
c1_BMC_p1_k4,3.0
c1_BMC_p2_k1024,9.0
c1_BMC_p2_k512,2.0
c1_Debug_s3_f1_e1_v1,6.0
c1_Debug_s5_f1_e1_v2,9.0
c2_BMC_p1_k2048,8.0
c2_Debug_s3_f1_e1_v2,1.0
c2_Debug_s3_f2_e1_v3,6.0
c3_BMC_p1_k256,1.0
c3_Debug_s3_f2_e2_v2,9.0
c4_BMC_p1_k32,3.0
c4_BMC_p2_k128,8.0
c4_Debug_s3_f1_e1_v2,8.0
c4_Debug_s3_f1_e2_v2,1.0
c4_Debug_s3_f1_e2_v3,2.0
c4_Debug_s3_f2_e2_v2,2.0
c4_Debug_s5_f2_e2_v1,5.0
c5_BMC_p1_k32,8.0
c5_BMC_p2_k128,10.0
c5_BMC_p2_k64,3.0
cache-coherence-2-fixpoint-1,3.0
cache-coherence-2-fixpoint-6,5.0
cache-coherence-3-fixpoint-3,1.0
cnt01,8.0
cnt02e,10.0
cnt05,7.0
cnt07e,8.0
cnt08e,8.0
cnt10,10.0
cnt11,3.0
cnt14,3.0
cnt16r,10.0
connect_5x4_3_D,5.0
connect_5x4_3_R,8.0
connect_5x4_4_R,9.0
connect_6x5_5_D,6.0
connect_7x6_4_W,10.0
connect_8x7_4_R,5.0
connect_8x7_5_R,6.0
connect_8x7_6_R,6.0
connect_8x7_7_W,10.0
connect_9x8_6_R,2.0
counter_e_2,6.0
cube_c11_par---13_,10.0
cube_c3_ser--opt-6_,10.0
cube_c7_ser--opt-24_,9.0
cube_c9_par--opt-11_,3.0
depots03_9,6.0
driverlog01_7,3.0
driverlog03_7,3.0
driverlog10_6,7.0
dungeon_i10-m10-u10-v0.pddl_planlen=187,2.0
dungeon_i10-m5-u10-v0.pddl_planlen=134,8.0
dungeon_i10-m5-u10-v0.pddl_planlen=23,5.0
dungeon_i15-m7-u4-v0.pddl_planlen=81,4.0
dungeon_i25-m12-u3-v0.pddl_planlen=130,2.0
dungeon_i25-m12-u3-v0.pddl_planlen=165,2.0
dungeon_i25-m12-u3-v0.pddl_planlen=190,1.0
dungeon_i25-m12-u3-v0.pddl_planlen=72,1.0
dungeon_i25-m12-u5-v0.pddl_planlen=170,2.0
dungeon_i25-m12-u5-v0.pddl_planlen=65,2.0
eijk.S382.S-d4,9.0
eijk.bs4863.S-d4,7.0
emptyroom_e3_ser---19_,3.0
emptyroom_e3_ser--opt-20_,6.0
emptyroom_e4_par---21_,6.0
emptyroom_e4_ser--opt-44_,7.0
ev-pr-4x4-11-3-0-0-1-lg,2.0
ev-pr-4x4-11-3-0-0-1-s,10.0
ev-pr-4x4-13-3-0-0-1-lg,5.0
ev-pr-4x4-13-3-0-0-1-s,4.0
ev-pr-4x4-15-3-0-0-1-lg,1.0
ev-pr-4x4-15-3-0-0-1-s,2.0
ev-pr-4x4-17-3-0-0-1-lg,6.0
ev-pr-4x4-17-3-0-0-1-s,8.0
ev-pr-4x4-5-3-0-0-1-lg,4.0
ev-pr-4x4-5-3-0-0-1-s,2.0
ev-pr-4x4-7-3-0-0-1-lg,5.0
ev-pr-4x4-7-3-0-0-1-s,5.0
ev-pr-4x4-9-3-0-0-1-lg,9.0
ev-pr-4x4-9-3-0-0-1-s,8.0
ev-pr-6x6-11-5-0-1-2-lg,6.0
ev-pr-6x6-11-5-0-1-2-s,3.0
ev-pr-6x6-13-5-0-1-2-lg,2.0
ev-pr-6x6-13-5-0-1-2-s,6.0
ev-pr-6x6-15-5-0-1-2-lg,9.0
ev-pr-6x6-15-5-0-1-2-s,3.0
ev-pr-6x6-17-5-0-1-2-lg,7.0
ev-pr-6x6-17-5-0-1-2-s,4.0
ev-pr-6x6-19-5-0-1-2-lg,8.0
ev-pr-6x6-19-5-0-1-2-s,4.0
ev-pr-6x6-5-5-0-1-2-lg,9.0
ev-pr-6x6-5-5-0-1-2-s,2.0
ev-pr-6x6-7-5-0-1-2-lg,5.0
ev-pr-6x6-7-5-0-1-2-s,7.0
ev-pr-6x6-9-5-0-1-2-lg,10.0
ev-pr-6x6-9-5-0-1-2-s,8.0
ev-pr-8x8-11-7-0-1-2-lg,4.0
ev-pr-8x8-13-7-0-1-2-lg,5.0
ev-pr-8x8-15-7-0-1-2-lg,6.0
ev-pr-8x8-17-7-0-1-2-lg,1.0
ev-pr-8x8-19-7-0-1-2-lg,5.0
ev-pr-8x8-5-7-0-1-2-lg,6.0
ev-pr-8x8-7-7-0-1-2-lg,5.0
ev-pr-8x8-9-7-0-1-2-lg,5.0
f600-50,5.0
filesys_smbmrx_cvsndrcv.c,2.0
flipflop-10-c,10.0
flipflop-11-c,5.0
flipflop-12-c,10.0
flipflop-3-c,2.0
flipflop-4-c,4.0
flipflop-5-c,2.0
flipflop-6-c,1.0
flipflop-7-c,3.0
flipflop-8-c,8.0
flipflop-9-c,7.0
fpu-10Xe-correct01-nonuniform-depth-24,1.0
fpu-10Xe-correct01-nonuniform-depth-6,2.0
fpu-10Xe-correct01-uniform-depth-22,5.0
fpu-10Xh-correct04-nonuniform-depth-18,8.0
fpu-10Xh-correct04-nonuniform-depth-27,3.0
fpu-10Xh-correct04-uniform-depth-14,7.0
fpu-10Xh-correct04-uniform-depth-15,3.0
fpu-10Xh-correct04-uniform-depth-16,3.0
fpu-10Xh-correct04-uniform-depth-8,8.0
fpu-10Xh-error01-uniform-depth-5,10.0
gttt_1_1_000111_3x3_torus_w,2.0
gttt_1_1_00101121_4x4_torus_w,8.0
gttt_1_1_001020_3x3_w,3.0
gttt_2_1_00011020_4x4_b,5.0
gttt_2_1_000111_3x3_torus_b,3.0
gttt_2_1_00102030_4x4_torus_b,10.0
gttt_2_1_0010_4x4_torus_b,10.0
gttt_2_2_00101121_3x3_b,8.0
gttt_2_2_001020_4x4_w,8.0
gttt_2_2_0010_3x3_torus_w,5.0
hid_hclient_ecdisp.c,7.0
ii32b1-00,7.0
impl02,9.0
impl04,6.0
impl06,8.0
impl08,1.0
impl10,1.0
impl12,1.0
impl14,1.0
impl16,1.0
impl18,9.0
impl20,6.0
incrementer-enc02-nonuniform-depth-31,3.0
incrementer-enc02-uniform-depth-58,6.0
incrementer-enc03-nonuniform-depth-13,4.0
incrementer-enc03-nonuniform-depth-24,6.0
incrementer-enc05-uniform-depth-2,3.0
incrementer-enc06-uniform-depth-24,8.0
incrementer-enc07-nonuniform-depth-17,2.0
incrementer-enc07-nonuniform-depth-21,4.0
incrementer-enc07-uniform-depth-25,4.0
incrementer-enc08-uniform-depth-33,8.0
input_mouser_cseries.c,2.0
input_pnpi8042_moudep.c,5.0
irst.dme6.B-d2,7.0
jnh212-50,3.0
k12_4_2,6.0
k14_2_3,7.0
k3_1_1,2.0
k5_2_3,5.0
k5_3_2,6.0
k6_2_3,1.0
k8_2_3,6.0
k8_3_2,2.0
k8_3_4,10.0
k8_4_3,7.0
k_branch_n-10,7.0
k_branch_n-11,7.0
k_branch_n-12,8.0
k_branch_n-16,1.0
k_branch_n-2,4.0
k_branch_n-20,6.0
k_branch_n-3,3.0
k_branch_n-4,6.0
k_branch_n-8,8.0
k_branch_n-9,1.0
k_branch_p-10,1.0
k_branch_p-11,1.0
k_branch_p-12,6.0
k_branch_p-14,5.0
k_branch_p-16,9.0
k_branch_p-18,8.0
k_branch_p-21,5.0
k_branch_p-5,2.0
k_branch_p-6,7.0
k_branch_p-8,6.0
k_d4_n-1,9.0
k_d4_n-10,3.0
k_d4_n-14,5.0
k_d4_n-15,2.0
k_d4_n-16,3.0
k_d4_n-2,6.0
k_d4_n-20,1.0
k_d4_n-3,5.0
k_d4_n-7,3.0
k_d4_n-8,3.0
k_d4_p-1,8.0
k_d4_p-10,5.0
k_d4_p-11,10.0
k_d4_p-13,4.0
k_d4_p-16,8.0
k_d4_p-17,1.0
k_d4_p-20,6.0
k_d4_p-4,9.0
k_d4_p-7,1.0
k_d4_p-8,7.0
k_dum_n-1,1.0
k_dum_n-11,3.0
k_dum_n-12,8.0
k_dum_n-17,8.0
k_dum_n-18,3.0
k_dum_n-2,4.0
k_dum_n-21,6.0
k_dum_n-3,7.0
k_dum_n-5,7.0
k_dum_n-9,3.0
k_dum_p-12,8.0
k_dum_p-14,2.0
k_dum_p-16,9.0
k_dum_p-17,5.0
k_dum_p-2,4.0
k_dum_p-20,9.0
k_dum_p-21,8.0
k_dum_p-3,7.0
k_dum_p-4,6.0
k_dum_p-6,1.0
k_grz_n-10,5.0
k_grz_n-18,10.0
k_grz_n-2,10.0
k_grz_n-20,1.0
k_grz_n-21,6.0
k_grz_n-4,10.0
k_grz_n-5,9.0
k_grz_n-6,9.0
k_grz_n-7,4.0
k_grz_n-8,9.0
k_grz_p-10,3.0
k_grz_p-11,2.0
k_grz_p-12,10.0
k_grz_p-13,6.0
k_grz_p-16,8.0
k_grz_p-17,5.0
k_grz_p-18,4.0
k_grz_p-19,6.0
k_grz_p-4,9.0
k_grz_p-5,2.0
k_lin_n-11,7.0
k_lin_n-14,5.0
k_lin_n-15,1.0
k_lin_n-17,8.0
k_lin_n-3,4.0
k_lin_n-5,8.0
k_lin_n-6,9.0
k_lin_n-7,1.0
k_lin_n-8,9.0
k_lin_n-9,6.0
k_lin_p-10,1.0
k_lin_p-11,2.0
k_lin_p-12,6.0
k_lin_p-14,3.0
k_lin_p-19,3.0
k_lin_p-2,9.0
k_lin_p-3,2.0
k_lin_p-4,10.0
k_lin_p-8,2.0
k_lin_p-9,8.0
k_path_n-12,4.0
k_path_n-13,9.0
k_path_n-14,3.0
k_path_n-16,6.0
k_path_n-19,8.0
k_path_n-3,10.0
k_path_n-4,3.0
k_path_n-5,5.0
k_path_n-6,1.0
k_path_n-9,2.0
k_path_p-10,2.0
k_path_p-13,9.0
k_path_p-14,5.0
k_path_p-15,10.0
k_path_p-16,1.0
k_path_p-18,3.0
k_path_p-19,8.0
k_path_p-2,8.0
k_path_p-21,1.0
k_path_p-5,7.0
k_ph_n-1,1.0
k_ph_n-11,7.0
k_ph_n-14,5.0
k_ph_n-16,9.0
k_ph_n-21,5.0
k_ph_n-3,4.0
k_ph_n-4,7.0
k_ph_n-6,8.0
k_ph_n-8,4.0
k_ph_n-9,1.0
k_ph_p-1,10.0
k_ph_p-10,5.0
k_ph_p-12,3.0
k_ph_p-13,7.0
k_ph_p-15,2.0
k_ph_p-18,10.0
k_ph_p-19,3.0
k_ph_p-20,10.0
k_ph_p-3,9.0
k_ph_p-5,4.0
k_poly_n-14,9.0
k_poly_n-16,7.0
k_poly_n-17,1.0
k_poly_n-18,2.0
k_poly_n-2,7.0
k_poly_n-20,4.0
k_poly_n-21,8.0
k_poly_n-5,2.0
k_poly_n-6,3.0
k_poly_n-7,9.0
k_poly_p-11,5.0
k_poly_p-14,7.0
k_poly_p-15,6.0
k_poly_p-16,7.0
k_poly_p-19,6.0
k_poly_p-2,4.0
k_poly_p-4,1.0
k_poly_p-7,4.0
k_poly_p-8,4.0
k_poly_p-9,1.0
k_t4p_n-12,9.0
k_t4p_n-13,8.0
k_t4p_n-14,1.0
k_t4p_n-15,7.0
k_t4p_n-2,2.0
k_t4p_n-4,5.0
k_t4p_n-5,9.0
k_t4p_n-6,3.0
k_t4p_n-8,5.0
k_t4p_n-9,7.0
k_t4p_p-10,5.0
k_t4p_p-12,5.0
k_t4p_p-15,9.0
k_t4p_p-16,3.0
k_t4p_p-17,7.0
k_t4p_p-18,3.0
k_t4p_p-20,2.0
k_t4p_p-4,2.0
k_t4p_p-6,7.0
k_t4p_p-9,9.0
ken.flash^03.C-f3,10.0
ken.flash^08.C-d4,8.0
ken.flash^10.C-f2,7.0
ken.flash^10.C-f3,3.0
ken.oop^2.C-d3,1.0
ken.oop^2.C-d4,7.0
kernel_agplib_intrface.c,3.0
lights3_021_0_009,10.0
lights3_021_0_027,4.0
lights3_035_0_002,9.0
lights3_035_0_027,9.0
lights3_035_0_051,7.0
lognBWLARGEA0,1.0
lognBWLARGEA1,1.0
lognBWLARGEB0,10.0
lognBWLARGEB1,4.0
lut4_2_f1,4.0
lut4_2_f2,6.0
lut4_2_fXOR,9.0
lut4_3_fAND,5.0
lut4_AND_f1,4.0
lut4_AND_fXOR,7.0
lut4_XOR_f1,10.0
lut4_XOR_fOR,7.0
mutex-128-s,4.0
mutex-16-s,1.0
mutex-2-s,10.0
mutex-32-s,5.0
mutex-4-s,3.0
mutex-64-s,4.0
mutex-8-s,4.0
network_irda_miniport_nscirda_comm.c,9.0
network_irda_miniport_nscirda_settings.c,4.0
network_ndis_rtlnwifi_hw_hw_ccmp.c,5.0
network_trans_sys_notify.c,9.0
nusmv.reactor^3.C-d4,7.0
nusmv.tcas-t^1.B-d2,1.0
nusmv.tcas^3.B-f2,1.0
nusmv.tcas^6.B-f4,5.0
p10-10.pddl_planlen=10,1.0
p10-10.pddl_planlen=6,6.0
p20-1.pddl_planlen=24,9.0
p20-1.pddl_planlen=26,8.0
p20-1.pddl_planlen=32,3.0
p20-20.pddl_planlen=23,7.0
p20-5.pddl_planlen=17,7.0
p20-5.pddl_planlen=32,5.0
p5-5.pddl_planlen=5,10.0
p5-5.pddl_planlen=6,8.0
par16-1-50,4.0
par8-1-c-50,9.0
par8-4-50,10.0
pipesnotankage14_10,6.0
pipesnotankage18_7,3.0
pipesnotankage18_8,9.0
qshifter_3,6.0
qshifter_4,4.0
qshifter_5,5.0
qshifter_6,9.0
qshifter_7,1.0
qshifter_8,9.0
query01_ntrivil_1344,7.0
query03_query25_1344,6.0
query11_query21_1344,5.0
query21_ntrivil_1344,8.0
query26_query34_1344,5.0
query31_reachqu_1344n,1.0
query42_query06_1344n,10.0
query44_query26_1344n,7.0
query48_query15_1344,8.0
query51_query50_1344,4.0
rankfunc13_signed_32,10.0
rankfunc13_unsigned_64,4.0
rankfunc14_signed_64,9.0
rankfunc17_unsigned_16,7.0
rankfunc22_signed_64,6.0
rankfunc33_signed_32,2.0
rankfunc3_signed_64,3.0
rankfunc51_signed_32,6.0
rankfunc5_signed_32,1.0
rankfunc5_unsigned_64,1.0
rewriting_k_10,10.0
rewriting_k_100,4.0
rewriting_k_17,3.0
rewriting_k_19,2.0
rewriting_k_21,10.0
rewriting_k_23,8.0
rewriting_k_25,6.0
rewriting_k_30,4.0
rewriting_k_50,7.0
rewriting_k_75,8.0
ring_r3_ser--opt-8_,10.0
ring_r4_ser--opt-11_,2.0
s01238_PR_8_2,9.0
s05378_PR_1_75,7.0
s05378_PR_9_2,3.0
s09234_PR_8_2,3.0
s09234_PR_8_5,9.0
s1196_1_5,6.0
s1196_d2_s,4.0
s1196_d3_u,9.0
s1196_d4_u,1.0
s1196_d5_u,7.0
s1196_d6_u,5.0
s1196_d7_u,9.0
s1269_d10_s,10.0
s1269_d12_u,7.0
s1269_d13_u,10.0
s1269_d14_u,1.0
s1269_d15_u,5.0
s1269_d3_s,3.0
s1269_d4_s,9.0
s1269_d5_s,7.0
s1269_d8_s,2.0
s1269_d9_s,10.0
s15850_PR_2_2,7.0
s15850_PR_8_50,10.0
s27_d2_s,3.0
s27_d3_u,2.0
s27_d4_u,3.0
s27_d5_u,1.0
s298_d10_s,6.0
s298_d12_s,3.0
s298_d14_s,6.0
s298_d17_s,2.0
s298_d18_s,8.0
s298_d19_u,3.0
s298_d22_u,1.0
s298_d25_u,4.0
s298_d2_s,2.0
s298_d4_s,1.0
s3330_d10_u,2.0
s3330_d12_u,3.0
s3330_d14_u,5.0
s3330_d2_s,9.0
s3330_d3_s,8.0
s3330_d4_s,9.0
s3330_d5_s,5.0
s3330_d7_s,8.0
s3330_d8_s,6.0
s3330_d9_s,5.0
s386_d10_u,10.0
s386_d11_u,10.0
s386_d12_u,1.0
s386_d2_s,3.0
s386_d3_s,9.0
s386_d4_s,3.0
s386_d6_s,3.0
s386_d7_s,6.0
s386_d8_u,8.0
s386_d9_u,10.0
s499_d12_s,9.0
s499_d15_s,5.0
s499_d17_s,1.0
s499_d18_s,8.0
s499_d19_s,2.0
s499_d22_u,8.0
s499_d24_u,9.0
s499_d25_u,5.0
s499_d7_s,6.0
s499_d9_s,1.0
s510_d11_s,4.0
s510_d23_s,8.0
s510_d24_s,2.0
s510_d28_s,4.0
s510_d31_s,10.0
s510_d32_s,7.0
s510_d35_s,3.0
s510_d36_s,6.0
s510_d3_s,3.0
s510_d6_s,3.0
s641_d10_u,4.0
s641_d11_u,4.0
s641_d2_s,2.0
s641_d3_s,6.0
s641_d4_s,5.0
s641_d5_s,1.0
s641_d6_s,2.0
s641_d7_u,7.0
s641_d8_u,5.0
s713_d10_u,7.0
s713_d11_u,3.0
s713_d2_s,6.0
s713_d3_s,10.0
s713_d4_s,6.0
s713_d5_s,7.0
s713_d6_s,10.0
s713_d7_u,6.0
s713_d8_u,5.0
s713_d9_u,10.0
s820_d10_s,10.0
s820_d11_u,9.0
s820_d12_u,10.0
s820_d14_u,4.0
s820_d15_u,6.0
s820_d2_s,2.0
s820_d3_s,4.0
s820_d7_s,9.0
s820_d8_s,2.0
s820_d9_s,8.0
sdlx-fixpoint-3,3.0
small-seq-fixpoint-3,9.0
small-seq-fixpoint-5,8.0
small-swap1-fixpoint-3,5.0
small-swap2-fixpoint-4,9.0
small-synabs-fixpoint-9,5.0
sortnetsort10.v.stepl.005,5.0
sortnetsort5.v.stepl.004,9.0
sortnetsort7.v.stepl.007,8.0
sortnetsort8.AE.stepl.003,8.0
sortnetsort8.v.stepl.007,4.0
sortnetsort8.v.stepl.009,2.0
sortnetsort9.AE.stepl.009,2.0
sortnetsort9.AE.stepl.012,7.0
sortnetsort9.v.stepl.005,4.0
sortnetsort9.v.stepl.007,2.0
stmt16_950_951,5.0
stmt17_18_19,10.0
stmt17_62_98,10.0
stmt17_63_82,8.0
stmt17_70_90,5.0
stmt17_70_98,8.0
stmt17_82_98,4.0
stmt17_86_98,1.0
stmt19_217_309,5.0
stmt19_3_214,4.0
stmt19_64_99,1.0
stmt19_83_412,7.0
stmt19_90_266,4.0
stmt1_30_31,7.0
stmt21_319_418,5.0
stmt21_79_304,6.0
stmt23_66_96,1.0
stmt23_72_76,6.0
stmt24_765_766,5.0
stmt25_52_53,7.0
stmt27_16_97,5.0
stmt27_296_297,5.0
stmt28_68_81,9.0
stmt29_226_376,5.0
stmt41_160_235,1.0
stmt41_738_749,4.0
stmt44_107_108,7.0
stmt44_107_113,2.0
stmt44_916_917,3.0
stmt52_244_394,10.0
szymanski-10-s,10.0
szymanski-12-s,8.0
szymanski-14-s,9.0
szymanski-16-s,7.0
szymanski-18-s,2.0
szymanski-20-s,1.0
szymanski-24-s,2.0
szymanski-5-s,10.0
szymanski-6-s,1.0
szymanski-8-s,4.0
term1.blif_0.10_0.20_0_0_inp_exact,7.0
term1.blif_0.10_0.20_0_0_out_exact,1.0
term1.blif_0.10_0.20_0_1_inp_exact,4.0
term1.blif_0.10_0.20_0_1_out_exact,10.0
term1.blif_0.10_1.00_0_0_inp_exact,7.0
term1.blif_0.10_1.00_0_0_out_exact,7.0
term1.blif_0.10_1.00_0_1_inp_exact,5.0
term1.blif_0.10_1.00_0_1_out_exact,7.0
test1_quant_squaring2,6.0
test1_quant_squaring3,10.0
test2_quant_squaring2,3.0
test2_quant_squaring3,3.0
test3_quant_squaring2,2.0
test3_quant_squaring4,9.0
test4_quant_squaring2,4.0
test4_quant_squaring4,7.0
test5_quant_squaring4,2.0
test5_quant_squaring5,4.0
texas.PI_main^05.E-f3,3.0
texas.PI_main^08.E-f3,10.0
texas.PI_main^16.E-f2,6.0
texas.parsesys^1.E-d4,10.0
texas.two_proc^4.E-f2,5.0
tlc01-uniform-depth-73,3.0
tlc02-uniform-depth-114,9.0
tlc02-uniform-depth-241,10.0
tlc03-nonuniform-depth-17,10.0
tlc03-uniform-depth-21,10.0
tlc03-uniform-depth-52,1.0
tlc03-uniform-depth-9,2.0
tlc04-nonuniform-depth-56,3.0
tlc04-nonuniform-depth-98,7.0
tlc04-uniform-depth-36,4.0
toilet_a_02_10.2,7.0
toilet_a_04_01.4,3.0
toilet_a_04_01.6,3.0
toilet_a_04_05.2,2.0
toilet_a_06_01.10,3.0
toilet_a_06_01.6,5.0
toilet_a_08_01.13,9.0
toilet_a_08_05.2,2.0
toilet_a_08_05.9,6.0
toilet_a_10_05.3,3.0
toilet_c_04_01.4,7.0
toilet_c_06_01.4,10.0
toilet_c_06_01.8,4.0
toilet_c_08_01.11,1.0
toilet_c_08_01.2,6.0
toilet_c_08_01.6,1.0
toilet_c_08_01.7,6.0
toilet_c_08_05.4,6.0
toilet_c_10_01.12,4.0
toilet_c_10_01.17,7.0
toilet_g_02_01.2,5.0
toilet_g_04_01.2,4.0
toilet_g_06_01.2,8.0
toilet_g_08_01.2,9.0
toilet_g_10_01.2,3.0
toilet_g_15_01.2,8.0
toilet_g_20_01.2,1.0
tree-exa10-10,4.0
tree-exa10-30,3.0
tree-exa2-10,9.0
tree-exa2-20,8.0
tree-exa2-25,5.0
tree-exa2-30,4.0
tree-exa2-35,9.0
tree-exa2-40,7.0
tree-exa2-45,5.0
tree-exa2-50,9.0
uclid-pipe2,6.0
uclid-pipe3a,5.0
uclid-pipe3b,7.0
vis.4-arbit^2.E-f2,9.0
vis.prodcell^01.E-d2,10.0
vonNeumann-ripple-carry-10-c,1.0
vonNeumann-ripple-carry-11-c,7.0
vonNeumann-ripple-carry-12-c,5.0
vonNeumann-ripple-carry-13-c,10.0
vonNeumann-ripple-carry-15-c,7.0
vonNeumann-ripple-carry-5-c,1.0
vonNeumann-ripple-carry-6-c,10.0
vonNeumann-ripple-carry-7-c,6.0
vonNeumann-ripple-carry-8-c,8.0
vonNeumann-ripple-carry-9-c,10.0
z4ml.blif_0.10_0.20_0_0_inp_exact,6.0
z4ml.blif_0.10_0.20_0_0_out_exact,7.0
z4ml.blif_0.10_0.20_0_1_inp_exact,5.0
z4ml.blif_0.10_0.20_0_1_out_exact,10.0
z4ml.blif_0.10_1.00_0_0_inp_exact,9.0
z4ml.blif_0.10_1.00_0_0_out_exact,2.0
z4ml.blif_0.10_1.00_0_1_inp_exact,3.0
z4ml.blif_0.10_1.00_0_1_out_exact,8.0
