Instance,CV
30_70_45_095_100,10.0
30n20b8,9.0
50v-10,5.0
a1c1s1,1.0
acc-tight4,7.0
acc-tight5,4.0
acc-tight6,5.0
aflow40b,5.0
air04,1.0
app1-2,7.0
ash608gpia-3col,1.0
atlanta-ip,7.0
bab5,10.0
beasleyC3,2.0
berlin_5_8_0,8.0
biella1,7.0
bienst2,2.0
binkar10_1,6.0
bley_xl1,2.0
blp-ar98,7.0
blp-ic97,3.0
bnatt350,6.0
bnatt400,7.0
buildingenergy,9.0
co-100,7.0
core2536-691,8.0
cov1075,9.0
csched007,7.0
csched008,10.0
csched010,5.0
danoint,1.0
dfn-gwin-UUM,10.0
eil33-2,3.0
eilA101-2,10.0
eilB101,7.0
enlight13,5.0
enlight14,4.0
enlight15,6.0
enlight16,6.0
enlight9,4.0
ex10,7.0
ex9,9.0
glass4,1.0
gmu-35-40,1.0
gmu-35-50,6.0
go19,2.0
ic97_potential,2.0
iis-100-0-cov,1.0
iis-bupa-cov,3.0
iis-pima-cov,6.0
k16x240,4.0
lectsched-1,4.0
lectsched-2,10.0
lectsched-3,3.0
lectsched-4-obj,8.0
leo1,5.0
leo2,10.0
lotsize,4.0
m100n500k4r1,5.0
macrophage,2.0
map06,1.0
map10,10.0
map14,6.0
map18,6.0
map20,2.0
markshare_5_0,2.0
maxgasflow,7.0
mc11,6.0
mcsched,6.0
mik-250-1-100-1,9.0
mine-166-5,7.0
mine-90-10,7.0
momentum1,1.0
msc98-ip,4.0
mspp16,10.0
mzzv11,5.0
n3div36,5.0
n3seq24,6.0
n4-3,4.0
n9-3,1.0
neos-1109824,6.0
neos-1171692,7.0
neos-1171737,6.0
neos-1224597,1.0
neos-1337307,4.0
neos-1396125,10.0
neos-1426635,8.0
neos-1426662,2.0
neos-1436709,6.0
neos-1440225,1.0
neos-1440460,3.0
neos-1442119,10.0
neos-1442657,8.0
neos-1601936,3.0
neos-1605061,6.0
neos-1605075,2.0
neos-1616732,2.0
neos-1620770,3.0
neos-476283,4.0
neos-506422,8.0
neos-506428,9.0
neos-555424,8.0
neos-631710,5.0
neos-686190,8.0
neos-693347,3.0
neos-738098,4.0
neos-777800,1.0
neos-785912,9.0
neos-820146,2.0
neos-820157,3.0
neos-824661,2.0
neos-824695,10.0
neos-826650,9.0
neos-826694,1.0
neos-826812,4.0
neos-826841,9.0
neos-849702,7.0
neos-859770,3.0
neos-885086,2.0
neos-885524,9.0
neos-911880,3.0
neos-916792,6.0
neos-932816,9.0
neos-933638,5.0
neos-933966,10.0
neos-934278,8.0
neos-935627,2.0
neos-935769,7.0
neos-937511,3.0
neos-941262,7.0
neos-941313,9.0
neos-942830,1.0
neos-957389,2.0
neos13,3.0
neos15,4.0
neos16,1.0
neos18,2.0
neos6,7.0
neos788725,7.0
neos808444,3.0
neos858960,5.0
net12,3.0
netdiversion,8.0
newdano,3.0
nobel-eu-DBE,9.0
noswot,1.0
ns1116954,9.0
ns1158817,8.0
ns1208400,8.0
ns1606230,7.0
ns1644855,5.0
ns1685374,4.0
ns1686196,10.0
ns1688347,9.0
ns1696083,2.0
ns1702808,8.0
ns1745726,2.0
ns1758913,8.0
ns1766074,8.0
ns1769397,2.0
ns1830653,10.0
ns1952667,3.0
ns2081729,6.0
ns2118727,8.0
ns894244,1.0
ns894788,4.0
nu60-pr9,8.0
opm2-z10-s2,1.0
opm2-z11-s8,6.0
opm2-z7-s2,10.0
p2m2p1m1p0n100,8.0
p80x400b,4.0
pg,1.0
pg5_34,7.0
pigeon-10,5.0
pigeon-11,5.0
pigeon-12,6.0
pigeon-13,9.0
pigeon-19,3.0
pw-myciel4,4.0
qiu,6.0
rail01,4.0
rail02,3.0
rail507,10.0
ran14x18,1.0
ran14x18-disj-8,3.0
ran16x16,4.0
reblock166,3.0
reblock420,5.0
reblock67,9.0
rmatr100-p10,5.0
rmatr100-p5,9.0
rmatr200-p5,5.0
rmine6,10.0
rocII-4-11,8.0
rococoB10-011000,6.0
rococoC10-001000,5.0
rococoC11-011100,10.0
roll3000,8.0
satellites1-25,7.0
satellites2-60-fs,10.0
seymour,9.0
sp97ar,8.0
sp98ic,4.0
sp98ir,8.0
tanglegram1,2.0
tanglegram2,5.0
timtab1,3.0
toll-like,2.0
triptim1,6.0
triptim3,5.0
uct-subprob,9.0
umts,4.0
unitcal_7,4.0
vpphard,5.0
vpphard2,9.0
wachplan,10.0
zib54-UUE,1.0
