Instance,CV
SAT_Competition2007/crafted/Difficult/contest-02-03-04/contest02-Mat26.sat05-457.reshuffled-07.cnf,4.0
SAT_Competition2007/crafted/Difficult/contest-02-03-04/contest02-ezfact64_10.sat05-449.reshuffled-07.cnf,3.0
SAT_Competition2007/crafted/Difficult/contest-02-03-04/contest03-SGI_30_50_30_20_1-dir.sat05-439.reshuffled-07.cnf,3.0
SAT_Competition2007/crafted/Difficult/contest-02-03-04/contest03-SGI_30_50_30_20_3-dir.sat05-440.reshuffled-07.cnf,10.0
SAT_Competition2007/crafted/Difficult/contest-02-03-04/contest03-hwb-n26-01-S1957858365.sat05-500.reshuffled-07.cnf,10.0
SAT_Competition2007/crafted/Difficult/contest05/QG/QG6-dead-dnd001.sat05-2742.reshuffled-07.cnf,10.0
SAT_Competition2007/crafted/Difficult/contest05/QG/QG6-dead-dnd002.sat05-2713.reshuffled-07.cnf,6.0
SAT_Competition2007/crafted/Difficult/contest05/QG/QG6-gensys-brn007.sat05-2684.reshuffled-07.cnf,6.0
SAT_Competition2007/crafted/Difficult/contest05/QG/QG6-gensys-icl001.sat05-2695.reshuffled-07.cnf,5.0
SAT_Competition2007/crafted/Difficult/contest05/QG/QG6-gensys-icl004.sat05-2716.reshuffled-07.cnf,3.0
SAT_Competition2007/crafted/Difficult/contest05/QG/QG6-gensys-icl006.sat05-2718.reshuffled-07.cnf,9.0
SAT_Competition2007/crafted/Difficult/contest05/QG/QG6-gensys-icl008.sat05-2720.reshuffled-07.cnf,7.0
SAT_Competition2007/crafted/Difficult/contest05/QG/QG6-gensys-icl009.sat05-2721.reshuffled-07.cnf,2.0
SAT_Competition2007/crafted/Difficult/contest05/QG/QG6-gensys-ukn003.sat05-2726.reshuffled-07.cnf,9.0
SAT_Competition2007/crafted/Difficult/contest05/QG/QG7-gensys-icl006.sat05-3132.reshuffled-07.cnf,1.0
SAT_Competition2007/crafted/Difficult/contest05/jarvisalo/mod2-rand3bip-sat-270-1.sat05-2248.reshuffled-07.cnf,10.0
SAT_Competition2007/crafted/Difficult/contest05/jarvisalo/mod2-rand3bip-sat-270-2.sat05-2249.reshuffled-07.cnf,2.0
SAT_Competition2007/crafted/Difficult/contest05/jarvisalo/mod2-rand3bip-sat-280-1.sat05-2263.reshuffled-07.cnf,4.0
SAT_Competition2007/crafted/Difficult/contest05/jarvisalo/mod2-rand3bip-sat-280-2.sat05-2264.reshuffled-07.cnf,1.0
SAT_Competition2007/crafted/Difficult/contest05/jarvisalo/mod2-rand3bip-sat-280-3.sat05-2265.reshuffled-07.cnf,10.0
SAT_Competition2007/crafted/Difficult/contest05/jarvisalo/mod2c-3cage-unsat-10-2.sat05-2567.reshuffled-07.cnf,5.0
SAT_Competition2007/crafted/Difficult/contest05/jarvisalo/mod2c-3cage-unsat-10-3.sat05-2568.reshuffled-07.cnf,5.0
SAT_Competition2007/crafted/Difficult/contest05/jarvisalo/mod2c-rand3bip-sat-210-3.sat05-2475.reshuffled-07.cnf,5.0
SAT_Competition2007/crafted/Difficult/contest05/jarvisalo/mod2c-rand3bip-unsat-120-3.sat05-2340.reshuffled-07.cnf,2.0
SAT_Competition2007/crafted/Difficult/contest05/jarvisalo/mod2c-rand3bip-unsat-135-2.sat05-2354.reshuffled-07.cnf,10.0
SAT_Competition2007/crafted/Difficult/contest05/others/linvrinv5.sat05-564.reshuffled-07.cnf,4.0
SAT_Competition2007/crafted/Difficult/contest05/others/pmg-12-UNSAT.sat05-3940.reshuffled-07.cnf,4.0
SAT_Competition2007/crafted/Difficult/contest05/others/pmg-13-UNSAT.sat05-3941.reshuffled-07.cnf,1.0
SAT_Competition2007/crafted/Difficult/contest05/others/pmg-14-UNSAT.sat05-3942.reshuffled-07.cnf,6.0
SAT_Competition2007/crafted/Difficult/contest05/others/sgp_5-5-6.sat05-2675.reshuffled-07.cnf,2.0
SAT_Competition2007/crafted/Difficult/contest05/others/sgp_6-6-10.sat05-2670.reshuffled-07.cnf,1.0
SAT_Competition2007/crafted/Difficult/contest05/sabharwal/counting-easier-fphp-014-012.sat05-1215.reshuffled-07.cnf,1.0
SAT_Competition2007/crafted/Difficult/contest05/sabharwal/counting-easier-php-018-014.sat05-1175.reshuffled-07.cnf,8.0
SAT_Competition2007/crafted/Difficult/contest05/sabharwal/counting-harder-php-014-013.sat05-1187.reshuffled-07.cnf,6.0
SAT_Competition2007/crafted/Difficult/contest05/sabharwal/counting-harder-php-018-017.sat05-1189.reshuffled-07.cnf,10.0
SAT_Competition2007/crafted/Difficult/contest05/sabharwal/gt-ordering-sat-gt-040.sat05-1297.reshuffled-07.cnf,7.0
SAT_Competition2007/crafted/Difficult/contest05/sabharwal/gt-ordering-unsat-gt-045.sat05-1310.reshuffled-07.cnf,6.0
SAT_Competition2007/crafted/Difficult/contest05/sabharwal/gt-ordering-unsat-gt-060.sat05-1312.reshuffled-07.cnf,7.0
SAT_Competition2007/crafted/Hard/contest02/ezfact256_1.sat05-464.reshuffled-07.cnf,5.0
SAT_Competition2007/crafted/Hard/contest02/ezfact64_3.sat05-450.reshuffled-07.cnf,9.0
SAT_Competition2007/crafted/Hard/contest02/ezfact64_4.sat05-451.reshuffled-07.cnf,2.0
SAT_Competition2007/crafted/Hard/contest02/ezfact64_5.sat05-452.reshuffled-07.cnf,1.0
SAT_Competition2007/crafted/Hard/contest02/ezfact64_6.sat05-453.reshuffled-07.cnf,1.0
SAT_Competition2007/crafted/Hard/contest02/hgen2-v500-s1216665065.sat05-467.reshuffled-07.cnf,8.0
SAT_Competition2007/crafted/Hard/contest02/hgen3-v400-s344840348.sat05-470.reshuffled-07.cnf,9.0
SAT_Competition2007/crafted/Hard/contest02/hgen3-v400-s553296708.sat05-471.reshuffled-07.cnf,7.0
SAT_Competition2007/crafted/Hard/contest02/hgen3-v500-s1349121860.sat05-473.reshuffled-07.cnf,2.0
SAT_Competition2007/crafted/Hard/contest02/pyhala-braun-unsat-40-4-02.sat05-459.reshuffled-07.cnf,7.0
SAT_Competition2007/crafted/Hard/contest03/looksrandom/hgen6-4-24-n650-03-S528656311.sat05-477.reshuffled-07.cnf,1.0
SAT_Competition2007/crafted/Hard/contest03/looksrandom/hgen7-n390-01-S248216171.sat05-478.reshuffled-07.cnf,3.0
SAT_Competition2007/crafted/Hard/contest03/looksrandom/hgen7-n390-02-S178568232.sat05-479.reshuffled-07.cnf,10.0
SAT_Competition2007/crafted/Hard/contest03/looksrandom/hgen8-n260-03-S722413478.sat05-482.reshuffled-07.cnf,5.0
SAT_Competition2007/crafted/Hard/contest03/looksrandom/hgen8-n320-01-S1432474240.sat05-483.reshuffled-07.cnf,1.0
SAT_Competition2007/crafted/Hard/contest03/looksrandom/hgen8-n320-02-S1127428711.sat05-484.reshuffled-07.cnf,2.0
SAT_Competition2007/crafted/Hard/contest03/looksrandom/hgen8-n320-03-S1572374531.sat05-485.reshuffled-07.cnf,8.0
SAT_Competition2007/crafted/Hard/contest03/looksrandom/hidden-k3-s0-r5-n700-01-S2069048075.sat05-488.reshuffled-07.cnf,8.0
SAT_Competition2007/crafted/Hard/contest03/looksrandom/hidden-k3-s0-r5-n700-02-S350203913.sat05-486.reshuffled-07.cnf,2.0
SAT_Competition2007/crafted/Hard/contest03/looksrandom/hidden-k3-s0-r5-n700-03-S1609878926.sat05-487.reshuffled-07.cnf,5.0
SAT_Competition2007/crafted/Hard/contest03/others/999999000001nw.sat05-447.reshuffled-07.cnf,4.0
SAT_Competition2007/crafted/Hard/contest03/others/bqwh.40.reg.520.sat05-433.reshuffled-07.cnf,9.0
SAT_Competition2007/crafted/Hard/contest03/others/bqwh.60.1080.sat05-436.reshuffled-07.cnf,1.0
SAT_Competition2007/crafted/Hard/contest03/others/color-11-3.sat05-445.reshuffled-07.cnf,4.0
SAT_Competition2007/crafted/Hard/contest03/others/color-18-4.sat05-443.reshuffled-07.cnf,3.0
SAT_Competition2007/crafted/Hard/contest03/others/hwb-n26-03-S540351185.sat05-490.reshuffled-07.cnf,9.0
SAT_Competition2007/crafted/Hard/contest03/others/hwb-n28-01-S136611085.sat05-491.reshuffled-07.cnf,10.0
SAT_Competition2007/crafted/Hard/contest03/others/hwb-n28-02-S818962541.sat05-492.reshuffled-07.cnf,3.0
SAT_Competition2007/crafted/Hard/contest03/others/hwb-n32-01-S1491788039.sat05-497.reshuffled-07.cnf,6.0
SAT_Competition2007/crafted/Hard/contest03/others/mm-2x3-8-8-sb.1.sat05-475.reshuffled-07.cnf,6.0
SAT_Competition2007/crafted/Hard/contest04/connamacher/connm-ue-csp-sat-n1200-d-0.02-s383740539.sat05-534.reshuffled-07.cnf,1.0
SAT_Competition2007/crafted/Hard/contest04/connamacher/connm-ue-csp-sat-n1200-d-0.02-s405595518.sat05-531.reshuffled-07.cnf,10.0
SAT_Competition2007/crafted/Hard/contest04/connamacher/connm-ue-csp-sat-n1200-d0.00-s1756632460.sat05-526.reshuffled-07.cnf,9.0
SAT_Competition2007/crafted/Hard/contest04/connamacher/connm-ue-csp-sat-n1200-d0.00-s1875077647.sat05-530.reshuffled-07.cnf,1.0
SAT_Competition2007/crafted/Hard/contest04/connamacher/connm-ue-csp-sat-n1200-d0.02-s1099787414.sat05-542.reshuffled-07.cnf,6.0
SAT_Competition2007/crafted/Hard/contest04/connamacher/connm-ue-csp-sat-n1200-d0.04-s736572600.sat05-546.reshuffled-07.cnf,2.0
SAT_Competition2007/crafted/Hard/contest04/connamacher/connm-ue-csp-sat-n800-d-0.02-s1542454144.sat05-533.reshuffled-07.cnf,1.0
SAT_Competition2007/crafted/Hard/contest04/connamacher/connm-ue-csp-sat-n800-d0.02-s111845174.sat05-536.reshuffled-07.cnf,9.0
SAT_Competition2007/crafted/Hard/contest04/connamacher/connm-ue-csp-sat-n800-d0.02-s925928766.sat05-538.reshuffled-07.cnf,3.0
SAT_Competition2007/crafted/Hard/contest04/connamacher/connm-ue-csp-sat-n800-d0.04-s1788334438.sat05-543.reshuffled-07.cnf,2.0
SAT_Competition2007/crafted/Hard/contest04/others/Composite-048BitPrimes-0.sat05-503.reshuffled-07.cnf,6.0
SAT_Competition2007/crafted/Hard/contest04/others/Composite-048BitPrimes-1.sat05-504.reshuffled-07.cnf,3.0
SAT_Competition2007/crafted/Hard/contest04/others/Composite-064BitPrimes-1.sat05-506.reshuffled-07.cnf,3.0
SAT_Competition2007/crafted/Hard/contest04/others/Composite-096BitPrimes-0.sat05-507.reshuffled-07.cnf,7.0
SAT_Competition2007/crafted/Hard/contest04/others/CompositeRSA576.sat05-509.reshuffled-07.cnf,8.0
SAT_Competition2007/crafted/Hard/contest04/others/equilarge_l2.sat05-519.reshuffled-07.cnf,9.0
SAT_Competition2007/crafted/Hard/contest04/others/equilarge_l3.sat05-520.reshuffled-07.cnf,2.0
SAT_Competition2007/crafted/Hard/contest04/others/equilarge_l4.sat05-521.reshuffled-07.cnf,3.0
SAT_Competition2007/crafted/Hard/contest04/others/equilarge_l5.sat05-522.reshuffled-07.cnf,7.0
SAT_Competition2007/crafted/Hard/contest04/others/ramsey.sat05-511.reshuffled-07.cnf,3.0
SAT_Competition2007/crafted/Hard/contest05/QG/QG7-dead-dnd001.sat05-3419.reshuffled-07.cnf,4.0
SAT_Competition2007/crafted/Hard/contest05/QG/QG7-dead-dnd002.sat05-3108.reshuffled-07.cnf,3.0
SAT_Competition2007/crafted/Hard/contest05/QG/QG7-dead-dnd005.sat05-3111.reshuffled-07.cnf,2.0
SAT_Competition2007/crafted/Hard/contest05/QG/QG7-gensys-icl100.sat05-3226.reshuffled-07.cnf,3.0
SAT_Competition2007/crafted/Hard/contest05/QG/QG7-gensys-ukn003.sat05-3346.reshuffled-07.cnf,4.0
SAT_Competition2007/crafted/Hard/contest05/QG/QG7a-gensys-icl001.sat05-3822.reshuffled-07.cnf,6.0
SAT_Competition2007/crafted/Hard/contest05/QG/QG7a-gensys-icl004.sat05-3825.reshuffled-07.cnf,10.0
SAT_Competition2007/crafted/Hard/contest05/QG/QG7a-gensys-icl009.sat05-3830.reshuffled-07.cnf,5.0
SAT_Competition2007/crafted/Hard/contest05/QG/QG7a-gensys-ukn002.sat05-3842.reshuffled-07.cnf,6.0
SAT_Competition2007/crafted/Hard/contest05/QG/QG7a-gensys-ukn009.sat05-3849.reshuffled-07.cnf,7.0
SAT_Competition2007/crafted/Hard/contest05/counting-clq/unsat-set-a-clqcolor-10-06-07.sat05-1250.reshuffled-07.cnf,4.0
SAT_Competition2007/crafted/Hard/contest05/counting-clq/unsat-set-a-clqcolor-12-07-08.sat05-1251.reshuffled-07.cnf,5.0
SAT_Competition2007/crafted/Hard/contest05/counting-clq/unsat-set-a-clqcolor-16-10-11.sat05-1253.reshuffled-07.cnf,1.0
SAT_Competition2007/crafted/Hard/contest05/counting-clq/unsat-set-a-clqcolor-30-19-20.sat05-1256.reshuffled-07.cnf,1.0
SAT_Competition2007/crafted/Hard/contest05/counting-clq/unsat-set-a-fclqcolor-10-06-07.sat05-1274.reshuffled-07.cnf,1.0
SAT_Competition2007/crafted/Hard/contest05/counting-clq/unsat-set-a-fclqcolor-20-13-14.sat05-1278.reshuffled-07.cnf,2.0
SAT_Competition2007/crafted/Hard/contest05/counting-clq/unsat-set-b-clqcolor-16-11-14.sat05-1261.reshuffled-07.cnf,5.0
SAT_Competition2007/crafted/Hard/contest05/counting-clq/unsat-set-b-clqcolor-30-20-26.sat05-1264.reshuffled-07.cnf,3.0
SAT_Competition2007/crafted/Hard/contest05/counting-clq/unsat-set-b-fclqcolor-10-07-09.sat05-1282.reshuffled-07.cnf,2.0
SAT_Competition2007/crafted/Hard/contest05/counting-clq/unsat-set-b-fclqcolor-25-18-23.sat05-1287.reshuffled-07.cnf,5.0
SAT_Competition2007/crafted/Hard/contest05/counting-php/easier-fphp-020-015.sat05-1218.reshuffled-07.cnf,5.0
SAT_Competition2007/crafted/Hard/contest05/counting-php/easier-fphp-035-029.sat05-1221.reshuffled-07.cnf,7.0
SAT_Competition2007/crafted/Hard/contest05/counting-php/easier-php-035-029.sat05-1179.reshuffled-07.cnf,7.0
SAT_Competition2007/crafted/Hard/contest05/counting-php/harder-fphp-016-015.sat05-1230.reshuffled-07.cnf,8.0
SAT_Competition2007/crafted/Hard/contest05/counting-php/harder-fphp-018-017.sat05-1231.reshuffled-07.cnf,6.0
SAT_Competition2007/crafted/Hard/contest05/counting-php/harder-fphp-035-034.sat05-1235.reshuffled-07.cnf,8.0
SAT_Competition2007/crafted/Hard/contest05/counting-php/harder-fphp-050-049.sat05-1238.reshuffled-07.cnf,4.0
SAT_Competition2007/crafted/Hard/contest05/counting-php/harder-fphp-070-069.sat05-1240.reshuffled-07.cnf,9.0
SAT_Competition2007/crafted/Hard/contest05/counting-php/harder-php-025-024.sat05-1191.reshuffled-07.cnf,2.0
SAT_Competition2007/crafted/Hard/contest05/counting-php/harder-php-045-044.sat05-1195.reshuffled-07.cnf,7.0
SAT_Competition2007/crafted/Hard/contest05/others/eulcbip-8-UNSAT.sat05-3937.reshuffled-07.cnf,10.0
SAT_Competition2007/crafted/Hard/contest05/others/linvrinv6.sat05-565.reshuffled-07.cnf,9.0
SAT_Competition2007/crafted/Hard/contest05/others/linvrinv8.sat05-567.reshuffled-07.cnf,1.0
SAT_Competition2007/crafted/Hard/contest05/others/linvrinv9.sat05-568.reshuffled-07.cnf,1.0
SAT_Competition2007/crafted/Hard/contest05/others/mod2c-rand3bip-sat-220-1.sat05-2488.reshuffled-07.cnf,5.0
SAT_Competition2007/crafted/Hard/contest05/others/mod2c-rand3bip-sat-220-2.sat05-2489.reshuffled-07.cnf,3.0
SAT_Competition2007/crafted/Hard/contest05/others/sgp_5-6-8.sat05-2669.reshuffled-07.cnf,6.0
SAT_Competition2007/crafted/Hard/contest05/others/sgp_9-8-8.sat05-2674.reshuffled-07.cnf,1.0
SAT_Competition2007/crafted/Hard/contest05/others/strips-gripper-12t22.sat05-1151.reshuffled-07.cnf,2.0
SAT_Competition2007/crafted/Hard/contest05/others/strips-gripper-18t35.sat05-1147.reshuffled-07.cnf,7.0
SAT_Competition2007/crafted/Hard/contest05/phnf/phnf-size10-exclusive-FIFO.used-as.sat04-991.sat05-4192.reshuffled-07.cnf,10.0
SAT_Competition2007/crafted/Hard/contest05/phnf/phnf-size10-exclusive-all.used-as.sat04-986.sat05-4198.reshuffled-07.cnf,3.0
SAT_Competition2007/crafted/Hard/contest05/phnf/phnf-size10-exclusive-philo.used-as.sat04-988.sat05-4195.reshuffled-07.cnf,2.0
SAT_Competition2007/crafted/Medium/contest05/jarvisalo/mod2-3cage-unsat-9-12.sat05-2587.reshuffled-07.cnf,10.0
SAT_Competition2007/crafted/Medium/contest05/jarvisalo/mod2-3cage-unsat-9-14.sat05-2589.reshuffled-07.cnf,6.0
SAT_Competition2007/crafted/Medium/contest05/jarvisalo/mod2-rand3bip-sat-210-1.sat05-2158.reshuffled-07.cnf,3.0
SAT_Competition2007/crafted/Medium/contest05/jarvisalo/mod2-rand3bip-sat-210-2.sat05-2159.reshuffled-07.cnf,3.0
SAT_Competition2007/crafted/Medium/contest05/jarvisalo/mod2-rand3bip-sat-220-1.sat05-2173.reshuffled-07.cnf,5.0
SAT_Competition2007/crafted/Medium/contest05/jarvisalo/mod2-rand3bip-sat-220-2.sat05-2174.reshuffled-07.cnf,5.0
SAT_Competition2007/crafted/Medium/contest05/jarvisalo/mod2-rand3bip-sat-230-2.sat05-2189.reshuffled-07.cnf,7.0
SAT_Competition2007/crafted/Medium/contest05/jarvisalo/mod2-rand3bip-sat-240-3.sat05-2205.reshuffled-07.cnf,7.0
SAT_Competition2007/crafted/Medium/contest05/jarvisalo/mod2-rand3bip-sat-250-3.sat05-2220.reshuffled-07.cnf,7.0
SAT_Competition2007/crafted/Medium/contest05/jarvisalo/mod2c-rand3bip-sat-190-3.sat05-2445.reshuffled-07.cnf,5.0
SAT_Competition2007/crafted/Medium/contest05/others/QG-gensys-brn008.sat05-2685.reshuffled-07.cnf,6.0
SAT_Competition2007/crafted/Medium/contest05/others/QG-gensys-icl003.sat05-2715.reshuffled-07.cnf,5.0
SAT_Competition2007/crafted/Medium/contest05/others/QG7-gensys-icl001.sat05-2926.reshuffled-07.cnf,5.0
SAT_Competition2007/crafted/Medium/contest05/others/QG7a-gensys-brn004.sat05-3669.reshuffled-07.cnf,4.0
SAT_Competition2007/crafted/Medium/contest05/others/QG7a-gensys-brn100.sat05-3765.reshuffled-07.cnf,4.0
SAT_Competition2007/crafted/Medium/contest05/others/QG7a-gensys-ukn001.sat05-3841.reshuffled-07.cnf,9.0
SAT_Competition2007/crafted/Medium/contest05/others/QG7a-gensys-ukn005.sat05-3845.reshuffled-07.cnf,2.0
SAT_Competition2007/crafted/Medium/contest05/others/QG8-gensys-ukn005.sat05-3584.reshuffled-07.cnf,2.0
SAT_Competition2007/crafted/Medium/contest05/others/gensys-ukn002.sat05-2744.reshuffled-07.cnf,3.0
SAT_Competition2007/crafted/Medium/contest05/others/pmg-11-UNSAT.sat05-3939.reshuffled-07.cnf,5.0
SAT_Competition2007/crafted/Medium/contest05/pebbling/sat-grid-pbl-0070.sat05-1334.reshuffled-07.cnf,8.0
SAT_Competition2007/crafted/Medium/contest05/pebbling/sat-grid-pbl-0200.sat05-1339.reshuffled-07.cnf,9.0
SAT_Competition2007/crafted/Medium/contest05/pebbling/sat-pbl-00400.sat05-1322.reshuffled-07.cnf,8.0
SAT_Competition2007/crafted/Medium/contest05/pebbling/unsat-grid-pbl-0080.sat05-1344.reshuffled-07.cnf,10.0
SAT_Competition2007/crafted/Medium/contest05/pebbling/unsat-pbl-00070.sat05-1324.reshuffled-07.cnf,3.0
SAT_Competition2007/crafted/Medium/contest05/pebbling/unsat-pbl-00080.sat05-1325.reshuffled-07.cnf,7.0
SAT_Competition2007/crafted/Medium/contest05/pebbling/unsat-pbl-00090.sat05-1326.reshuffled-07.cnf,9.0
SAT_Competition2007/crafted/Medium/contest05/pebbling/unsat-pbl-00150.sat05-1328.reshuffled-07.cnf,2.0
SAT_Competition2007/crafted/Medium/contest05/pebbling/unsat-pbl-00200.sat05-1329.reshuffled-07.cnf,10.0
SAT_Competition2007/crafted/Medium/contest05/pebbling/unsat-pbl-00250.sat05-1330.reshuffled-07.cnf,2.0
SAT_Competition2007/crafted/Medium/contest05/sabharwal/counting-easier-fphp-012-010.sat05-1214.reshuffled-07.cnf,6.0
SAT_Competition2007/crafted/Medium/contest05/sabharwal/counting-easier-php-012-010.sat05-1172.reshuffled-07.cnf,8.0
SAT_Competition2007/crafted/Medium/contest05/sabharwal/gt-ordering-sat-gt-030.sat05-1295.reshuffled-07.cnf,4.0
SAT_Competition2007/crafted/Medium/contest05/sabharwal/gt-ordering-unsat-gt-025.sat05-1306.reshuffled-07.cnf,6.0
SAT_Competition2007/crafted/Medium/contest05/sabharwal/gt-ordering-unsat-gt-030.sat05-1307.reshuffled-07.cnf,3.0
SAT_Competition2007/crafted/Medium/contest05/sabharwal/gt-ordering-unsat-gt-035.sat05-1308.reshuffled-07.cnf,5.0
SAT_Competition2007/crafted/Medium/contest05/sabharwal/sat-strips-gripper-10t19.sat05-1143.reshuffled-07.cnf,1.0
SAT_Competition2007/crafted/Medium/contest05/sabharwal/sat-strips-gripper-12t23.sat05-1144.reshuffled-07.cnf,9.0
SAT_Competition2007/crafted/Medium/contest05/sabharwal/unsat-logistics-rotate-09t5.sat05-1139.reshuffled-07.cnf,2.0
SAT_Competition2007/crafted/spence/hard/s101-100.cnf,5.0
SAT_Competition2007/crafted/spence/hard/s105-100.cnf,2.0
SAT_Competition2007/crafted/spence/hard/s109-100.cnf,9.0
SAT_Competition2007/crafted/spence/hard/s113-100.cnf,9.0
SAT_Competition2007/crafted/spence/hard/s117-100.cnf,9.0
SAT_Competition2007/crafted/spence/hard/s97-100.cnf,7.0
SAT_Competition2007/crafted/spence/medium/s57-100.cnf,4.0
SAT_Competition2007/crafted/spence/medium/s61-100.cnf,6.0
SAT_Competition2007/crafted/spence/medium/s65-100.cnf,10.0
SAT_Competition2007/crafted/spence/medium/s69-100.cnf,1.0
SAT_Competition2007/crafted/spence/medium/s73-100.cnf,9.0
SAT_Competition2007/crafted/spence/medium/s77-100.cnf,1.0
SAT_Competition2007/crafted/spence/medium/s81-100.cnf,5.0
SAT_Competition2007/crafted/spence/medium/s85-100.cnf,1.0
SAT_Competition2007/crafted/spence/medium/s89-100.cnf,6.0
SAT_Competition2007/crafted/spence/medium/s93-100.cnf,10.0
SAT_Competition2009/CRAFTED/Difficult/contest-02-03-04/contest02-Mat26.sat05-457.reshuffled-07.cnf,6.0
SAT_Competition2009/CRAFTED/Difficult/contest-02-03-04/contest02-ezfact64_10.sat05-449.reshuffled-07.cnf,10.0
SAT_Competition2009/CRAFTED/Difficult/contest-02-03-04/contest03-SGI_30_50_30_20_1-dir.sat05-439.reshuffled-07.cnf,10.0
SAT_Competition2009/CRAFTED/Difficult/contest-02-03-04/contest03-SGI_30_50_30_20_3-dir.sat05-440.reshuffled-07.cnf,5.0
SAT_Competition2009/CRAFTED/Difficult/contest-02-03-04/contest04-connm-ue-csp-sat-n600-d0.02-s1676244754.sat05-535.reshuffled-07.cnf,6.0
SAT_Competition2009/CRAFTED/Difficult/contest-02-03-04/contest04-connm-ue-csp-sat-n800-d0.04-s362703357.sat05-548.reshuffled-07.cnf,5.0
SAT_Competition2009/CRAFTED/Difficult/contest-02-03-04/contest04-lksat-n1000-m6860-k4-l4-s1935114289.sat05-523.reshuffled-07.cnf,2.0
SAT_Competition2009/CRAFTED/Difficult/contest-02-03-04/contest04-lksat-n1100-m7545-k4-l4-s310659001.sat05-524.reshuffled-07.cnf,4.0
SAT_Competition2009/CRAFTED/Difficult/contest05/QG/QG6-dead-dnd002.sat05-2713.reshuffled-07.cnf,6.0
SAT_Competition2009/CRAFTED/Difficult/contest05/QG/QG6-gensys-brn007.sat05-2684.reshuffled-07.cnf,6.0
SAT_Competition2009/CRAFTED/Difficult/contest05/QG/QG6-gensys-icl001.sat05-2695.reshuffled-07.cnf,6.0
SAT_Competition2009/CRAFTED/Difficult/contest05/QG/QG6-gensys-icl004.sat05-2716.reshuffled-07.cnf,1.0
SAT_Competition2009/CRAFTED/Difficult/contest05/QG/QG6-gensys-icl008.sat05-2720.reshuffled-07.cnf,4.0
SAT_Competition2009/CRAFTED/Difficult/contest05/QG/QG6-gensys-icl009.sat05-2721.reshuffled-07.cnf,5.0
SAT_Competition2009/CRAFTED/Difficult/contest05/QG/QG6-gensys-ukn003.sat05-2726.reshuffled-07.cnf,1.0
SAT_Competition2009/CRAFTED/Difficult/contest05/QG/QG7-gensys-icl006.sat05-3132.reshuffled-07.cnf,8.0
SAT_Competition2009/CRAFTED/Difficult/contest05/jarvisalo/mod2-rand3bip-sat-270-1.sat05-2248.reshuffled-07.cnf,5.0
SAT_Competition2009/CRAFTED/Difficult/contest05/jarvisalo/mod2-rand3bip-sat-270-2.sat05-2249.reshuffled-07.cnf,10.0
SAT_Competition2009/CRAFTED/Difficult/contest05/jarvisalo/mod2-rand3bip-sat-280-1.sat05-2263.reshuffled-07.cnf,10.0
SAT_Competition2009/CRAFTED/Difficult/contest05/jarvisalo/mod2-rand3bip-sat-280-2.sat05-2264.reshuffled-07.cnf,7.0
SAT_Competition2009/CRAFTED/Difficult/contest05/jarvisalo/mod2-rand3bip-sat-280-3.sat05-2265.reshuffled-07.cnf,10.0
SAT_Competition2009/CRAFTED/Difficult/contest05/jarvisalo/mod2c-3cage-unsat-10-3.sat05-2568.reshuffled-07.cnf,6.0
SAT_Competition2009/CRAFTED/Difficult/contest05/jarvisalo/mod2c-rand3bip-sat-210-3.sat05-2475.reshuffled-07.cnf,3.0
SAT_Competition2009/CRAFTED/Difficult/contest05/jarvisalo/mod2c-rand3bip-unsat-120-3.sat05-2340.reshuffled-07.cnf,3.0
SAT_Competition2009/CRAFTED/Difficult/contest05/others/linvrinv5.sat05-564.reshuffled-07.cnf,3.0
SAT_Competition2009/CRAFTED/Difficult/contest05/others/pmg-12-UNSAT.sat05-3940.reshuffled-07.cnf,10.0
SAT_Competition2009/CRAFTED/Difficult/contest05/others/pmg-13-UNSAT.sat05-3941.reshuffled-07.cnf,7.0
SAT_Competition2009/CRAFTED/Difficult/contest05/others/pmg-14-UNSAT.sat05-3942.reshuffled-07.cnf,10.0
SAT_Competition2009/CRAFTED/Difficult/contest05/others/sgp_5-5-6.sat05-2675.reshuffled-07.cnf,1.0
SAT_Competition2009/CRAFTED/Difficult/contest05/others/sgp_6-6-10.sat05-2670.reshuffled-07.cnf,4.0
SAT_Competition2009/CRAFTED/Difficult/contest05/sabharwal/counting-easier-php-018-014.sat05-1175.reshuffled-07.cnf,9.0
SAT_Competition2009/CRAFTED/Difficult/contest05/sabharwal/counting-harder-php-014-013.sat05-1187.reshuffled-07.cnf,9.0
SAT_Competition2009/CRAFTED/Difficult/contest05/sabharwal/counting-harder-php-018-017.sat05-1189.reshuffled-07.cnf,2.0
SAT_Competition2009/CRAFTED/Difficult/contest05/sabharwal/grid-pebbling-sat-grid-pbl-0300.sat05-1341.sat05-1341.reshuffled-07.cnf,1.0
SAT_Competition2009/CRAFTED/Difficult/contest05/sabharwal/grid-pebbling-unsat-grid-pbl-0300.sat05-1350.sat05-1350.reshuffled-07.cnf,1.0
SAT_Competition2009/CRAFTED/Difficult/contest05/sabharwal/gt-ordering-sat-gt-040.sat05-1297.reshuffled-07.cnf,3.0
SAT_Competition2009/CRAFTED/Difficult/contest05/sabharwal/gt-ordering-unsat-gt-045.sat05-1310.reshuffled-07.cnf,10.0
SAT_Competition2009/CRAFTED/Difficult/contest05/sabharwal/gt-ordering-unsat-gt-060.sat05-1312.reshuffled-07.cnf,9.0
SAT_Competition2009/CRAFTED/Hard/contest02/ezfact256_1.sat05-464.reshuffled-07.cnf,3.0
SAT_Competition2009/CRAFTED/Hard/contest02/ezfact64_3.sat05-450.reshuffled-07.cnf,2.0
SAT_Competition2009/CRAFTED/Hard/contest02/hgen2-v500-s1216665065.sat05-467.reshuffled-07.cnf,5.0
SAT_Competition2009/CRAFTED/Hard/contest02/hgen3-v400-s344840348.sat05-470.reshuffled-07.cnf,2.0
SAT_Competition2009/CRAFTED/Hard/contest02/hgen3-v400-s553296708.sat05-471.reshuffled-07.cnf,2.0
SAT_Competition2009/CRAFTED/Hard/contest02/hgen3-v500-s1349121860.sat05-473.reshuffled-07.cnf,9.0
SAT_Competition2009/CRAFTED/Hard/contest02/pyhala-braun-unsat-40-4-02.sat05-459.reshuffled-07.cnf,3.0
SAT_Competition2009/CRAFTED/Hard/contest03/looksrandom/hgen6-4-24-n650-03-S528656311.sat05-477.reshuffled-07.cnf,9.0
SAT_Competition2009/CRAFTED/Hard/contest03/looksrandom/hgen7-n390-02-S178568232.sat05-479.reshuffled-07.cnf,3.0
SAT_Competition2009/CRAFTED/Hard/contest03/looksrandom/hgen8-n320-01-S1432474240.sat05-483.reshuffled-07.cnf,10.0
SAT_Competition2009/CRAFTED/Hard/contest03/looksrandom/hgen8-n320-02-S1127428711.sat05-484.reshuffled-07.cnf,8.0
SAT_Competition2009/CRAFTED/Hard/contest03/looksrandom/hidden-k3-s0-r5-n700-01-S2069048075.sat05-488.reshuffled-07.cnf,7.0
SAT_Competition2009/CRAFTED/Hard/contest03/looksrandom/hidden-k3-s0-r5-n700-02-S350203913.sat05-486.reshuffled-07.cnf,10.0
SAT_Competition2009/CRAFTED/Hard/contest03/others/999999000001nw.sat05-447.reshuffled-07.cnf,6.0
SAT_Competition2009/CRAFTED/Hard/contest03/others/bqwh.40.reg.520.sat05-433.reshuffled-07.cnf,8.0
SAT_Competition2009/CRAFTED/Hard/contest03/others/color-11-3.sat05-445.reshuffled-07.cnf,1.0
SAT_Competition2009/CRAFTED/Hard/contest03/others/color-18-4.sat05-443.reshuffled-07.cnf,3.0
SAT_Competition2009/CRAFTED/Hard/contest03/others/hwb-n28-01-S136611085.sat05-491.reshuffled-07.cnf,9.0
SAT_Competition2009/CRAFTED/Hard/contest03/others/hwb-n32-01-S1491788039.sat05-497.reshuffled-07.cnf,8.0
SAT_Competition2009/CRAFTED/Hard/contest04/connamacher/connm-ue-csp-sat-n1200-d-0.02-s383740539.sat05-534.reshuffled-07.cnf,10.0
SAT_Competition2009/CRAFTED/Hard/contest04/connamacher/connm-ue-csp-sat-n1200-d0.00-s1756632460.sat05-526.reshuffled-07.cnf,8.0
SAT_Competition2009/CRAFTED/Hard/contest04/connamacher/connm-ue-csp-sat-n1200-d0.00-s1875077647.sat05-530.reshuffled-07.cnf,2.0
SAT_Competition2009/CRAFTED/Hard/contest04/connamacher/connm-ue-csp-sat-n1200-d0.02-s1099787414.sat05-542.reshuffled-07.cnf,10.0
SAT_Competition2009/CRAFTED/Hard/contest04/connamacher/connm-ue-csp-sat-n1200-d0.04-s736572600.sat05-546.reshuffled-07.cnf,1.0
SAT_Competition2009/CRAFTED/Hard/contest04/connamacher/connm-ue-csp-sat-n800-d0.02-s111845174.sat05-536.reshuffled-07.cnf,8.0
SAT_Competition2009/CRAFTED/Hard/contest04/connamacher/connm-ue-csp-sat-n800-d0.02-s925928766.sat05-538.reshuffled-07.cnf,8.0
SAT_Competition2009/CRAFTED/Hard/contest04/others/Composite-048BitPrimes-0.sat05-503.reshuffled-07.cnf,7.0
SAT_Competition2009/CRAFTED/Hard/contest04/others/Composite-048BitPrimes-1.sat05-504.reshuffled-07.cnf,10.0
SAT_Competition2009/CRAFTED/Hard/contest04/others/Composite-064BitPrimes-1.sat05-506.reshuffled-07.cnf,4.0
SAT_Competition2009/CRAFTED/Hard/contest04/others/Composite-096BitPrimes-0.sat05-507.reshuffled-07.cnf,9.0
SAT_Competition2009/CRAFTED/Hard/contest04/others/CompositeRSA576.sat05-509.reshuffled-07.cnf,4.0
SAT_Competition2009/CRAFTED/Hard/contest04/others/equilarge_l2.sat05-519.reshuffled-07.cnf,5.0
SAT_Competition2009/CRAFTED/Hard/contest04/others/equilarge_l3.sat05-520.reshuffled-07.cnf,9.0
SAT_Competition2009/CRAFTED/Hard/contest04/others/equilarge_l4.sat05-521.reshuffled-07.cnf,10.0
SAT_Competition2009/CRAFTED/Hard/contest04/others/ramsey.sat05-511.reshuffled-07.cnf,10.0
SAT_Competition2009/CRAFTED/Hard/contest05/QG/QG7-dead-dnd001.sat05-3419.reshuffled-07.cnf,10.0
SAT_Competition2009/CRAFTED/Hard/contest05/QG/QG7-dead-dnd005.sat05-3111.reshuffled-07.cnf,9.0
SAT_Competition2009/CRAFTED/Hard/contest05/QG/QG7-gensys-icl100.sat05-3226.reshuffled-07.cnf,6.0
SAT_Competition2009/CRAFTED/Hard/contest05/QG/QG7-gensys-ukn003.sat05-3346.reshuffled-07.cnf,10.0
SAT_Competition2009/CRAFTED/Hard/contest05/QG/QG7a-gensys-icl004.sat05-3825.reshuffled-07.cnf,7.0
SAT_Competition2009/CRAFTED/Hard/contest05/QG/QG7a-gensys-ukn002.sat05-3842.reshuffled-07.cnf,7.0
SAT_Competition2009/CRAFTED/Hard/contest05/QG/QG7a-gensys-ukn009.sat05-3849.reshuffled-07.cnf,2.0
SAT_Competition2009/CRAFTED/Hard/contest05/counting-clq/unsat-set-a-clqcolor-16-10-11.sat05-1253.reshuffled-07.cnf,2.0
SAT_Competition2009/CRAFTED/Hard/contest05/counting-clq/unsat-set-b-clqcolor-16-11-14.sat05-1261.reshuffled-07.cnf,6.0
SAT_Competition2009/CRAFTED/Hard/contest05/counting-clq/unsat-set-b-fclqcolor-10-07-09.sat05-1282.reshuffled-07.cnf,7.0
SAT_Competition2009/CRAFTED/Hard/contest05/counting-clq/unsat-set-b-fclqcolor-25-18-23.sat05-1287.reshuffled-07.cnf,6.0
SAT_Competition2009/CRAFTED/Hard/contest05/counting-php/easier-fphp-035-029.sat05-1221.reshuffled-07.cnf,9.0
SAT_Competition2009/CRAFTED/Hard/contest05/others/eulcbip-8-UNSAT.sat05-3937.reshuffled-07.cnf,4.0
SAT_Competition2009/CRAFTED/Hard/contest05/others/linvrinv8.sat05-567.reshuffled-07.cnf,4.0
SAT_Competition2009/CRAFTED/Hard/contest05/others/linvrinv9.sat05-568.reshuffled-07.cnf,5.0
SAT_Competition2009/CRAFTED/Hard/contest05/others/mod2c-rand3bip-sat-220-1.sat05-2488.reshuffled-07.cnf,4.0
SAT_Competition2009/CRAFTED/Hard/contest05/others/mod2c-rand3bip-sat-220-2.sat05-2489.reshuffled-07.cnf,8.0
SAT_Competition2009/CRAFTED/Hard/contest05/others/sgp_5-6-8.sat05-2669.reshuffled-07.cnf,10.0
SAT_Competition2009/CRAFTED/Hard/contest05/others/sgp_9-8-8.sat05-2674.reshuffled-07.cnf,6.0
SAT_Competition2009/CRAFTED/Hard/contest05/others/strips-gripper-18t35.sat05-1147.reshuffled-07.cnf,6.0
SAT_Competition2009/CRAFTED/Hard/contest05/phnf/phnf-size10-exclusive-FIFO.used-as.sat04-991.sat05-4192.reshuffled-07.cnf,10.0
SAT_Competition2009/CRAFTED/Hard/contest05/phnf/phnf-size10-exclusive-all.used-as.sat04-986.sat05-4198.reshuffled-07.cnf,5.0
SAT_Competition2009/CRAFTED/Hard/contest05/phnf/phnf-size10-exclusive-equilarge_l1.used-as.sat04-893.sat05-4187.reshuffled-07.cnf,6.0
SAT_Competition2009/CRAFTED/Hard/contest05/phnf/phnf-size10-exclusive-equilarge_m3.used-as.sat04-900.sat05-4186.reshuffled-07.cnf,9.0
SAT_Competition2009/CRAFTED/Hard/contest05/phnf/phnf-size10-exclusive-gigamax.used-as.sat04-984.sat05-4194.reshuffled-07.cnf,4.0
SAT_Competition2009/CRAFTED/Hard/contest05/phnf/phnf-size10-exclusive-luckySeven.used-as.sat04-990.sat05-4196.reshuffled-07.cnf,10.0
SAT_Competition2009/CRAFTED/Hard/contest05/phnf/phnf-size10-exclusive-myciel6-cn.used-as.sat04-319.sat05-4201.reshuffled-07.cnf,9.0
SAT_Competition2009/CRAFTED/Hard/contest05/phnf/phnf-size10-exclusive-philo.used-as.sat04-988.sat05-4195.reshuffled-07.cnf,10.0
SAT_Competition2009/CRAFTED/Medium/contest05/jarvisalo/mod2-3cage-unsat-9-12.sat05-2587.reshuffled-07.cnf,7.0
SAT_Competition2009/CRAFTED/Medium/contest05/jarvisalo/mod2-3cage-unsat-9-14.sat05-2589.reshuffled-07.cnf,6.0
SAT_Competition2009/CRAFTED/Medium/contest05/jarvisalo/mod2-rand3bip-sat-210-2.sat05-2159.reshuffled-07.cnf,6.0
SAT_Competition2009/CRAFTED/Medium/contest05/jarvisalo/mod2-rand3bip-sat-220-1.sat05-2173.reshuffled-07.cnf,8.0
SAT_Competition2009/CRAFTED/Medium/contest05/jarvisalo/mod2-rand3bip-sat-230-2.sat05-2189.reshuffled-07.cnf,9.0
SAT_Competition2009/CRAFTED/Medium/contest05/jarvisalo/mod2-rand3bip-sat-250-3.sat05-2220.reshuffled-07.cnf,7.0
SAT_Competition2009/CRAFTED/Medium/contest05/jarvisalo/mod2c-rand3bip-sat-190-3.sat05-2445.reshuffled-07.cnf,6.0
SAT_Competition2009/CRAFTED/Medium/contest05/others/QG-gensys-brn008.sat05-2685.reshuffled-07.cnf,3.0
SAT_Competition2009/CRAFTED/Medium/contest05/others/QG-gensys-icl003.sat05-2715.reshuffled-07.cnf,6.0
SAT_Competition2009/CRAFTED/Medium/contest05/others/QG7-gensys-icl001.sat05-2926.reshuffled-07.cnf,2.0
SAT_Competition2009/CRAFTED/Medium/contest05/others/QG7a-gensys-brn004.sat05-3669.reshuffled-07.cnf,5.0
SAT_Competition2009/CRAFTED/Medium/contest05/others/QG7a-gensys-ukn001.sat05-3841.reshuffled-07.cnf,10.0
SAT_Competition2009/CRAFTED/Medium/contest05/others/QG7a-gensys-ukn005.sat05-3845.reshuffled-07.cnf,6.0
SAT_Competition2009/CRAFTED/Medium/contest05/others/QG8-gensys-ukn005.sat05-3584.reshuffled-07.cnf,5.0
SAT_Competition2009/CRAFTED/Medium/contest05/others/pmg-11-UNSAT.sat05-3939.reshuffled-07.cnf,4.0
SAT_Competition2009/CRAFTED/Medium/contest05/pebbling/unsat-grid-pbl-0080.sat05-1344.reshuffled-07.cnf,2.0
SAT_Competition2009/CRAFTED/Medium/contest05/pebbling/unsat-pbl-00080.sat05-1325.reshuffled-07.cnf,4.0
SAT_Competition2009/CRAFTED/Medium/contest05/pebbling/unsat-pbl-00090.sat05-1326.reshuffled-07.cnf,1.0
SAT_Competition2009/CRAFTED/Medium/contest05/sabharwal/counting-clqcolor-unsat-set-b-clqcolor-08-06-07.sat05-1257.reshuffled-07.cnf,8.0
SAT_Competition2009/CRAFTED/Medium/contest05/sabharwal/counting-easier-php-012-010.sat05-1172.reshuffled-07.cnf,9.0
SAT_Competition2009/CRAFTED/Medium/contest05/sabharwal/sat-strips-gripper-12t23.sat05-1144.reshuffled-07.cnf,1.0
SAT_Competition2009/CRAFTED/edgematching/all/em_11_3_4_all.cnf,5.0
SAT_Competition2009/CRAFTED/edgematching/all/em_12_2_4_all.cnf,8.0
SAT_Competition2009/CRAFTED/edgematching/all/em_14_7_3_all.cnf,10.0
SAT_Competition2009/CRAFTED/edgematching/all/em_7_3_6_all.cnf,2.0
SAT_Competition2009/CRAFTED/edgematching/all/em_7_4_8_all.cnf,2.0
SAT_Competition2009/CRAFTED/edgematching/all/em_7_4_9_all.cnf,10.0
SAT_Competition2009/CRAFTED/edgematching/all/em_8_4_5_all.cnf,9.0
SAT_Competition2009/CRAFTED/edgematching/compact/em_11_3_4_cmp.cnf,10.0
SAT_Competition2009/CRAFTED/edgematching/compact/em_12_2_4_cmp.cnf,2.0
SAT_Competition2009/CRAFTED/edgematching/compact/em_14_7_3_cmp.cnf,7.0
SAT_Competition2009/CRAFTED/edgematching/compact/em_7_3_6_cmp.cnf,7.0
SAT_Competition2009/CRAFTED/edgematching/compact/em_7_4_8_cmp.cnf,7.0
SAT_Competition2009/CRAFTED/edgematching/compact/em_7_4_9_cmp.cnf,3.0
SAT_Competition2009/CRAFTED/edgematching/compact/em_8_4_5_cmp.cnf,5.0
SAT_Competition2009/CRAFTED/edgematching/compact/em_9_3_5_cmp.cnf,8.0
SAT_Competition2009/CRAFTED/edgematching/explicit/em_11_3_4_exp.cnf,5.0
SAT_Competition2009/CRAFTED/edgematching/explicit/em_12_2_4_exp.cnf,9.0
SAT_Competition2009/CRAFTED/edgematching/explicit/em_7_3_6_exp.cnf,7.0
SAT_Competition2009/CRAFTED/edgematching/explicit/em_7_4_8_exp.cnf,2.0
SAT_Competition2009/CRAFTED/edgematching/explicit/em_7_4_9_exp.cnf,4.0
SAT_Competition2009/CRAFTED/edgematching/explicit/em_8_4_5_exp.cnf,6.0
SAT_Competition2009/CRAFTED/edgematching/explicit/em_9_3_5_exp.cnf,4.0
SAT_Competition2009/CRAFTED/edgematching/fbcolors/em_11_3_4_fbc.cnf,5.0
SAT_Competition2009/CRAFTED/edgematching/fbcolors/em_12_2_4_fbc.cnf,1.0
SAT_Competition2009/CRAFTED/edgematching/fbcolors/em_14_7_3_fbc.cnf,2.0
SAT_Competition2009/CRAFTED/edgematching/fbcolors/em_7_3_6_fbc.cnf,6.0
SAT_Competition2009/CRAFTED/edgematching/fbcolors/em_7_4_8_fbc.cnf,2.0
SAT_Competition2009/CRAFTED/edgematching/fbcolors/em_7_4_9_fbc.cnf,3.0
SAT_Competition2009/CRAFTED/edgematching/fbcolors/em_8_4_5_fbc.cnf,6.0
SAT_Competition2009/CRAFTED/edgematching/fbcolors/em_9_3_5_fbc.cnf,7.0
SAT_Competition2009/CRAFTED/modcircuits/mod3_4vars_6gates.cnf,4.0
SAT_Competition2009/CRAFTED/modcircuits/mod3block_2vars_10gates_u2_autoenc.cnf,7.0
SAT_Competition2009/CRAFTED/modcircuits/mod3block_2vars_11gates_u2_autoenc.cnf,8.0
SAT_Competition2009/CRAFTED/modcircuits/mod3block_2vars_9gates_u2_autoenc.cnf,4.0
SAT_Competition2009/CRAFTED/modcircuits/mod3block_3vars_9gates_restr.cnf,6.0
SAT_Competition2009/CRAFTED/modcircuits/mod3block_4vars_11gates_b2.cnf,1.0
SAT_Competition2009/CRAFTED/modcircuits/mod3block_4vars_11gates_b2_restricted.cnf,8.0
SAT_Competition2009/CRAFTED/modcircuits/mod3block_4vars_12gates_b2.cnf,2.0
SAT_Competition2009/CRAFTED/modcircuits/mod3block_4vars_12gates_b2_restricted.cnf,8.0
SAT_Competition2009/CRAFTED/modcircuits/mod4block_2vars_10gates_u2_autoenc.cnf,1.0
SAT_Competition2009/CRAFTED/modcircuits/mod4block_2vars_11gates_u2_autoenc.cnf,6.0
SAT_Competition2009/CRAFTED/modcircuits/mod4block_2vars_8gates_u2.cnf,8.0
SAT_Competition2009/CRAFTED/modcircuits/mod4block_2vars_8gates_u2_autoenc.cnf,9.0
SAT_Competition2009/CRAFTED/modcircuits/mod4block_2vars_9gates_u2.cnf,5.0
SAT_Competition2009/CRAFTED/modcircuits/mod4block_2vars_9gates_u2_autoenc.cnf,7.0
SAT_Competition2009/CRAFTED/modcircuits/mod4block_3vars_7gates.cnf,1.0
SAT_Competition2009/CRAFTED/modcircuits/mod5block_1var_7gates.cnf,1.0
SAT_Competition2009/CRAFTED/modcircuits/mod5block_2vars_12gates.cnf,6.0
SAT_Competition2009/CRAFTED/modcircuits/owp_4vars_5gates.cnf,4.0
SAT_Competition2009/CRAFTED/parity-games/instance_n2_i2_pp.cnf,3.0
SAT_Competition2009/CRAFTED/parity-games/instance_n2_i3_pp.cnf,1.0
SAT_Competition2009/CRAFTED/parity-games/instance_n3_i3_pp.cnf,3.0
SAT_Competition2009/CRAFTED/parity-games/instance_n3_i3_pp_ci_ce.cnf,10.0
SAT_Competition2009/CRAFTED/parity-games/instance_n3_i4_pp_ci_ce.cnf,8.0
SAT_Competition2009/CRAFTED/parity-games/instance_n4_i4_pp.cnf,9.0
SAT_Competition2009/CRAFTED/parity-games/instance_n4_i4_pp_ci_ce.cnf,1.0
SAT_Competition2009/CRAFTED/parity-games/instance_n4_i5_pp.cnf,7.0
SAT_Competition2009/CRAFTED/parity-games/instance_n5_i5_pp.cnf,9.0
SAT_Competition2009/CRAFTED/parity-games/instance_n5_i6_pp.cnf,8.0
SAT_Competition2009/CRAFTED/parity-games/instance_n5_i6_pp_ci_ce.cnf,1.0
SAT_Competition2009/CRAFTED/parity-games/instance_n6_i6_pp.cnf,6.0
SAT_Competition2009/CRAFTED/parity-games/instance_n6_i6_pp_ci_ce.cnf,9.0
SAT_Competition2009/CRAFTED/parity-games/instance_n6_i7_pp.cnf,7.0
SAT_Competition2009/CRAFTED/parity-games/instance_n6_i7_pp_ci_ce.cnf,7.0
SAT_Competition2009/CRAFTED/parity-games/instance_n7_i7_pp.cnf,1.0
SAT_Competition2009/CRAFTED/parity-games/instance_n7_i7_pp_ci_ce.cnf,4.0
SAT_Competition2009/CRAFTED/parity-games/instance_n7_i8_pp.cnf,3.0
SAT_Competition2009/CRAFTED/parity-games/instance_n7_i8_pp_ci_ce.cnf,2.0
SAT_Competition2009/CRAFTED/parity-games/instance_n8_i8_pp.cnf,8.0
SAT_Competition2009/CRAFTED/parity-games/instance_n8_i8_pp_ci_ce.cnf,2.0
SAT_Competition2009/CRAFTED/parity-games/instance_n8_i9_pp.cnf,4.0
SAT_Competition2009/CRAFTED/parity-games/instance_n8_i9_pp_ci_ce.cnf,10.0
SAT_Competition2009/CRAFTED/parity-games/instance_n9_i9_pp.cnf,9.0
SAT_Competition2009/CRAFTED/parity-games/instance_n9_i9_pp_ci_ce.cnf,7.0
SAT_Competition2009/CRAFTED/ramseycube/Q32inK09.cnf,6.0
SAT_Competition2009/CRAFTED/ramseycube/Q32inK10.cnf,7.0
SAT_Competition2009/CRAFTED/ramseycube/Q32inK11.cnf,2.0
SAT_Competition2009/CRAFTED/ramseycube/Q3inK08.cnf,4.0
SAT_Competition2009/CRAFTED/ramseycube/Q3inK09.cnf,10.0
SAT_Competition2009/CRAFTED/ramseycube/Q3inK10.cnf,10.0
SAT_Competition2009/CRAFTED/ramseycube/Q3inK11.cnf,5.0
SAT_Competition2009/CRAFTED/ramseycube/Q3inK12.cnf,6.0
SAT_Competition2009/CRAFTED/ramseycube/Q3inK13.cnf,10.0
SAT_Competition2009/CRAFTED/rbsat/crafted/forced/rbsat-v1150c84314gyes1.cnf,5.0
SAT_Competition2009/CRAFTED/rbsat/crafted/forced/rbsat-v1150c84314gyes2.cnf,4.0
SAT_Competition2009/CRAFTED/rbsat/crafted/forced/rbsat-v1560c133795gyes9.cnf,5.0
SAT_Competition2009/CRAFTED/rbsat/crafted/forced/rbsat-v1820c171155gyes6.cnf,4.0
SAT_Competition2009/CRAFTED/rbsat/crafted/forced/rbsat-v2640c305320gyes8.cnf,3.0
SAT_Competition2009/CRAFTED/rbsat/crafted/forced/rbsat-v760c43649gyes1.cnf,6.0
SAT_Competition2009/CRAFTED/rbsat/crafted/forced/rbsat-v945c61409gyes2.cnf,5.0
SAT_Competition2009/CRAFTED/rbsat/crafted/forced/rbsat-v945c61409gyes8.cnf,2.0
SAT_Competition2009/CRAFTED/rbsat/crafted/unforced/rbsat-v1375c111739g2.cnf,3.0
SAT_Competition2009/CRAFTED/rbsat/crafted/unforced/rbsat-v1375c111739g6.cnf,7.0
SAT_Competition2009/CRAFTED/rbsat/crafted/unforced/rbsat-v1820c171155g4.cnf,2.0
SAT_Competition2009/CRAFTED/rbsat/crafted/unforced/rbsat-v2400c266431g5.cnf,8.0
SAT_Competition2009/CRAFTED/rbsat/crafted/unforced/rbsat-v2640c305320g4.cnf,8.0
SAT_Competition2009/CRAFTED/rbsat/random/forced/rbsat-v1150c84314gyes3.cnf,9.0
SAT_Competition2009/CRAFTED/rbsat/random/forced/rbsat-v2100c215164gyes2.cnf,9.0
SAT_Competition2009/CRAFTED/rbsat/random/forced/rbsat-v760c43649gyes1.cnf,8.0
SAT_Competition2009/CRAFTED/rbsat/random/forced/rbsat-v760c43649gyes10.cnf,5.0
SAT_Competition2009/CRAFTED/rbsat/random/forced/rbsat-v760c43649gyes4.cnf,6.0
SAT_Competition2009/CRAFTED/rbsat/random/forced/rbsat-v760c43649gyes6.cnf,9.0
SAT_Competition2009/CRAFTED/rbsat/random/forced/rbsat-v945c61409gyes4.cnf,6.0
SAT_Competition2009/CRAFTED/rbsat/random/forced/rbsat-v945c61409gyes9.cnf,1.0
SAT_Competition2009/CRAFTED/rbsat/random/unforced/rbsat-v1150c84314g2.cnf,8.0
SAT_Competition2009/CRAFTED/rbsat/random/unforced/rbsat-v1820c171155g3.cnf,4.0
SAT_Competition2009/CRAFTED/rbsat/random/unforced/rbsat-v2640c305320g2.cnf,10.0
SAT_Competition2009/CRAFTED/rbsat/random/unforced/rbsat-v2640c305320g6.cnf,8.0
SAT_Competition2009/CRAFTED/rbsat/random/unforced/rbsat-v760c43649g1.cnf,7.0
SAT_Competition2009/CRAFTED/rbsat/random/unforced/rbsat-v760c43649g10.cnf,10.0
SAT_Competition2009/CRAFTED/rbsat/random/unforced/rbsat-v760c43649g4.cnf,1.0
SAT_Competition2009/CRAFTED/rbsat/random/unforced/rbsat-v760c43649g8.cnf,5.0
SAT_Competition2009/CRAFTED/rbsat/random/unforced/rbsat-v945c61409g10.cnf,6.0
SAT_Competition2009/CRAFTED/sgen/sat/sgen1-sat-140-100.cnf,4.0
SAT_Competition2009/CRAFTED/sgen/sat/sgen1-sat-160-100.cnf,5.0
SAT_Competition2009/CRAFTED/sgen/sat/sgen1-sat-180-100.cnf,10.0
SAT_Competition2009/CRAFTED/sgen/sat/sgen1-sat-200-100.cnf,5.0
SAT_Competition2009/CRAFTED/sgen/sat/sgen1-sat-220-100.cnf,6.0
SAT_Competition2009/CRAFTED/sgen/sat/sgen1-sat-230-100.cnf,3.0
SAT_Competition2009/CRAFTED/sgen/sat/sgen1-sat-240-100.cnf,9.0
SAT_Competition2009/CRAFTED/sgen/sat/sgen1-sat-250-100.cnf,2.0
SAT_Competition2009/CRAFTED/sgen/sat/sgen1-sat-260-100.cnf,7.0
SAT_Competition2009/CRAFTED/sgen/sat/sgen1-sat-270-100.cnf,1.0
SAT_Competition2009/CRAFTED/sgen/sat/sgen1-sat-280-100.cnf,1.0
SAT_Competition2009/CRAFTED/sgen/sat/sgen1-sat-290-100.cnf,5.0
SAT_Competition2009/CRAFTED/sgen/sat/sgen1-sat-300-100.cnf,5.0
SAT_Competition2009/CRAFTED/sgen/unsat/sgen1-unsat-103-100.cnf,9.0
SAT_Competition2009/CRAFTED/sgen/unsat/sgen1-unsat-109-100.cnf,7.0
SAT_Competition2009/CRAFTED/sgen/unsat/sgen1-unsat-115-100.cnf,1.0
SAT_Competition2009/CRAFTED/sgen/unsat/sgen1-unsat-121-100.cnf,4.0
SAT_Competition2009/CRAFTED/sgen/unsat/sgen1-unsat-127-100.cnf,4.0
SAT_Competition2009/CRAFTED/sgen/unsat/sgen1-unsat-133-100.cnf,2.0
SAT_Competition2009/CRAFTED/sgen/unsat/sgen1-unsat-139-100.cnf,9.0
SAT_Competition2009/CRAFTED/sgen/unsat/sgen1-unsat-145-100.cnf,4.0
SAT_Competition2009/CRAFTED/sgen/unsat/sgen1-unsat-151-100.cnf,3.0
SAT_Competition2009/CRAFTED/sgen/unsat/sgen1-unsat-61-100.cnf,10.0
SAT_Competition2009/CRAFTED/sgen/unsat/sgen1-unsat-73-100.cnf,8.0
SAT_Competition2009/CRAFTED/sgen/unsat/sgen1-unsat-85-100.cnf,7.0
SAT_Competition2009/CRAFTED/sgen/unsat/sgen1-unsat-97-100.cnf,2.0
SAT_Competition2009/CRAFTED/sgi/new-difficult-20-152-18-95.cnf,5.0
SAT_Competition2009/CRAFTED/sgi/new-difficult-21-168-19-90.cnf,6.0
SAT_Competition2009/CRAFTED/sgi/new-difficult-22-173-20-80.cnf,7.0
SAT_Competition2009/CRAFTED/sgi/new-difficult-23-189-21-75.cnf,1.0
SAT_Competition2009/CRAFTED/sgi/new-difficult-24-193-22-70.cnf,3.0
SAT_Competition2009/CRAFTED/sgi/new-difficult-26-243-24-70.cnf,10.0
SAT_Competition2009/CRAFTED/sgi/new-difficult-28-302-26-75.cnf,3.0
SAT_Competition2009/CRAFTED/sgi/satsgi-n17himBHm20-p0-q146.cnf,8.0
SAT_Competition2009/CRAFTED/sgi/satsgi-n18himBHm21-p0-q167.cnf,7.0
SAT_Competition2009/CRAFTED/sgi/satsgi-n19himBHm22-p0-q181.cnf,7.0
SAT_Competition2009/CRAFTED/sgi/satsgi-n22himBHm24-p0-q209.cnf,7.0
SAT_Competition2009/CRAFTED/sgi/satsgi-n22himBHm25-p0-q229.cnf,8.0
SAT_Competition2009/CRAFTED/sgi/satsgi-n23himBHm25-p0-q219.cnf,2.0
SAT_Competition2009/CRAFTED/sgi/satsgi-n23himBHm26-p0-q248.cnf,8.0
SAT_Competition2009/CRAFTED/sgi/satsgi-n23himBHm27-p0-q251.cnf,7.0
SAT_Competition2009/CRAFTED/sgi/satsgi-n25himBHm27-p0-q251.cnf,2.0
SAT_Competition2009/CRAFTED/sgi/satsgi-n25himBHm29-p0-q290.cnf,7.0
SAT_Competition2009/CRAFTED/sgi/satsgi-n28himBHm30-p0-q333.cnf,3.0
SAT_Competition2009/CRAFTED/sgi/sgi-difficult4.cnf,3.0
SAT_Competition2009/CRAFTED/sgi/sgi-difficult7.cnf,10.0
SAT_Competition2011/SAT02/handmade/chu-min-li/urquhart/urquhart3_25bis.shuffled.cnf,6.0
SAT_Competition2011/SAT02/handmade/pehoushek/plainoldcnf/5cnf_3500_3500_30f1.shuffled.cnf,4.0
SAT_Competition2011/SAT02/handmade/pehoushek/plainoldcnf/5cnf_3900_3900_060.shuffled.cnf,5.0
SAT_Competition2011/SAT02/handmade/pehoushek/plainoldcnf/5cnf_3900_3900_220.shuffled.cnf,2.0
SAT_Competition2011/SAT02/handmade/pehoushek/plainoldcnf/5cnf_4300_4300_110.shuffled.cnf,3.0
SAT_Competition2011/SAT02/handmade/pehoushek/plainoldcnf/5cnf_4300_4300_170.shuffled.cnf,9.0
SAT_Competition2011/SAT02/handmade/pehoushek/twentyvars/7cnf20_90000_90000_7.shuffled.cnf,4.0
SAT_Competition2011/SAT02/handmade/simon/satex-challenges/c6288.shuffled.cnf,1.0
SAT_Competition2011/SAT02/handmade/simon/satex-challenges/f600.shuffled.cnf,3.0
SAT_Competition2011/SAT02/handmade/simon/satex-challenges/par32-3.shuffled.cnf,2.0
SAT_Competition2011/SAT02/handmade/zhang-lintao/xor-chain/x1_40.shuffled.cnf,1.0
SAT_Competition2011/SAT02/handmade/zhang-lintao/xor-chain/x1_80.shuffled.cnf,3.0
SAT_Competition2011/SAT03/handmade/anton/SAT/SGI_30_80_15_90_4-dir.shuffled-as.sat03-6.cnf,4.0
SAT_Competition2011/SAT03/handmade/anton/UNSAT/SGI_30_50_30_20_1-log.shuffled-as.sat03-107.cnf,9.0
SAT_Competition2011/SAT03/handmade/anton/UNSAT/SGI_30_50_30_20_3-log.shuffled-as.sat03-109.cnf,4.0
SAT_Competition2011/SAT03/handmade/anton/UNSAT/SGI_30_50_30_20_5-log.shuffled-as.sat03-111.cnf,4.0
SAT_Competition2011/SAT03/handmade/anton/UNSAT/SGI_30_60_20_50_3-dir.shuffled-as.sat03-114.cnf,2.0
SAT_Competition2011/SAT03/handmade/anton/UNSAT/SGI_30_60_24_40_2-log.shuffled-as.sat03-119.cnf,5.0
SAT_Competition2011/SAT03/handmade/anton/UNSAT/SGI_30_60_28_40_7-log.shuffled-as.sat03-127.cnf,6.0
SAT_Competition2011/SAT03/handmade/anton/UNSAT/SGI_30_60_29_30_6-dir.shuffled-as.sat03-130.cnf,10.0
SAT_Competition2011/SAT03/handmade/anton/UNSAT/SGI_30_70_15_90_1-dir.shuffled-as.sat03-136.cnf,10.0
SAT_Competition2011/SAT03/handmade/anton/UNSAT/SGI_30_70_15_90_1-log.shuffled-as.sat03-137.cnf,4.0
SAT_Competition2011/SAT03/handmade/anton/UNSAT/SGI_30_70_18_80_10-dir.shuffled-as.sat03-140.cnf,7.0
SAT_Competition2011/SAT03/handmade/anton/UNSAT/SGI_30_70_19_80_8-log.shuffled-as.sat03-143.cnf,9.0
SAT_Competition2011/SAT03/handmade/anton/UNSAT/SGI_30_70_20_60_10-dir.shuffled-as.sat03-144.cnf,6.0
SAT_Competition2011/SAT03/handmade/anton/UNSAT/SGI_30_70_20_70_1-dir.shuffled-as.sat03-146.cnf,7.0
SAT_Competition2011/SAT03/handmade/anton/UNSAT/SGI_30_70_21_60_7-log.shuffled-as.sat03-151.cnf,8.0
SAT_Competition2011/SAT03/handmade/anton/UNSAT/SGI_30_70_22_70_7-dir.shuffled-as.sat03-154.cnf,3.0
SAT_Competition2011/SAT03/handmade/anton/UNSAT/SGI_30_70_26_40_6-dir.shuffled-as.sat03-163.cnf,8.0
SAT_Competition2011/SAT03/handmade/anton/UNSAT/SGI_30_70_26_60_1-dir.shuffled-as.sat03-167.cnf,8.0
SAT_Competition2011/SAT03/handmade/anton/UNSAT/SGI_30_70_27_50_3-dir.shuffled-as.sat03-169.cnf,9.0
SAT_Competition2011/SAT03/handmade/anton/UNSAT/SGI_30_70_29_50_3-dir.shuffled-as.sat03-179.cnf,3.0
SAT_Competition2011/SAT03/handmade/anton/UNSAT/SGI_30_80_17_90_7-log.shuffled-as.sat03-190.cnf,1.0
SAT_Competition2011/SAT03/handmade/anton/UNSAT/SGI_30_80_28_70_8-dir.shuffled-as.sat03-215.cnf,9.0
SAT_Competition2011/SAT03/handmade/bevan/cnf/marg3x3add8.shuffled-as.sat03-1449.cnf,3.0
SAT_Competition2011/SAT03/handmade/bevan/cnf/marg3x3add8ch.shuffled-as.sat03-1448.cnf,5.0
SAT_Competition2011/SAT03/handmade/gomes/bqwh/bqwh.50.825.shuffled-as.sat03-1648.cnf,2.0
SAT_Competition2011/SAT03/handmade/gomes/bqwh/bqwh.60.1152.shuffled-as.sat03-1650.cnf,2.0
SAT_Competition2011/SAT03/handmade/markstrom/UNSATISFIABLE/mm-2x2-6-6-s.1.shuffled-as.sat03-1499.cnf,3.0
SAT_Competition2011/SAT03/handmade/stanion/hwb/hwb-n28-01-S136611085.shuffled-as.sat03-1627.cnf,4.0
SAT_Competition2011/SAT03/handmade/stanion/hwb/hwb-n28-02-S818962541.shuffled-as.sat03-1628.cnf,1.0
SAT_Competition2011/SAT03/handmade/stanion/hwb/hwb-n30-02-S77299857.shuffled-as.sat03-1633.cnf,5.0
SAT_Competition2011/SAT03/handmade/stanion/hwb/hwb-n32-02-S1478512323.shuffled-as.sat03-1638.cnf,7.0
SAT_Competition2011/SAT04/handmade/andrew/composite/Composite-024BitPrimes-1.used-as.sat04-861.cnf,2.0
SAT_Competition2011/SAT04/handmade/anton/l4k4/lksat-n900-m6174-k4-l4-s819398222.used-as.sat04-929.cnf,1.0
SAT_Competition2011/SAT04/handmade/anton/l5k3/lksat-n1100-m4103-k3-l5-s558351420.used-as.sat04-934.cnf,6.0
SAT_Competition2011/SAT04/handmade/anton/l5k3/lksat-n900-m3357-k3-l5-s950595579.used-as.sat04-938.cnf,8.0
SAT_Competition2011/SAT04/handmade/connamacher/connm-d-0.02/connm-ue-csp-sat-n1200-d-0.02-s405595518.used-as.sat04-950.cnf,7.0
SAT_Competition2011/SAT04/handmade/connamacher/connm-d0.02/connm-ue-csp-sat-n800-d0.02-s111845174.used-as.sat04-958.cnf,5.0
SAT_Competition2011/SAT04/handmade/connamacher/connm-d0.04/connm-ue-csp-sat-n800-d0.04-s1788334438.used-as.sat04-976.cnf,1.0
SAT_Competition2011/SAT04/handmade/hirsch03/hgen8-n320-01-S1432474240.shuffled-as.sat03-890.used-as.sat04-841.cnf,3.0
SAT_Competition2011/SAT04/handmade/kexu/frb-0.6/frb75-13-2.used-as.sat04-878.cnf,3.0
SAT_Competition2011/SAT04/handmade/kexu/frb-0.6/frb80-14-2.used-as.sat04-880.cnf,7.0
SAT_Competition2011/SAT04/handmade/kexu/frb-0.8/frb45-21-1.used-as.sat04-883.cnf,10.0
SAT_Competition2011/SAT04/handmade/kexu/frb-0.8/frb59-26-1.used-as.sat04-891.cnf,10.0
SAT_Competition2011/SAT04/handmade/kexu/frb-0.8/frb59-26-2.used-as.sat04-892.cnf,5.0
SAT_Competition2011/SAT04/handmade/marijn/equilarge-l/equilarge_l2.used-as.sat04-894.cnf,2.0
SAT_Competition2011/SAT04/handmade/marijn/equilarge-l/equilarge_l4.used-as.sat04-896.cnf,1.0
SAT_Competition2011/SAT05/crafted/jarvisalo05/mod2-rand3bip-sat/mod2-rand3bip-sat-270-1.shuffled-as.sat05-2248.cnf,2.0
SAT_Competition2011/SAT05/crafted/jarvisalo05/mod2c-rand3bip-sat/mod2c-rand3bip-sat-220-3.shuffled-as.sat05-2490.cnf,9.0
SAT_Competition2011/SAT05/crafted/jarvisalo05/mod2c-rand3bip-sat/mod2c-rand3bip-sat-230-3.shuffled-as.sat05-2505.cnf,2.0
SAT_Competition2011/SAT05/crafted/jarvisalo05/mod2c-rand3bip-sat/mod2c-rand3bip-sat-240-2.shuffled-as.sat05-2519.cnf,6.0
SAT_Competition2011/SAT05/crafted/jarvisalo05/mod2c-rand3bip-sat/mod2c-rand3bip-sat-240-3.shuffled-as.sat05-2520.cnf,6.0
SAT_Competition2011/SAT05/crafted/jarvisalo05/mod2c-rand3bip-sat/mod2c-rand3bip-sat-250-1.shuffled-as.sat05-2533.cnf,8.0
SAT_Competition2011/SAT05/crafted/jarvisalo05/mod2c-rand3bip-sat/mod2c-rand3bip-sat-250-2.shuffled-as.sat05-2534.cnf,9.0
SAT_Competition2011/SAT05/crafted/jarvisalo05/mod2c-rand3bip-sat/mod2c-rand3bip-sat-250-3.shuffled-as.sat05-2535.cnf,1.0
SAT_Competition2011/SAT05/crafted/lynce05/social-golfer-problem/sgp_5-6-8.shuffled-as.sat05-2669.cnf,8.0
SAT_Competition2011/SAT05/crafted/markstrom05/eulcbip/eulcbip-7-UNSAT.shuffled-as.sat05-3936.cnf,8.0
SAT_Competition2011/SAT05/crafted/roussel05/visbmc-PHNF/phnf-size10-exclusive-philo.used-as.sat04-988.shuffled-as.sat05-4195.cnf,3.0
SAT_Competition2011/SAT05/crafted/sabharwal05/counting/fphp/unsat/harder/fphp-020-019.shuffled-as.sat05-1232.cnf,3.0
SAT_Competition2011/SAT05/crafted/sabharwal05/counting/fphp/unsat/harder/fphp-030-029.shuffled-as.sat05-1234.cnf,3.0
SAT_Competition2011/SAT05/crafted/sabharwal05/counting/php/unsat/easier/php-010-008.shuffled-as.sat05-1171.cnf,9.0
SAT_Competition2011/SAT05/crafted/sabharwal05/counting/php/unsat/easier/php-045-035.shuffled-as.sat05-1181.cnf,3.0
SAT_Competition2011/SAT05/crafted/sabharwal05/counting/php/unsat/harder/php-020-019.shuffled-as.sat05-1190.cnf,2.0
SAT_Competition2011/SAT05/crafted/sabharwal05/counting/php/unsat/harder/php-040-039.shuffled-as.sat05-1194.cnf,10.0
SAT_Competition2011/SAT05/crafted/sabharwal05/ordering/gt-ordering/sat/gt-030.shuffled-as.sat05-1295.cnf,9.0
SAT_Competition2011/SAT05/crafted/sabharwal05/pebbling/grid-pebbling/unsat/grid-pbl-0250.shuffled-as.sat05-1349.shuffled-as.sat05-1349.cnf,2.0
SAT_Competition2011/SAT05/crafted/sabharwal05/planning/logistics/unsat/logistics-rotate-07t5.shuffled-as.sat05-1137.cnf,7.0
SAT_Competition2011/SAT05/crafted/sorge05/QG6/dead-dnd002.shuffled-as.sat05-2713.cnf,9.0
SAT_Competition2011/SAT05/crafted/sorge05/QG7/dead-dnd003.shuffled-as.sat05-3109.cnf,4.0
SAT_Competition2011/SAT05/crafted/sorge05/QG7/gensys-icl007.shuffled-as.sat05-3133.cnf,10.0
SAT_Competition2011/SAT05/crafted/sorge05/QG7/iso-ukn004.shuffled-as.sat05-3385.cnf,2.0
SAT_Competition2011/SAT05/crafted/sorge05/QG7a/gensys-brn002.shuffled-as.sat05-3935.cnf,5.0
SAT_Competition2011/SAT05/crafted/sorge05/QG7a/gensys-icl005.shuffled-as.sat05-3826.cnf,8.0
SAT_Competition2011/SAT05/crafted/sorge05/QG7a/gensys-ukn003.shuffled-as.sat05-3843.cnf,2.0
SAT_Competition2011/SAT05/crafted/sorge05/QG7a/gensys-ukn004.shuffled-as.sat05-3844.cnf,4.0
SAT_Competition2011/SAT05/crafted/sorge05/QG7a/gensys-ukn006.shuffled-as.sat05-3846.cnf,5.0
SAT_Competition2011/SAT05/crafted/sorge05/QG7a/gensys-ukn009.shuffled-as.sat05-3849.cnf,7.0
SAT_Competition2011/SAT05/crafted/sorge05/QG8/gensys-ukn007.shuffled-as.sat05-3586.cnf,7.0
SAT_Competition2011/SAT05/crafted/sorge05/QG8/iso-ukn009.shuffled-as.sat05-3632.cnf,9.0
SAT_Competition2011/SAT07/crafted/spence/hard/s113-100.cnf,4.0
SAT_Competition2011/SAT09/CRAFTED/edgematching/all/em_8_4_5_all.cnf,9.0
SAT_Competition2011/SAT09/CRAFTED/edgematching/compact/em_11_3_4_cmp.cnf,2.0
SAT_Competition2011/SAT09/CRAFTED/edgematching/compact/em_12_2_4_cmp.cnf,4.0
SAT_Competition2011/SAT09/CRAFTED/edgematching/compact/em_7_3_6_cmp.cnf,4.0
SAT_Competition2011/SAT09/CRAFTED/edgematching/fbcolors/em_8_4_5_fbc.cnf,8.0
SAT_Competition2011/SAT09/CRAFTED/modcircuits/mod3block_2vars_11gates_u2_autoenc.cnf,4.0
SAT_Competition2011/SAT09/CRAFTED/modcircuits/mod4block_2vars_8gates_u2.cnf,7.0
SAT_Competition2011/SAT09/CRAFTED/modcircuits/mod4block_3vars_7gates.cnf,4.0
SAT_Competition2011/SAT09/CRAFTED/parity-games/instance_n8_i8_pp_ci_ce.cnf,9.0
SAT_Competition2011/SAT09/CRAFTED/parity-games/instance_n9_i9_pp.cnf,8.0
SAT_Competition2011/SAT09/CRAFTED/ramseycube/Q3inK10.cnf,7.0
SAT_Competition2011/SAT09/CRAFTED/rbsat/crafted/forced/rbsat-v1560c133795gyes1.cnf,7.0
SAT_Competition2011/SAT09/CRAFTED/rbsat/crafted/forced/rbsat-v2100c215164gyes4.cnf,10.0
SAT_Competition2011/SAT09/CRAFTED/rbsat/crafted/forced/rbsat-v2400c266431gyes2.cnf,7.0
SAT_Competition2011/SAT09/CRAFTED/rbsat/crafted/forced/rbsat-v2400c266431gyes3.cnf,8.0
SAT_Competition2011/SAT09/CRAFTED/rbsat/crafted/forced/rbsat-v2640c305320gyes10.cnf,5.0
SAT_Competition2011/SAT09/CRAFTED/rbsat/crafted/forced/rbsat-v2640c305320gyes3.cnf,5.0
SAT_Competition2011/SAT09/CRAFTED/rbsat/crafted/forced/rbsat-v760c43649gyes5.cnf,2.0
SAT_Competition2011/SAT09/CRAFTED/rbsat/crafted/forced/rbsat-v760c43649gyes6.cnf,1.0
SAT_Competition2011/SAT09/CRAFTED/rbsat/crafted/forced/rbsat-v760c43649gyes8.cnf,7.0
SAT_Competition2011/SAT09/CRAFTED/rbsat/crafted/forced/rbsat-v945c61409gyes1.cnf,9.0
SAT_Competition2011/SAT09/CRAFTED/rbsat/crafted/forced/rbsat-v945c61409gyes10.cnf,6.0
SAT_Competition2011/SAT09/CRAFTED/rbsat/crafted/forced/rbsat-v945c61409gyes7.cnf,3.0
SAT_Competition2011/SAT09/CRAFTED/rbsat/crafted/unforced/rbsat-v1820c171155g5.cnf,9.0
SAT_Competition2011/SAT09/CRAFTED/rbsat/crafted/unforced/rbsat-v2400c266431g6.cnf,10.0
SAT_Competition2011/SAT09/CRAFTED/rbsat/crafted/unforced/rbsat-v2400c266431g9.cnf,2.0
SAT_Competition2011/SAT09/CRAFTED/rbsat/crafted/unforced/rbsat-v760c43649g2.cnf,9.0
SAT_Competition2011/SAT09/CRAFTED/rbsat/crafted/unforced/rbsat-v760c43649g7.cnf,6.0
SAT_Competition2011/SAT09/CRAFTED/rbsat/crafted/unforced/rbsat-v760c43649g9.cnf,4.0
SAT_Competition2011/SAT09/CRAFTED/rbsat/crafted/unforced/rbsat-v945c61409g3.cnf,4.0
SAT_Competition2011/SAT09/CRAFTED/rbsat/random/forced/rbsat-v1150c84314gyes1.cnf,8.0
SAT_Competition2011/SAT09/CRAFTED/rbsat/random/forced/rbsat-v1375c111739gyes10.cnf,1.0
SAT_Competition2011/SAT09/CRAFTED/rbsat/random/forced/rbsat-v1820c171155gyes3.cnf,7.0
SAT_Competition2011/SAT09/CRAFTED/rbsat/random/forced/rbsat-v2100c215164gyes2.cnf,10.0
SAT_Competition2011/SAT09/CRAFTED/rbsat/random/forced/rbsat-v2100c215164gyes7.cnf,5.0
SAT_Competition2011/SAT09/CRAFTED/rbsat/random/forced/rbsat-v2400c266431gyes1.cnf,1.0
SAT_Competition2011/SAT09/CRAFTED/rbsat/random/forced/rbsat-v2400c266431gyes6.cnf,4.0
SAT_Competition2011/SAT09/CRAFTED/rbsat/random/forced/rbsat-v2400c266431gyes7.cnf,3.0
SAT_Competition2011/SAT09/CRAFTED/rbsat/random/forced/rbsat-v2640c305320gyes10.cnf,8.0
SAT_Competition2011/SAT09/CRAFTED/rbsat/random/forced/rbsat-v2640c305320gyes2.cnf,7.0
SAT_Competition2011/SAT09/CRAFTED/rbsat/random/forced/rbsat-v2640c305320gyes3.cnf,6.0
SAT_Competition2011/SAT09/CRAFTED/rbsat/random/forced/rbsat-v2640c305320gyes5.cnf,8.0
SAT_Competition2011/SAT09/CRAFTED/rbsat/random/forced/rbsat-v945c61409gyes5.cnf,8.0
SAT_Competition2011/SAT09/CRAFTED/rbsat/random/unforced/rbsat-v1150c84314g1.cnf,9.0
SAT_Competition2011/SAT09/CRAFTED/rbsat/random/unforced/rbsat-v1150c84314g7.cnf,2.0
SAT_Competition2011/SAT09/CRAFTED/rbsat/random/unforced/rbsat-v1375c111739g4.cnf,7.0
SAT_Competition2011/SAT09/CRAFTED/rbsat/random/unforced/rbsat-v1375c111739g6.cnf,4.0
SAT_Competition2011/SAT09/CRAFTED/rbsat/random/unforced/rbsat-v2100c215164g4.cnf,3.0
SAT_Competition2011/SAT09/CRAFTED/rbsat/random/unforced/rbsat-v2100c215164g9.cnf,3.0
SAT_Competition2011/SAT09/CRAFTED/rbsat/random/unforced/rbsat-v2400c266431g10.cnf,10.0
SAT_Competition2011/SAT09/CRAFTED/rbsat/random/unforced/rbsat-v2400c266431g3.cnf,8.0
SAT_Competition2011/SAT09/CRAFTED/rbsat/random/unforced/rbsat-v760c43649g5.cnf,8.0
SAT_Competition2011/SAT09/CRAFTED/rbsat/random/unforced/rbsat-v760c43649g7.cnf,4.0
SAT_Competition2011/SAT09/CRAFTED/rbsat/random/unforced/rbsat-v945c61409g3.cnf,9.0
SAT_Competition2011/SAT09/CRAFTED/rbsat/random/unforced/rbsat-v945c61409g4.cnf,1.0
SAT_Competition2011/SAT09/CRAFTED/rbsat/random/unforced/rbsat-v945c61409g6.cnf,4.0
SAT_Competition2011/SAT09/CRAFTED/rbsat/random/unforced/rbsat-v945c61409g7.cnf,5.0
SAT_Competition2011/SAT09/CRAFTED/sgi/new-difficult-23-189-21-75.cnf,4.0
SAT_Competition2011/SAT09/CRAFTED/sgi/satsgi-n26himBHm28-p0-q293.cnf,3.0
SAT_Competition2011/SAT11/crafted/anton/SRHD-SGI/srhd-sgi-m27-q225-n25-p15-s58217873.cnf,10.0
SAT_Competition2011/SAT11/crafted/anton/SRHD-SGI/srhd-sgi-m27-q225-n25-p30-s70617701.cnf,9.0
SAT_Competition2011/SAT11/crafted/anton/SRHD-SGI/srhd-sgi-m27-q255-n25-p15-s2076598.cnf,8.0
SAT_Competition2011/SAT11/crafted/anton/SRHD-SGI/srhd-sgi-m27-q255-n25-p30-s39712998.cnf,7.0
SAT_Competition2011/SAT11/crafted/anton/SRHD-SGI/srhd-sgi-m32-q326.25-n30-p15-s44266159.cnf,1.0
SAT_Competition2011/SAT11/crafted/anton/SRHD-SGI/srhd-sgi-m32-q326.25-n30-p30-s48700942.cnf,9.0
SAT_Competition2011/SAT11/crafted/anton/SRHD-SGI/srhd-sgi-m32-q369.75-n30-p15-s59317012.cnf,10.0
SAT_Competition2011/SAT11/crafted/anton/SRHD-SGI/srhd-sgi-m32-q369.75-n30-p30-s25693430.cnf,6.0
SAT_Competition2011/SAT11/crafted/anton/SRHD-SGI/srhd-sgi-m37-q446.25-n35-p15-s25120921.cnf,6.0
SAT_Competition2011/SAT11/crafted/anton/SRHD-SGI/srhd-sgi-m37-q446.25-n35-p30-s33692332.cnf,8.0
SAT_Competition2011/SAT11/crafted/anton/SRHD-SGI/srhd-sgi-m37-q505.75-n35-p15-s48276711.cnf,4.0
SAT_Competition2011/SAT11/crafted/anton/SRHD-SGI/srhd-sgi-m37-q505.75-n35-p30-s59841049.cnf,9.0
SAT_Competition2011/SAT11/crafted/anton/SRHD-SGI/srhd-sgi-m42-q585-n40-p15-s54275047.cnf,6.0
SAT_Competition2011/SAT11/crafted/anton/SRHD-SGI/srhd-sgi-m42-q585-n40-p30-s19690873.cnf,8.0
SAT_Competition2011/SAT11/crafted/anton/SRHD-SGI/srhd-sgi-m42-q663-n40-p15-s72490337.cnf,5.0
SAT_Competition2011/SAT11/crafted/anton/SRHD-SGI/srhd-sgi-m42-q663-n40-p30-s67876261.cnf,3.0
SAT_Competition2011/SAT11/crafted/anton/SRHD-SGI/srhd-sgi-m47-q742.5-n45-p15-s28972035.cnf,8.0
SAT_Competition2011/SAT11/crafted/anton/SRHD-SGI/srhd-sgi-m47-q742.5-n45-p30-s17570390.cnf,4.0
SAT_Competition2011/SAT11/crafted/anton/SRHD-SGI/srhd-sgi-m47-q841.5-n45-p15-s16393788.cnf,2.0
SAT_Competition2011/SAT11/crafted/anton/SRHD-SGI/srhd-sgi-m47-q841.5-n45-p30-s84954709.cnf,1.0
SAT_Competition2011/SAT11/crafted/anton/SRHD-SGI/srhd-sgi-m52-q1041.25-n50-p15-s99099953.cnf,6.0
SAT_Competition2011/SAT11/crafted/anton/SRHD-SGI/srhd-sgi-m52-q1041.25-n50-p30-s30907550.cnf,8.0
SAT_Competition2011/SAT11/crafted/anton/SRHD-SGI/srhd-sgi-m52-q918.75-n50-p15-s98191766.cnf,6.0
SAT_Competition2011/SAT11/crafted/anton/SRHD-SGI/srhd-sgi-m52-q918.75-n50-p30-s52376212.cnf,9.0
SAT_Competition2011/SAT11/crafted/anton/SRHD-SGI/srhd-sgi-m62-q1327.5-n60-p15-s1351253.cnf,7.0
SAT_Competition2011/SAT11/crafted/anton/SRHD-SGI/srhd-sgi-m62-q1327.5-n60-p30-s52708253.cnf,1.0
SAT_Competition2011/SAT11/crafted/anton/SRHD-SGI/srhd-sgi-m62-q1504.5-n60-p15-s80450670.cnf,6.0
SAT_Competition2011/SAT11/crafted/anton/SRHD-SGI/srhd-sgi-m62-q1504.5-n60-p30-s88600538.cnf,2.0
SAT_Competition2011/SAT11/crafted/kullmann/GreenTao/GreenTaok1k2/GreenTao_2-3-5_527.cnf,3.0
SAT_Competition2011/SAT11/crafted/kullmann/GreenTao/GreenTaok1k2/GreenTao_2-3-5_528.cnf,5.0
SAT_Competition2011/SAT11/crafted/kullmann/GreenTao/GreenTaok1k2/GreenTao_2-3-6_2071.cnf,7.0
SAT_Competition2011/SAT11/crafted/kullmann/GreenTao/GreenTaok1k2/GreenTao_2-3-6_2072.cnf,5.0
SAT_Competition2011/SAT11/crafted/kullmann/GreenTao/GreenTaok1k2/GreenTao_2-4-4_511.cnf,2.0
SAT_Competition2011/SAT11/crafted/kullmann/GreenTao/GreenTaok1k2/GreenTao_2-4-4_512.cnf,7.0
SAT_Competition2011/SAT11/crafted/kullmann/GreenTao/GreenTaok1k2/GreenTao_2-4-5_4231.cnf,7.0
SAT_Competition2011/SAT11/crafted/kullmann/GreenTao/GreenTaok1k2/GreenTao_2-4-5_4232.cnf,5.0
SAT_Competition2011/SAT11/crafted/kullmann/GreenTao/GreenTaok1k2/GreenTao_2-5-5_34308.cnf,2.0
SAT_Competition2011/SAT11/crafted/kullmann/GreenTao/GreenTaok1k2/GreenTao_2-5-5_34309.cnf,8.0
SAT_Competition2011/SAT11/crafted/kullmann/VanDerWaerden/VanderWaerden3k/VanDerWaerden_2-3-12_135.cnf,8.0
SAT_Competition2011/SAT11/crafted/kullmann/VanDerWaerden/VanderWaerden3k/VanDerWaerden_2-3-13_160.cnf,9.0
SAT_Competition2011/SAT11/crafted/kullmann/VanDerWaerden/VanderWaerden3k/VanDerWaerden_2-3-14_186.cnf,1.0
SAT_Competition2011/SAT11/crafted/kullmann/VanDerWaerden/VanderWaerden3k/VanDerWaerden_2-3-15_218.cnf,1.0
SAT_Competition2011/SAT11/crafted/kullmann/VanDerWaerden/VanderWaerden3k/VanDerWaerden_2-3-16_238.cnf,8.0
SAT_Competition2011/SAT11/crafted/kullmann/VanDerWaerden/VanderWaerden3k/VanDerWaerden_2-3-17_279.cnf,9.0
SAT_Competition2011/SAT11/crafted/kullmann/VanDerWaerden/VanderWaerden3k/VanDerWaerden_2-3-18_312.cnf,3.0
SAT_Competition2011/SAT11/crafted/kullmann/VanDerWaerden/VanderWaerden3k/VanDerWaerden_2-3-19_349.cnf,4.0
SAT_Competition2011/SAT11/crafted/kullmann/VanDerWaerden/VanderWaerden3k/VanDerWaerden_2-3-20_388.cnf,5.0
SAT_Competition2011/SAT11/crafted/kullmann/VanDerWaerden/VanderWaerden3k/VanDerWaerden_2-3-20_389.cnf,1.0
SAT_Competition2011/SAT11/crafted/kullmann/VanDerWaerden/VanderWaerden_pd_3k/VanDerWaerden_pd_2-3-19_348.cnf,9.0
SAT_Competition2011/SAT11/crafted/kullmann/VanDerWaerden/VanderWaerden_pd_3k/VanDerWaerden_pd_2-3-20_381.cnf,6.0
SAT_Competition2011/SAT11/crafted/kullmann/VanDerWaerden/VanderWaerden_pd_3k/VanDerWaerden_pd_2-3-20_390.cnf,8.0
SAT_Competition2011/SAT11/crafted/kullmann/VanDerWaerden/VanderWaerden_pd_3k/VanDerWaerden_pd_2-3-21_399.cnf,10.0
SAT_Competition2011/SAT11/crafted/kullmann/VanDerWaerden/VanderWaerden_pd_3k/VanDerWaerden_pd_2-3-21_401.cnf,7.0
SAT_Competition2011/SAT11/crafted/kullmann/VanDerWaerden/VanderWaerden_pd_3k/VanDerWaerden_pd_2-3-21_404.cnf,6.0
SAT_Competition2011/SAT11/crafted/kullmann/VanDerWaerden/VanderWaerden_pd_3k/VanDerWaerden_pd_2-3-21_406.cnf,8.0
SAT_Competition2011/SAT11/crafted/kullmann/VanDerWaerden/VanderWaerden_pd_3k/VanDerWaerden_pd_2-3-22_443.cnf,4.0
SAT_Competition2011/SAT11/crafted/kullmann/VanDerWaerden/VanderWaerden_pd_3k/VanDerWaerden_pd_2-3-22_445.cnf,3.0
SAT_Competition2011/SAT11/crafted/kullmann/VanDerWaerden/VanderWaerden_pd_3k/VanDerWaerden_pd_2-3-22_462.cnf,3.0
SAT_Competition2011/SAT11/crafted/kullmann/VanDerWaerden/VanderWaerden_pd_3k/VanDerWaerden_pd_2-3-22_464.cnf,4.0
SAT_Competition2011/SAT11/crafted/kullmann/VanDerWaerden/VanderWaerden_pd_3k/VanDerWaerden_pd_2-3-23_505.cnf,1.0
SAT_Competition2011/SAT11/crafted/kullmann/VanDerWaerden/VanderWaerden_pd_3k/VanDerWaerden_pd_2-3-23_506.cnf,3.0
SAT_Competition2011/SAT11/crafted/kullmann/VanDerWaerden/VanderWaerden_pd_3k/VanDerWaerden_pd_2-3-23_507.cnf,1.0
SAT_Competition2011/SAT11/crafted/kullmann/VanDerWaerden/VanderWaerden_pd_3k/VanDerWaerden_pd_2-3-23_508.cnf,6.0
SAT_Competition2011/SAT11/crafted/kullmann/VanDerWaerden/VanderWaerden_pd_3k/VanDerWaerden_pd_2-3-24_567.cnf,1.0
SAT_Competition2011/SAT11/crafted/manthey/sudoku-single-hard/sudoku_81x81_unknown.cnf,5.0
SAT_Competition2011/SAT11/crafted/mosoi/289/289-sat-11x10.cnf,8.0
SAT_Competition2011/SAT11/crafted/mosoi/289/289-sat-11x4.cnf,3.0
SAT_Competition2011/SAT11/crafted/mosoi/289/289-sat-11x9.cnf,8.0
SAT_Competition2011/SAT11/crafted/mosoi/289/289-sat-12x14.cnf,2.0
SAT_Competition2011/SAT11/crafted/mosoi/289/289-sat-12x15.cnf,8.0
SAT_Competition2011/SAT11/crafted/mosoi/289/289-sat-14x8.cnf,1.0
SAT_Competition2011/SAT11/crafted/mosoi/289/289-sat-4x35.cnf,3.0
SAT_Competition2011/SAT11/crafted/mosoi/289/289-sat-4x8.cnf,6.0
SAT_Competition2011/SAT11/crafted/mosoi/289/289-sat-5x8.cnf,8.0
SAT_Competition2011/SAT11/crafted/mosoi/289/289-sat-6x19.cnf,4.0
SAT_Competition2011/SAT11/crafted/mosoi/289/289-sat-6x20.cnf,4.0
SAT_Competition2011/SAT11/crafted/mosoi/289/289-sat-6x8.cnf,3.0
SAT_Competition2011/SAT11/crafted/mosoi/289/289-sat-6x9.cnf,9.0
SAT_Competition2011/SAT11/crafted/mosoi/289/289-sat-7x6.cnf,3.0
SAT_Competition2011/SAT11/crafted/mosoi/289/289-sat-9x13.cnf,7.0
SAT_Competition2011/SAT11/crafted/mosoi/289/289-unsat-13x32.cnf,2.0
SAT_Competition2011/SAT11/crafted/mosoi/289/289-unsat-14x34.cnf,1.0
SAT_Competition2011/SAT11/crafted/mosoi/289/289-unsat-14x38.cnf,10.0
SAT_Competition2011/SAT11/crafted/mosoi/289/289-unsat-17x27.cnf,1.0
SAT_Competition2011/SAT11/crafted/mosoi/289/289-unsat-17x30.cnf,8.0
SAT_Competition2011/SAT11/crafted/mosoi/289/289-unsat-21x14.cnf,7.0
SAT_Competition2011/SAT11/crafted/mosoi/289/289-unsat-21x33.cnf,1.0
SAT_Competition2011/SAT11/crafted/mosoi/289/289-unsat-21x39.cnf,10.0
SAT_Competition2011/SAT11/crafted/mosoi/289/289-unsat-21x40.cnf,5.0
SAT_Competition2011/SAT11/crafted/mosoi/289/289-unsat-5x41.cnf,9.0
SAT_Competition2011/SAT11/crafted/mosoi/289/289-unsat-6x30.cnf,8.0
SAT_Competition2011/SAT11/crafted/mosoi/289/289-unsat-6x34.cnf,8.0
SAT_Competition2011/SAT11/crafted/mosoi/289/289-unsat-6x40.cnf,4.0
SAT_Competition2011/SAT11/crafted/mosoi/289/289-unsat-7x39.cnf,5.0
SAT_Competition2011/SAT11/crafted/mosoi/289/289-unsat-9x32.cnf,2.0
SAT_Competition2011/SAT11/crafted/skvortsov/automata-synchronization/crn_11_100_s.cnf,1.0
SAT_Competition2011/SAT11/crafted/skvortsov/automata-synchronization/crn_11_99_u.cnf,4.0
SAT_Competition2011/SAT11/crafted/skvortsov/automata-synchronization/crn_20_360_u.cnf,4.0
SAT_Competition2011/SAT11/crafted/skvortsov/automata-synchronization/crn_20_361_s.cnf,4.0
SAT_Competition2011/SAT11/crafted/skvortsov/automata-synchronization/crn_40_1520_u.cnf,6.0
SAT_Competition2011/SAT11/crafted/skvortsov/automata-synchronization/crn_40_1521_s.cnf,5.0
SAT_Competition2011/SAT11/crafted/skvortsov/automata-synchronization/rnd_100_27_s.cnf,6.0
SAT_Competition2011/SAT11/crafted/skvortsov/automata-synchronization/rnd_100_28_s.cnf,8.0
SAT_Competition2011/SAT11/crafted/skvortsov/automata-synchronization/rnd_100_28_u.cnf,10.0
SAT_Competition2011/SAT11/crafted/skvortsov/automata-synchronization/rnd_100_32_s.cnf,1.0
SAT_Competition2011/SAT11/crafted/skvortsov/automata-synchronization/rnd_150_29_u.cnf,6.0
SAT_Competition2011/SAT11/crafted/skvortsov/automata-synchronization/rnd_150_42_s.cnf,3.0
SAT_Competition2011/SAT11/crafted/skvortsov/battleship/battleship-10-10-unsat.cnf,3.0
SAT_Competition2011/SAT11/crafted/skvortsov/battleship/battleship-10-17-sat.cnf,2.0
SAT_Competition2011/SAT11/crafted/skvortsov/battleship/battleship-10-18-sat.cnf,4.0
SAT_Competition2011/SAT11/crafted/skvortsov/battleship/battleship-10-19-sat.cnf,6.0
SAT_Competition2011/SAT11/crafted/skvortsov/battleship/battleship-11-11-unsat.cnf,10.0
SAT_Competition2011/SAT11/crafted/skvortsov/battleship/battleship-11-21-sat.cnf,8.0
SAT_Competition2011/SAT11/crafted/skvortsov/battleship/battleship-12-12-unsat.cnf,9.0
SAT_Competition2011/SAT11/crafted/skvortsov/battleship/battleship-12-23-sat.cnf,4.0
SAT_Competition2011/SAT11/crafted/skvortsov/battleship/battleship-13-13-unsat.cnf,5.0
SAT_Competition2011/SAT11/crafted/skvortsov/battleship/battleship-14-14-unsat.cnf,10.0
SAT_Competition2011/SAT11/crafted/skvortsov/battleship/battleship-14-26-sat.cnf,7.0
SAT_Competition2011/SAT11/crafted/skvortsov/battleship/battleship-14-27-sat.cnf,3.0
SAT_Competition2011/SAT11/crafted/skvortsov/battleship/battleship-15-15-unsat.cnf,5.0
SAT_Competition2011/SAT11/crafted/skvortsov/battleship/battleship-15-29-sat.cnf,8.0
SAT_Competition2011/SAT11/crafted/skvortsov/battleship/battleship-16-16-unsat.cnf,10.0
SAT_Competition2011/SAT11/crafted/skvortsov/battleship/battleship-16-31-sat.cnf,3.0
SAT_Competition2011/SAT11/crafted/skvortsov/battleship/battleship-17-33-sat.cnf,5.0
SAT_Competition2011/SAT11/crafted/skvortsov/battleship/battleship-24-57-sat.cnf,9.0
SAT_Competition2011/SAT11/crafted/skvortsov/battleship/battleship-5-8-unsat.cnf,4.0
SAT_Competition2011/SAT11/crafted/skvortsov/battleship/battleship-6-9-unsat.cnf,10.0
SAT_Competition2011/SAT11/crafted/skvortsov/battleship/battleship-7-12-unsat.cnf,5.0
SAT_Competition2011/SAT11/crafted/skvortsov/battleship/battleship-7-13-sat.cnf,1.0
SAT_Competition2011/SAT11/crafted/skvortsov/battleship/battleship-8-15-sat.cnf,8.0
SAT_Competition2011/SAT11/crafted/skvortsov/battleship/battleship-9-17-sat.cnf,10.0
SAT_Competition2011/SAT11/crafted/spence/sgen/sgen3-n120-s12930489-sat.cnf,4.0
SAT_Competition2011/SAT11/crafted/spence/sgen/sgen3-n120-s55656844-unsat.cnf,5.0
SAT_Competition2011/SAT11/crafted/spence/sgen/sgen3-n130-s30940966-unsat.cnf,6.0
SAT_Competition2011/SAT11/crafted/spence/sgen/sgen3-n140-s18527668-sat.cnf,5.0
SAT_Competition2011/SAT11/crafted/spence/sgen/sgen3-n140-s20078956-unsat.cnf,7.0
SAT_Competition2011/SAT11/crafted/spence/sgen/sgen3-n150-s89334302-unsat.cnf,6.0
SAT_Competition2011/SAT11/crafted/spence/sgen/sgen3-n160-s40283905-sat.cnf,9.0
SAT_Competition2011/SAT11/crafted/spence/sgen/sgen3-n160-s73223945-unsat.cnf,1.0
SAT_Competition2011/SAT11/crafted/spence/sgen/sgen3-n170-s56409011-unsat.cnf,9.0
SAT_Competition2011/SAT11/crafted/spence/sgen/sgen3-n180-s33098896-unsat.cnf,7.0
SAT_Competition2011/SAT11/crafted/spence/sgen/sgen3-n180-s34713902-sat.cnf,2.0
SAT_Competition2011/SAT11/crafted/spence/sgen/sgen3-n190-s29985700-unsat.cnf,5.0
SAT_Competition2011/SAT11/crafted/spence/sgen/sgen3-n200-s00813792-unsat.cnf,10.0
SAT_Competition2011/SAT11/crafted/spence/sgen/sgen3-n200-s39840374-sat.cnf,10.0
SAT_Competition2011/SAT11/crafted/spence/sgen/sgen3-n220-s24359701-sat.cnf,5.0
SAT_Competition2011/SAT11/crafted/spence/sgen/sgen3-n240-s78945233-sat.cnf,1.0
SAT_Competition2011/SAT11/crafted/spence/sgen/sgen3-n260-s62321009-sat.cnf,8.0
SAT_Competition2011/SAT11/crafted/spence/sgen/sgen3-n280-s93756482-sat.cnf,3.0
SAT_Competition2011/SAT11/crafted/spence/sgen/sgen3-n300-s12830984-sat.cnf,2.0
