Instance,CV
Adder2-10-s-shuffled,2.0
Adder2-4-s-shuffled,9.0
Adder2-6-c-shuffled,8.0
Adder2-6-s-shuffled,3.0
BLOCKS3i.5.3-shuffled,4.0
BLOCKS3ii.5.2-shuffled,1.0
BLOCKS3iii.5-shuffled,9.0
BLOCKS4ii.7.2-shuffled,7.0
BLOCKS4iii.7-shuffled,7.0
C432.blif_0.10_0.20_0_0_out_exact-shuffled,3.0
C432.blif_0.10_0.20_0_1_out_exact-shuffled,9.0
C432.blif_0.10_1.00_0_0_out_exact-shuffled,3.0
C432.blif_0.10_1.00_0_1_inp_exact-shuffled,6.0
C499.blif_0.10_0.20_0_0_inp_exact,6.0
C499.blif_0.10_0.20_0_0_out_exact,3.0
C499.blif_0.10_0.20_0_1_out_exact,8.0
C499.blif_0.10_1.00_0_0_inp_exact-shuffled,1.0
C499.blif_0.10_1.00_0_0_out_exact-shuffled,6.0
C5315.blif_0.10_0.20_0_0_inp_exact-shuffled,8.0
C5315.blif_0.10_0.20_0_0_out_exact-shuffled,10.0
C5315.blif_0.10_0.20_0_1_inp_exact-shuffled,10.0
C5315.blif_0.10_0.20_0_1_out_exact-shuffled,7.0
C5315.blif_0.10_1.00_0_0_inp_exact-shuffled,7.0
C5315.blif_0.10_1.00_0_0_out_exact-shuffled,5.0
C5315.blif_0.10_1.00_0_1_inp_exact-shuffled,2.0
C6288.blif_0.10_0.20_0_0_out_exact-shuffled,1.0
C6288.blif_0.10_1.00_0_0_inp_exact-shuffled,8.0
C6288.blif_0.10_1.00_0_1_inp_exact-shuffled,3.0
C6288.blif_0.10_1.00_0_1_out_exact-shuffled,8.0
C880.blif_0.10_0.20_0_0_inp_exact,10.0
C880.blif_0.10_0.20_0_0_out_exact,2.0
C880.blif_0.10_0.20_0_1_inp_exact,2.0
C880.blif_0.10_0.20_0_1_out_exact,7.0
C880.blif_0.10_1.00_0_0_inp_exact,10.0
C880.blif_0.10_1.00_0_0_out_exact,4.0
C880.blif_0.10_1.00_0_1_out_exact-shuffled,5.0
CHAIN23v.24-shuffled,8.0
Core1108_tbm_02.tex.moduleQ3.2S.000007,2.0
Core1108_tbm_02.tex.moduleQ3.2S.000015,1.0
Core1108_tbm_02.tex.moduleQ3.2S.000026,7.0
Core1108_tbm_02.tex.moduleQ3.2S.000056,4.0
Core1108_tbm_02.tex.moduleQ3.2S.000077,9.0
Core1108_tbm_02.tex.moduleQ3.2S.000095,8.0
Core1108_tbm_02.tex.moduleQ3.2S.000098,3.0
Core1108_tbm_02.tex.moduleQ3.2S.000099,7.0
Core1108_tbm_02.tex.moduleQ3.2S.000108,3.0
Core1108_tbm_03.tex.module.000003,5.0
Core1108_tbm_03.tex.module.000019,5.0
Core1108_tbm_03.tex.module.000021,2.0
Core1108_tbm_03.tex.module.000023,5.0
Core1108_tbm_03.tex.module.000031,4.0
Core1108_tbm_03.tex.module.000034,9.0
Core1108_tbm_03.tex.module.000037,1.0
Core1108_tbm_03.tex.module.000038,2.0
Core1108_tbm_03.tex.module.000039,4.0
Core1108_tbm_03.tex.module.000048,5.0
Core1108_tbm_03.tex.module.000056,6.0
Core1108_tbm_03.tex.module.000057,1.0
Core1108_tbm_03.tex.module.000058,9.0
Core1108_tbm_03.tex.module.000064,3.0
Core1108_tbm_03.tex.module.000065,7.0
Core1108_tbm_03.tex.module.000090,2.0
Core1108_tbm_03.tex.module.000092,9.0
Core1108_tbm_03.tex.moduleQ3.2S.000002,5.0
Core1108_tbm_03.tex.moduleQ3.2S.000003,3.0
Core1108_tbm_03.tex.moduleQ3.2S.000009,6.0
Core1108_tbm_03.tex.moduleQ3.2S.000011,2.0
Core1108_tbm_03.tex.moduleQ3.2S.000018,9.0
Core1108_tbm_03.tex.moduleQ3.2S.000048,4.0
Core1108_tbm_09.tex.module.000008,4.0
Core1108_tbm_09.tex.module.000009,10.0
Core1108_tbm_09.tex.module.000010,4.0
Core1108_tbm_09.tex.module.000028,4.0
Core1108_tbm_09.tex.module.000033,1.0
Core1108_tbm_09.tex.moduleQ3.10S.000001,2.0
Core1108_tbm_09.tex.moduleQ3.2S.000003,3.0
Core1108_tbm_09.tex.moduleQ3.2S.000005,3.0
Core1108_tbm_09.tex.moduleQ3.2S.000007,4.0
Core1108_tbm_09.tex.moduleQ3.2S.000010,7.0
Core1108_tbm_09.tex.moduleQ3.2S.000011,2.0
Core1108_tbm_09.tex.moduleQ3.9S.000001,9.0
Core1108_tbm_21.tex.module.000008,8.0
Core1108_tbm_21.tex.module.000009,7.0
Core1108_tbm_21.tex.module.000010,8.0
Core1108_tbm_21.tex.module.000014,9.0
Core1108_tbm_21.tex.module.000017,7.0
Core1108_tbm_21.tex.module.000023,7.0
Core1108_tbm_21.tex.module.000026,8.0
Core1108_tbm_21.tex.module.000027,1.0
Core1108_tbm_21.tex.module.000030,6.0
Core1108_tbm_21.tex.module.000091,2.0
Core1108_tbm_21.tex.moduleQ3.2S.000002,3.0
Core1108_tbm_21.tex.moduleQ3.2S.000007,6.0
Core1108_tbm_21.tex.moduleQ3.2S.000011,4.0
Core1108_tbm_21.tex.moduleQ3.2S.000014,3.0
Core1108_tbm_21.tex.moduleQ3.2S.000015,6.0
Core1108_tbm_21.tex.moduleQ3.2S.000019,5.0
Core1108_tbm_21.tex.moduleQ3.2S.000024,2.0
Core1108_tbm_21.tex.moduleQ3.2S.000027,7.0
Core1108_tbm_28.tex.moduleQ2.2S.000003,6.0
Qq2k3k3v100v100m1000s1,10.0
Qq2k3k3v100v100m1000s10,3.0
Qq2k3k3v100v100m1000s2,5.0
Qq2k3k3v100v100m1000s3,7.0
Qq2k3k3v100v100m1000s4,3.0
Qq2k3k3v100v100m1000s5,3.0
Qq2k3k3v100v100m1000s6,5.0
Qq2k3k3v100v100m1000s7,10.0
Qq2k3k3v100v100m1000s8,10.0
Qq2k3k3v100v100m1000s9,1.0
Qq2k3k3v100v100m1200s1,9.0
Qq2k3k3v100v100m1200s10,10.0
Qq2k3k3v100v100m1200s2,4.0
Qq2k3k3v100v100m1200s3,9.0
Qq2k3k3v100v100m1200s4,5.0
Qq2k3k3v100v100m1200s5,8.0
Qq2k3k3v100v100m1200s6,2.0
Qq2k3k3v100v100m1200s7,7.0
Qq2k3k3v100v100m1200s8,2.0
Qq2k3k3v100v100m1200s9,6.0
Qq2k3k3v100v100m1400s1,5.0
Qq2k3k3v100v100m1400s10,4.0
Qq2k3k3v100v100m1400s2,6.0
Qq2k3k3v100v100m1400s3,3.0
Qq2k3k3v100v100m1400s4,2.0
Qq2k3k3v100v100m1400s5,8.0
Qq2k3k3v100v100m1400s6,5.0
Qq2k3k3v100v100m1400s7,7.0
Qq2k3k3v100v100m1400s8,6.0
Qq2k3k3v100v100m1400s9,4.0
Qq2k3k3v100v100m1600s1,2.0
Qq2k3k3v100v100m1600s10,5.0
Qq2k3k3v100v100m1600s2,10.0
Qq2k3k3v100v100m1600s3,6.0
Qq2k3k3v100v100m1600s4,1.0
Qq2k3k3v100v100m1600s5,1.0
Qq2k3k3v100v100m1600s6,8.0
Qq2k3k3v100v100m1600s7,2.0
Qq2k3k3v100v100m1600s8,2.0
Qq2k3k3v100v100m1600s9,9.0
Qq2k3k3v100v100m1800s1,8.0
Qq2k3k3v100v100m1800s10,2.0
Qq2k3k3v100v100m1800s2,4.0
Qq2k3k3v100v100m1800s3,8.0
Qq2k3k3v100v100m1800s4,3.0
Qq2k3k3v100v100m1800s5,9.0
Qq2k3k3v100v100m1800s6,10.0
Qq2k3k3v100v100m1800s7,10.0
Qq2k3k3v100v100m1800s8,2.0
Qq2k3k3v100v100m1800s9,6.0
Qq2k3k3v100v100m2000s1,6.0
Qq2k3k3v100v100m2000s10,1.0
Qq2k3k3v100v100m2000s2,2.0
Qq2k3k3v100v100m2000s3,9.0
Qq2k3k3v100v100m2000s4,3.0
Qq2k3k3v100v100m2000s5,2.0
Qq2k3k3v100v100m2000s6,3.0
Qq2k3k3v100v100m2000s7,5.0
Qq2k3k3v100v100m2000s8,8.0
Qq2k3k3v100v100m2000s9,2.0
Qq2k3k3v100v100m400s1,7.0
Qq2k3k3v100v100m400s10,3.0
Qq2k3k3v100v100m400s2,10.0
Qq2k3k3v100v100m400s3,3.0
Qq2k3k3v100v100m400s4,2.0
Qq2k3k3v100v100m400s5,4.0
Qq2k3k3v100v100m400s6,7.0
Qq2k3k3v100v100m400s7,4.0
Qq2k3k3v100v100m400s8,1.0
Qq2k3k3v100v100m400s9,5.0
Qq2k3k3v100v100m600s1,1.0
Qq2k3k3v100v100m600s10,1.0
Qq2k3k3v100v100m600s2,3.0
Qq2k3k3v100v100m600s3,10.0
Qq2k3k3v100v100m600s4,1.0
Qq2k3k3v100v100m600s5,4.0
Qq2k3k3v100v100m600s6,8.0
Qq2k3k3v100v100m600s7,2.0
Qq2k3k3v100v100m600s8,3.0
Qq2k3k3v100v100m600s9,4.0
Qq2k3k3v100v100m800s1,5.0
Qq2k3k3v100v100m800s10,1.0
Qq2k3k3v100v100m800s2,5.0
Qq2k3k3v100v100m800s3,5.0
Qq2k3k3v100v100m800s4,4.0
Qq2k3k3v100v100m800s5,6.0
Qq2k3k3v100v100m800s6,6.0
Qq2k3k3v100v100m800s7,4.0
Qq2k3k3v100v100m800s8,1.0
Qq2k3k3v100v100m800s9,8.0
Qq2k3k3v20v20m120s1,4.0
Qq2k3k3v20v20m120s10,10.0
Qq2k3k3v20v20m120s2,7.0
Qq2k3k3v20v20m120s3,5.0
Qq2k3k3v20v20m120s4,8.0
Qq2k3k3v20v20m120s5,9.0
Qq2k3k3v20v20m120s6,5.0
Qq2k3k3v20v20m120s7,2.0
Qq2k3k3v20v20m120s8,2.0
Qq2k3k3v20v20m120s9,6.0
Qq2k3k3v20v20m160s1,9.0
Qq2k3k3v20v20m160s10,8.0
Qq2k3k3v20v20m160s2,3.0
Qq2k3k3v20v20m160s3,8.0
Qq2k3k3v20v20m160s4,2.0
Qq2k3k3v20v20m160s5,3.0
Qq2k3k3v20v20m160s6,4.0
Qq2k3k3v20v20m160s7,4.0
Qq2k3k3v20v20m160s8,9.0
Qq2k3k3v20v20m160s9,10.0
Qq2k3k3v20v20m200s1,10.0
Qq2k3k3v20v20m200s10,4.0
Qq2k3k3v20v20m200s2,9.0
Qq2k3k3v20v20m200s3,3.0
Qq2k3k3v20v20m200s4,2.0
Qq2k3k3v20v20m200s5,5.0
Qq2k3k3v20v20m200s6,3.0
Qq2k3k3v20v20m200s7,5.0
Qq2k3k3v20v20m200s8,5.0
Qq2k3k3v20v20m200s9,4.0
Qq2k3k3v20v20m240s1,6.0
Qq2k3k3v20v20m240s10,3.0
Qq2k3k3v20v20m240s2,9.0
Qq2k3k3v20v20m240s3,7.0
Qq2k3k3v20v20m240s4,6.0
Qq2k3k3v20v20m240s5,6.0
Qq2k3k3v20v20m240s6,4.0
Qq2k3k3v20v20m240s7,1.0
Qq2k3k3v20v20m240s8,6.0
Qq2k3k3v20v20m240s9,1.0
Qq2k3k3v20v20m280s1,10.0
Qq2k3k3v20v20m280s10,8.0
Qq2k3k3v20v20m280s2,7.0
Qq2k3k3v20v20m280s3,7.0
Qq2k3k3v20v20m280s4,9.0
Qq2k3k3v20v20m280s5,4.0
Qq2k3k3v20v20m280s6,7.0
Qq2k3k3v20v20m280s7,1.0
Qq2k3k3v20v20m280s8,7.0
Qq2k3k3v20v20m280s9,5.0
Qq2k3k3v20v20m320s1,3.0
Qq2k3k3v20v20m320s10,6.0
Qq2k3k3v20v20m320s2,8.0
Qq2k3k3v20v20m320s3,4.0
Qq2k3k3v20v20m320s4,3.0
Qq2k3k3v20v20m320s5,8.0
Qq2k3k3v20v20m320s6,3.0
Qq2k3k3v20v20m320s7,4.0
Qq2k3k3v20v20m320s8,5.0
Qq2k3k3v20v20m320s9,7.0
Qq2k3k3v20v20m360s1,7.0
Qq2k3k3v20v20m360s10,4.0
Qq2k3k3v20v20m360s2,5.0
Qq2k3k3v20v20m360s3,3.0
Qq2k3k3v20v20m360s4,9.0
Qq2k3k3v20v20m360s5,9.0
Qq2k3k3v20v20m360s6,7.0
Qq2k3k3v20v20m360s7,4.0
Qq2k3k3v20v20m360s8,6.0
Qq2k3k3v20v20m360s9,4.0
Qq2k3k3v20v20m400s1,8.0
Qq2k3k3v20v20m400s10,6.0
Qq2k3k3v20v20m400s2,8.0
Qq2k3k3v20v20m400s3,7.0
Qq2k3k3v20v20m400s4,3.0
Qq2k3k3v20v20m400s5,1.0
Qq2k3k3v20v20m400s6,2.0
Qq2k3k3v20v20m400s7,6.0
Qq2k3k3v20v20m400s8,6.0
Qq2k3k3v20v20m400s9,6.0
Qq2k3k3v20v20m80s1,6.0
Qq2k3k3v20v20m80s10,4.0
Qq2k3k3v20v20m80s2,10.0
Qq2k3k3v20v20m80s3,10.0
Qq2k3k3v20v20m80s4,5.0
Qq2k3k3v20v20m80s5,9.0
Qq2k3k3v20v20m80s6,8.0
Qq2k3k3v20v20m80s7,2.0
Qq2k3k3v20v20m80s8,7.0
Qq2k3k3v20v20m80s9,5.0
Qq2k3k3v50v50m1000s1,2.0
Qq2k3k3v50v50m1000s10,1.0
Qq2k3k3v50v50m1000s2,10.0
Qq2k3k3v50v50m1000s3,10.0
Qq2k3k3v50v50m1000s4,7.0
Qq2k3k3v50v50m1000s5,6.0
Qq2k3k3v50v50m1000s6,1.0
Qq2k3k3v50v50m1000s7,6.0
Qq2k3k3v50v50m1000s8,8.0
Qq2k3k3v50v50m1000s9,1.0
Qq2k3k3v50v50m200s1,9.0
Qq2k3k3v50v50m200s10,5.0
Qq2k3k3v50v50m200s2,6.0
Qq2k3k3v50v50m200s3,6.0
Qq2k3k3v50v50m200s4,5.0
Qq2k3k3v50v50m200s5,10.0
Qq2k3k3v50v50m200s6,9.0
Qq2k3k3v50v50m200s7,7.0
Qq2k3k3v50v50m200s8,4.0
Qq2k3k3v50v50m200s9,7.0
Qq2k3k3v50v50m300s1,9.0
Qq2k3k3v50v50m300s10,5.0
Qq2k3k3v50v50m300s2,2.0
Qq2k3k3v50v50m300s3,2.0
Qq2k3k3v50v50m300s4,10.0
Qq2k3k3v50v50m300s5,10.0
Qq2k3k3v50v50m300s6,1.0
Qq2k3k3v50v50m300s7,8.0
Qq2k3k3v50v50m300s8,6.0
Qq2k3k3v50v50m300s9,6.0
Qq2k3k3v50v50m400s1,2.0
Qq2k3k3v50v50m400s10,4.0
Qq2k3k3v50v50m400s2,3.0
Qq2k3k3v50v50m400s3,4.0
Qq2k3k3v50v50m400s4,4.0
Qq2k3k3v50v50m400s5,10.0
Qq2k3k3v50v50m400s6,3.0
Qq2k3k3v50v50m400s7,9.0
Qq2k3k3v50v50m400s8,7.0
Qq2k3k3v50v50m400s9,5.0
Qq2k3k3v50v50m500s1,5.0
Qq2k3k3v50v50m500s10,1.0
Qq2k3k3v50v50m500s2,1.0
Qq2k3k3v50v50m500s3,1.0
Qq2k3k3v50v50m500s4,1.0
Qq2k3k3v50v50m500s5,6.0
Qq2k3k3v50v50m500s6,4.0
Qq2k3k3v50v50m500s7,6.0
Qq2k3k3v50v50m500s8,1.0
Qq2k3k3v50v50m500s9,3.0
Qq2k3k3v50v50m600s1,6.0
Qq2k3k3v50v50m600s10,3.0
Qq2k3k3v50v50m600s2,2.0
Qq2k3k3v50v50m600s3,9.0
Qq2k3k3v50v50m600s4,2.0
Qq2k3k3v50v50m600s5,9.0
Qq2k3k3v50v50m600s6,3.0
Qq2k3k3v50v50m600s7,8.0
Qq2k3k3v50v50m600s8,6.0
Qq2k3k3v50v50m600s9,3.0
Qq2k3k3v50v50m700s1,2.0
Qq2k3k3v50v50m700s10,2.0
Qq2k3k3v50v50m700s2,5.0
Qq2k3k3v50v50m700s3,10.0
Qq2k3k3v50v50m700s4,9.0
Qq2k3k3v50v50m700s5,10.0
Qq2k3k3v50v50m700s6,4.0
Qq2k3k3v50v50m700s7,2.0
Qq2k3k3v50v50m700s8,4.0
Qq2k3k3v50v50m700s9,10.0
Qq2k3k3v50v50m800s1,9.0
Qq2k3k3v50v50m800s10,8.0
Qq2k3k3v50v50m800s2,1.0
Qq2k3k3v50v50m800s3,5.0
Qq2k3k3v50v50m800s4,2.0
Qq2k3k3v50v50m800s5,9.0
Qq2k3k3v50v50m800s6,6.0
Qq2k3k3v50v50m800s7,4.0
Qq2k3k3v50v50m800s8,1.0
Qq2k3k3v50v50m800s9,2.0
Qq2k3k3v50v50m900s1,5.0
Qq2k3k3v50v50m900s10,4.0
Qq2k3k3v50v50m900s2,2.0
Qq2k3k3v50v50m900s3,4.0
Qq2k3k3v50v50m900s4,6.0
Qq2k3k3v50v50m900s5,5.0
Qq2k3k3v50v50m900s6,6.0
Qq2k3k3v50v50m900s7,7.0
Qq2k3k3v50v50m900s8,4.0
Qq2k3k3v50v50m900s9,1.0
S-adeu-0,3.0
S-adeu-1,1.0
S-adeu-2,7.0
S-adeu-3,4.0
S-adeu-4,9.0
S-adeu-5,7.0
S-adeu-6,1.0
S-adeu-7,3.0
S-adeu-8,3.0
S-adeu-9,8.0
S-edau-0,7.0
S-edau-1,10.0
S-edau-2,9.0
S-edau-3,10.0
S-edau-4,5.0
S-edau-5,5.0
S-edau-6,7.0
S-edau-7,2.0
S-edau-8,8.0
S-edau-9,10.0
T-adeu-0,1.0
T-adeu-1,7.0
T-adeu-2,8.0
T-adeu-3,3.0
T-adeu-4,6.0
T-adeu-5,1.0
T-adeu-6,1.0
T-adeu-7,9.0
T-adeu-8,1.0
T-adeu-9,9.0
T-edau-0,8.0
T-edau-1,3.0
T-edau-2,3.0
T-edau-3,2.0
T-edau-4,1.0
T-edau-5,2.0
T-edau-6,7.0
T-edau-7,9.0
T-edau-8,1.0
T-edau-9,2.0
TOILET10.1.iv.20-shuffled,5.0
TOILET16.1.iv.32-shuffled,6.0
TOILET7.1.iv.13-shuffled,8.0
TOILET7.1.iv.14-shuffled,4.0
Umbrella_tbm_05.tex.module.000011,2.0
Umbrella_tbm_05.tex.module.000015,9.0
Umbrella_tbm_05.tex.module.000025,2.0
Umbrella_tbm_05.tex.module.000030,10.0
Umbrella_tbm_05.tex.module.000039,8.0
Umbrella_tbm_05.tex.module.000043,1.0
Umbrella_tbm_05.tex.module.000053,4.0
Umbrella_tbm_05.tex.module.000064,7.0
Umbrella_tbm_05.tex.module.000065,4.0
Umbrella_tbm_05.tex.module.000079,6.0
Umbrella_tbm_05.tex.module.000088,2.0
Umbrella_tbm_14.tex.moduleQ2.1S.000720,2.0
Umbrella_tbm_14.tex.moduleQ2.1S.000749,8.0
Umbrella_tbm_14.tex.moduleQ2.1S.000757,4.0
Umbrella_tbm_14.tex.moduleQ2.1S.000773,7.0
Umbrella_tbm_14.tex.moduleQ2.1S.000787,5.0
Umbrella_tbm_14.tex.moduleQ2.1S.000792,10.0
Umbrella_tbm_14.tex.moduleQ2.1S.000808,10.0
Umbrella_tbm_14.tex.moduleQ2.1S.000812,9.0
Umbrella_tbm_14.tex.moduleQ2.2S.000001,9.0
Umbrella_tbm_14.tex.moduleQ2.2S.000002,1.0
Umbrella_tbm_14.tex.moduleQ2.2S.000003,3.0
Umbrella_tbm_21.tex.module.000024,7.0
Umbrella_tbm_21.tex.module.000029,10.0
Umbrella_tbm_21.tex.module.000044,2.0
Umbrella_tbm_21.tex.module.000049,4.0
Umbrella_tbm_21.tex.module.000056,10.0
Umbrella_tbm_21.tex.module.000069,9.0
Umbrella_tbm_21.tex.module.000079,5.0
Umbrella_tbm_21.tex.module.000129,5.0
Umbrella_tbm_21.tex.module.000134,6.0
Umbrella_tbm_21.tex.module.000139,5.0
Umbrella_tbm_21.tex.module.000149,8.0
Umbrella_tbm_23.tex.moduleQ1.2S.000001,4.0
Umbrella_tbm_24.tex.module.000066,4.0
Umbrella_tbm_24.tex.module.000103,5.0
Umbrella_tbm_24.tex.module.000131,3.0
Umbrella_tbm_24.tex.moduleQ2.1S.000022,5.0
Umbrella_tbm_24.tex.moduleQ2.1S.000136,7.0
Umbrella_tbm_24.tex.moduleQ2.1S.000188,9.0
Umbrella_tbm_25.tex.module.000003,5.0
Umbrella_tbm_25.tex.module.000031,3.0
Umbrella_tbm_25.tex.module.000041,10.0
Umbrella_tbm_25.tex.module.000084,6.0
Umbrella_tbm_25.tex.module.000087,10.0
Umbrella_tbm_25.tex.module.000099,5.0
Umbrella_tbm_25.tex.module.000106,1.0
Umbrella_tbm_25.tex.module.000121,5.0
Umbrella_tbm_25.tex.moduleQ3.2S.000052,6.0
Umbrella_tbm_25.tex.moduleQ3.2S.000063,5.0
Umbrella_tbm_25.tex.moduleQ3.2S.000075,6.0
Umbrella_tbm_25.tex.moduleQ3.2S.000120,6.0
Umbrella_tbm_26.tex.module.000004,7.0
Umbrella_tbm_26.tex.module.000021,3.0
Umbrella_tbm_26.tex.module.000041,1.0
Umbrella_tbm_26.tex.module.000061,2.0
Umbrella_tbm_26.tex.moduleQ3.2S.000009,2.0
Umbrella_tbm_26.tex.moduleQ3.2S.000014,8.0
Umbrella_tbm_26.tex.moduleQ3.2S.000020,7.0
Umbrella_tbm_26.tex.moduleQ3.2S.000037,4.0
Umbrella_tbm_26.tex.moduleQ3.2S.000041,6.0
Umbrella_tbm_29.tex.module.000009,1.0
Umbrella_tbm_29.tex.module.000010,10.0
Umbrella_tbm_29.tex.module.000078,1.0
Umbrella_tbm_29.tex.moduleQ2.2S.000001,10.0
W3-Umbrella_tbm_21.tex.moduleQ3.6S.000001,7.0
W4-Umbrella_tbm_05.tex.moduleQ3.8S.000001,8.0
W4-Umbrella_tbm_21.tex.moduleQ3.6S.000001,7.0
W4-Umbrella_tbm_25.tex.moduleQ3.7S.000003,9.0
W4-Umbrella_tbm_26.tex.moduleQ3.7S.000003,4.0
W5-Umbrella_tbm_05.tex.moduleQ3.8S.000001,10.0
W5-Umbrella_tbm_25.tex.moduleQ3.7S.000003,7.0
W5-Umbrella_tbm_26.tex.moduleQ3.7S.000003,8.0
adder-10-sat-shuffled,3.0
adder-10-unsat-shuffled,8.0
adder-12-sat-shuffled,10.0
adder-12-unsat-shuffled,2.0
adder-14-sat-shuffled,5.0
adder-14-unsat-shuffled,10.0
adder-16-unsat-shuffled,5.0
adder-4-sat-shuffled,2.0
adder-6-sat-shuffled,1.0
adder-8-sat-shuffled,6.0
adder-8-unsat-shuffled,4.0
aim-100-1_6-yes1-3-50-shuffled,4.0
aim-100-1_6-yes1-3-90-shuffled,7.0
aim-100-2_0-yes1-2-50-shuffled,10.0
aim-100-2_0-yes1-2-90-shuffled,4.0
aim-100-3_4-yes1-1-90-shuffled,10.0
aim-100-6_0-yes1-1-90-shuffled,10.0
aim-100-6_0-yes1-3-90-shuffled,8.0
aim-100-6_0-yes1-4-90-shuffled,3.0
aim-200-1_6-yes1-2-90-shuffled,7.0
aim-200-1_6-yes1-4-90-shuffled,7.0
aim-200-2_0-yes1-2-90-shuffled,10.0
aim-200-3_4-yes1-1-90-shuffled,7.0
aim-200-3_4-yes1-4-90-shuffled,1.0
aim-50-1_6-yes1-1-00-shuffled,1.0
aim-50-1_6-yes1-1-90-shuffled,9.0
aim-50-1_6-yes1-2-00-shuffled,9.0
aim-50-1_6-yes1-2-50-shuffled,10.0
aim-50-1_6-yes1-3-00-shuffled,9.0
aim-50-1_6-yes1-4-50-shuffled,6.0
aim-50-1_6-yes1-4-90-shuffled,10.0
aim-50-2_0-yes1-1-90-shuffled,8.0
aim-50-2_0-yes1-2-50-shuffled,6.0
aim-50-2_0-yes1-3-90-shuffled,1.0
aim-50-3_4-yes1-2-90-shuffled,6.0
aim-50-3_4-yes1-3-90-shuffled,5.0
aim-50-6_0-yes1-3-50-shuffled,6.0
aim-50-6_0-yes1-4-90-shuffled,6.0
biu.mv.xl_ao.bb-b001-p005-OPF05-c02.blif-biu.inv1.prop.bb-bmc.with-IOC.unfold-004-shuffled,9.0
biu.mv.xl_ao.bb-b001-p010-MIF04-c05.blif-biu.inv1.prop.bb-bmc.with-IOC.unfold-005-shuffled,1.0
biu.mv.xl_ao.bb-b003-p020-IPF01-c05.blif-biu.inv.prop.bb-bmc.conf00.01X-QBF.BB1-01X.BB2-01X.BB3-01X.with-IOC.unfold-010-shuffled,6.0
biu.mv.xl_ao.bb-b003-p020-IPF01-c05.blif-biu.inv.prop.bb-bmc.conf01.01X-QBF.BB1-Zi.BB2-01X.BB3-01X.with-IOC.unfold-007-shuffled,4.0
biu.mv.xl_ao.bb-b003-p020-IPF01-c05.blif-biu.inv.prop.bb-bmc.conf02.01X-QBF.BB1-01X.BB2-Zi.BB3-01X.with-IOC.unfold-002-shuffled,2.0
biu.mv.xl_ao.bb-b003-p020-IPF01-c05.blif-biu.inv.prop.bb-bmc.conf02.01X-QBF.BB1-01X.BB2-Zi.BB3-01X.with-IOC.unfold-004-shuffled,6.0
biu.mv.xl_ao.bb-b003-p020-IPF01-c05.blif-biu.inv.prop.bb-bmc.conf03.01X-QBF.BB1-Zi.BB2-Zi.BB3-01X.with-IOC.unfold-003-shuffled,1.0
biu.mv.xl_ao.bb-b003-p020-IPF01-c05.blif-biu.inv.prop.bb-bmc.conf04.01X-QBF.BB1-01X.BB2-01X.BB3-Zi.with-IOC.unfold-009-shuffled,9.0
biu.mv.xl_ao.bb-b003-p020-IPF01-c05.blif-biu.inv.prop.bb-bmc.conf05.01X-QBF.BB1-Zi.BB2-01X.BB3-Zi.with-IOC.unfold-005-shuffled,10.0
biu.mv.xl_ao.bb-b003-p020-IPF01-c05.blif-biu.inv.prop.bb-bmc.conf05.01X-QBF.BB1-Zi.BB2-01X.BB3-Zi.with-IOC.unfold-008-shuffled,10.0
biu.mv.xl_ao.bb-b003-p020-IPF01-c05.blif-biu.inv.prop.bb-bmc.conf06.01X-QBF.BB1-01X.BB2-Zi.BB3-Zi.with-IOC.unfold-003-shuffled,4.0
biu.mv.xl_ao.bb-b003-p020-IPF02-c05.blif-biu.inv.prop.bb-bmc.conf02.01X-QBF.BB1-01X.BB2-Zi.BB3-01X.with-IOC.unfold-002-shuffled,9.0
biu.mv.xl_ao.bb-b003-p020-IPF02-c05.blif-biu.inv.prop.bb-bmc.conf02.01X-QBF.BB1-01X.BB2-Zi.BB3-01X.with-IOC.unfold-006-shuffled,9.0
biu.mv.xl_ao.bb-b003-p020-IPF02-c05.blif-biu.inv.prop.bb-bmc.conf03.01X-QBF.BB1-Zi.BB2-Zi.BB3-01X.with-IOC.unfold-002-shuffled,4.0
biu.mv.xl_ao.bb-b003-p020-IPF02-c05.blif-biu.inv.prop.bb-bmc.conf03.01X-QBF.BB1-Zi.BB2-Zi.BB3-01X.with-IOC.unfold-005-shuffled,6.0
biu.mv.xl_ao.bb-b003-p020-IPF02-c05.blif-biu.inv.prop.bb-bmc.conf05.01X-QBF.BB1-Zi.BB2-01X.BB3-Zi.with-IOC.unfold-007-shuffled,2.0
biu.mv.xl_ao.bb-b003-p020-IPF02-c05.blif-biu.inv.prop.bb-bmc.conf07.01X-QBF.BB1-Zi.BB2-Zi.BB3-Zi.with-IOC.unfold-002-shuffled,9.0
biu.mv.xl_ao.bb-b003-p020-IPF02-c05.blif-biu.inv.prop.bb-bmc.conf07.01X-QBF.BB1-Zi.BB2-Zi.BB3-Zi.with-IOC.unfold-008-shuffled,9.0
biu.mv.xl_ao.bb-b003-p020-IPF02-c05.blif-biu.inv.prop.bb-bmc.with-IOC.unfold-003-shuffled,6.0
biu.mv.xl_ao.bb-b003-p020-IPF03-c03.blif-biu.inv.prop.bb-bmc.conf01.01X-QBF.BB1-Zi.BB2-01X.BB3-01X.with-IOC.unfold-004-shuffled,5.0
biu.mv.xl_ao.bb-b003-p020-IPF03-c03.blif-biu.inv.prop.bb-bmc.conf02.01X-QBF.BB1-01X.BB2-Zi.BB3-01X.with-IOC.unfold-009-shuffled,7.0
biu.mv.xl_ao.bb-b003-p020-IPF03-c03.blif-biu.inv.prop.bb-bmc.conf03.01X-QBF.BB1-Zi.BB2-Zi.BB3-01X.with-IOC.unfold-003-shuffled,5.0
biu.mv.xl_ao.bb-b003-p020-IPF03-c03.blif-biu.inv.prop.bb-bmc.conf03.01X-QBF.BB1-Zi.BB2-Zi.BB3-01X.with-IOC.unfold-005-shuffled,10.0
biu.mv.xl_ao.bb-b003-p020-IPF03-c03.blif-biu.inv.prop.bb-bmc.conf05.01X-QBF.BB1-Zi.BB2-01X.BB3-Zi.with-IOC.unfold-003-shuffled,6.0
biu.mv.xl_ao.bb-b003-p020-IPF03-c03.blif-biu.inv.prop.bb-bmc.conf05.01X-QBF.BB1-Zi.BB2-01X.BB3-Zi.with-IOC.unfold-005-shuffled,7.0
biu.mv.xl_ao.bb-b003-p020-IPF03-c03.blif-biu.inv.prop.bb-bmc.conf05.01X-QBF.BB1-Zi.BB2-01X.BB3-Zi.with-IOC.unfold-008-shuffled,9.0
biu.mv.xl_ao.bb-b003-p020-IPF03-c03.blif-biu.inv.prop.bb-bmc.conf05.01X-QBF.BB1-Zi.BB2-01X.BB3-Zi.with-IOC.unfold-010-shuffled,3.0
biu.mv.xl_ao.bb-b003-p020-IPF03-c03.blif-biu.inv.prop.bb-bmc.conf06.01X-QBF.BB1-01X.BB2-Zi.BB3-Zi.with-IOC.unfold-008-shuffled,10.0
biu.mv.xl_ao.bb-b003-p020-IPF03-c03.blif-biu.inv.prop.bb-bmc.conf07.01X-QBF.BB1-Zi.BB2-Zi.BB3-Zi.with-IOC.unfold-002-shuffled,10.0
biu.mv.xl_ao.bb-b003-p020-IPF03-c03.blif-biu.inv.prop.bb-bmc.conf07.01X-QBF.BB1-Zi.BB2-Zi.BB3-Zi.with-IOC.unfold-003-shuffled,3.0
biu.mv.xl_ao.bb-b003-p020-IPF03-c03.blif-biu.inv.prop.bb-bmc.conf07.01X-QBF.BB1-Zi.BB2-Zi.BB3-Zi.with-IOC.unfold-009-shuffled,1.0
biu.mv.xl_ao.bb-b003-p020-IPF03-c03.blif-biu.inv.prop.bb-bmc.with-IOC.unfold-005-shuffled,10.0
biu.mv.xl_ao.bb-b003-p020-MIF02-c01.blif-biu.inv.prop.bb-bmc.conf00.01X-QBF.BB1-01X.BB2-01X.BB3-01X.with-IOC.unfold-010-shuffled,4.0
biu.mv.xl_ao.bb-b003-p020-MIF02-c01.blif-biu.inv.prop.bb-bmc.conf01.01X-QBF.BB1-Zi.BB2-01X.BB3-01X.with-IOC.unfold-002-shuffled,1.0
biu.mv.xl_ao.bb-b003-p020-MIF02-c01.blif-biu.inv.prop.bb-bmc.conf01.01X-QBF.BB1-Zi.BB2-01X.BB3-01X.with-IOC.unfold-009-shuffled,5.0
biu.mv.xl_ao.bb-b003-p020-MIF02-c01.blif-biu.inv.prop.bb-bmc.conf02.01X-QBF.BB1-01X.BB2-Zi.BB3-01X.with-IOC.unfold-003-shuffled,5.0
biu.mv.xl_ao.bb-b003-p020-MIF02-c01.blif-biu.inv.prop.bb-bmc.conf04.01X-QBF.BB1-01X.BB2-01X.BB3-Zi.with-IOC.unfold-002-shuffled,6.0
biu.mv.xl_ao.bb-b003-p020-MIF02-c01.blif-biu.inv.prop.bb-bmc.conf05.01X-QBF.BB1-Zi.BB2-01X.BB3-Zi.with-IOC.unfold-005-shuffled,7.0
biu.mv.xl_ao.bb-b003-p020-MIF02-c01.blif-biu.inv.prop.bb-bmc.conf06.01X-QBF.BB1-01X.BB2-Zi.BB3-Zi.with-IOC.unfold-003-shuffled,4.0
biu.mv.xl_ao.bb-b003-p020-MIF02-c01.blif-biu.inv.prop.bb-bmc.conf07.01X-QBF.BB1-Zi.BB2-Zi.BB3-Zi.with-IOC.unfold-002-shuffled,10.0
biu.mv.xl_ao.bb-b003-p020-MIF02-c01.blif-biu.inv.prop.bb-bmc.conf07.01X-QBF.BB1-Zi.BB2-Zi.BB3-Zi.with-IOC.unfold-003-shuffled,2.0
biu.mv.xl_ao.bb-b003-p020-MIF02-c01.blif-biu.inv.prop.bb-bmc.with-IOC.unfold-007-shuffled,2.0
biu.mv.xl_ao.bb-b003-p020-MIF04-c05.blif-biu.inv.prop.bb-bmc.conf01.01X-QBF.BB1-Zi.BB2-01X.BB3-01X.with-IOC.unfold-003-shuffled,5.0
biu.mv.xl_ao.bb-b003-p020-MIF04-c05.blif-biu.inv.prop.bb-bmc.conf01.01X-QBF.BB1-Zi.BB2-01X.BB3-01X.with-IOC.unfold-006-shuffled,8.0
biu.mv.xl_ao.bb-b003-p020-MIF04-c05.blif-biu.inv.prop.bb-bmc.conf01.01X-QBF.BB1-Zi.BB2-01X.BB3-01X.with-IOC.unfold-008-shuffled,1.0
biu.mv.xl_ao.bb-b003-p020-MIF04-c05.blif-biu.inv.prop.bb-bmc.conf02.01X-QBF.BB1-01X.BB2-Zi.BB3-01X.with-IOC.unfold-009-shuffled,4.0
biu.mv.xl_ao.bb-b003-p020-MIF04-c05.blif-biu.inv.prop.bb-bmc.conf03.01X-QBF.BB1-Zi.BB2-Zi.BB3-01X.with-IOC.unfold-004-shuffled,5.0
biu.mv.xl_ao.bb-b003-p020-MIF04-c05.blif-biu.inv.prop.bb-bmc.conf03.01X-QBF.BB1-Zi.BB2-Zi.BB3-01X.with-IOC.unfold-007-shuffled,6.0
biu.mv.xl_ao.bb-b003-p020-MIF04-c05.blif-biu.inv.prop.bb-bmc.conf04.01X-QBF.BB1-01X.BB2-01X.BB3-Zi.with-IOC.unfold-004-shuffled,9.0
biu.mv.xl_ao.bb-b003-p020-MIF04-c05.blif-biu.inv.prop.bb-bmc.conf04.01X-QBF.BB1-01X.BB2-01X.BB3-Zi.with-IOC.unfold-010-shuffled,7.0
biu.mv.xl_ao.bb-b003-p020-MIF04-c05.blif-biu.inv.prop.bb-bmc.conf05.01X-QBF.BB1-Zi.BB2-01X.BB3-Zi.with-IOC.unfold-004-shuffled,2.0
biu.mv.xl_ao.bb-b003-p020-MIF04-c05.blif-biu.inv.prop.bb-bmc.conf05.01X-QBF.BB1-Zi.BB2-01X.BB3-Zi.with-IOC.unfold-007-shuffled,2.0
biu.mv.xl_ao.bb-b003-p020-MIF04-c05.blif-biu.inv.prop.bb-bmc.conf05.01X-QBF.BB1-Zi.BB2-01X.BB3-Zi.with-IOC.unfold-008-shuffled,5.0
biu.mv.xl_ao.bb-b003-p020-MIF04-c05.blif-biu.inv.prop.bb-bmc.conf05.01X-QBF.BB1-Zi.BB2-01X.BB3-Zi.with-IOC.unfold-009-shuffled,8.0
biu.mv.xl_ao.bb-b003-p020-MIF04-c05.blif-biu.inv.prop.bb-bmc.conf05.01X-QBF.BB1-Zi.BB2-01X.BB3-Zi.with-IOC.unfold-010-shuffled,3.0
biu.mv.xl_ao.bb-b003-p020-MIF04-c05.blif-biu.inv.prop.bb-bmc.conf06.01X-QBF.BB1-01X.BB2-Zi.BB3-Zi.with-IOC.unfold-002-shuffled,6.0
biu.mv.xl_ao.bb-b003-p020-MIF04-c05.blif-biu.inv.prop.bb-bmc.conf06.01X-QBF.BB1-01X.BB2-Zi.BB3-Zi.with-IOC.unfold-003-shuffled,8.0
biu.mv.xl_ao.bb-b003-p020-MIF04-c05.blif-biu.inv.prop.bb-bmc.conf06.01X-QBF.BB1-01X.BB2-Zi.BB3-Zi.with-IOC.unfold-007-shuffled,3.0
biu.mv.xl_ao.bb-b003-p020-MIF04-c05.blif-biu.inv.prop.bb-bmc.conf07.01X-QBF.BB1-Zi.BB2-Zi.BB3-Zi.with-IOC.unfold-003-shuffled,7.0
biu.mv.xl_ao.bb-b003-p020-MIF04-c05.blif-biu.inv.prop.bb-bmc.conf07.01X-QBF.BB1-Zi.BB2-Zi.BB3-Zi.with-IOC.unfold-006-shuffled,9.0
biu.mv.xl_ao.bb-b003-p020-MIF04-c05.blif-biu.inv.prop.bb-bmc.with-IOC.unfold-008-shuffled,2.0
blocks_enc_2_b3_ser--opt-9_-shuffled,9.0
blocks_enc_2_b4_ser--opt-26_-shuffled,8.0
c1_BMC_p1_k2048-shuffled,3.0
c1_BMC_p2_k1024-shuffled,5.0
c1_BMC_p2_k128-shuffled,8.0
c1_BMC_p2_k8-shuffled,3.0
c2_Debug_s5_f1_e1_v3-shuffled,8.0
c3_BMC_p1_k256-shuffled,4.0
c3_BMC_p2_k1024-shuffled,9.0
c3_BMC_p2_k2048-shuffled,2.0
c3_BMC_p2_k512-shuffled,8.0
c3_Debug_s3_f2_e2_v2-shuffled,9.0
c4_BMC_p1_k1024-shuffled,7.0
c4_BMC_p1_k2048-shuffled,3.0
c4_BMC_p1_k512-shuffled,4.0
c4_BMC_p2_k2048-shuffled,10.0
c4_Debug_s3_f1_e1_v3-shuffled,9.0
c4_Debug_s3_f1_e2_v3-shuffled,8.0
c4_Debug_s3_f2_e1_v3-shuffled,9.0
c5_BMC_p1_k32-shuffled,6.0
c6_BMC_p1_k1024-shuffled,6.0
c6_BMC_p1_k256-shuffled,10.0
c6_BMC_p2_k128-shuffled,7.0
c6_BMC_p2_k2048-shuffled,2.0
c6_BMC_p2_k64-shuffled,3.0
cmu.dme1.B-f2,1.0
cmu.dme1.B-f3,10.0
cmu.dme1.B-f4-shuffled,2.0
cmu.dme2.B-f2,8.0
cmu.periodic.N-d2-shuffled,4.0
cmu.periodic.N-d4-shuffled,8.0
cmu.periodic.N-f4-shuffled,5.0
comp.blif_0.10_0.20_0_0_inp_exact-shuffled,6.0
comp.blif_0.10_1.00_0_0_inp_exact-shuffled,7.0
connect_5x4_3_R-shuffled,1.0
connect_5x4_4_W-shuffled,8.0
connect_6x5_4_D-shuffled,10.0
connect_6x5_5_R-shuffled,8.0
connect_7x6_4_R-shuffled,10.0
connect_7x6_6_W-shuffled,8.0
connect_8x7_3_D-shuffled,5.0
connect_8x7_7_D-shuffled,3.0
connect_9x8_3_R-shuffled,9.0
connect_9x8_6_D-shuffled,4.0
connect_9x8_8_D-shuffled,4.0
counter_16,8.0
counter_32-shuffled,3.0
counter_8-shuffled,10.0
counter_e_16,9.0
counter_e_8-shuffled,8.0
counter_r_16,2.0
counter_r_8-shuffled,8.0
counter_re_16,5.0
cube_c11_par---13_-shuffled,6.0
cube_c3_ser--opt-6_-shuffled,5.0
cube_c5_ser---14_-shuffled,2.0
cube_c7_ser---23_-shuffled,10.0
cube_c9_par--opt-11_-shuffled,2.0
eijk.S1238.S-d3-shuffled,3.0
eijk.S1423.S-d4-shuffled,7.0
eijk.S208o.S-d4-shuffled,2.0
eijk.S208o.S-f4-shuffled,3.0
eijk.S298.S-f2-shuffled,1.0
eijk.S298.S-f4,2.0
eijk.S344.S-f3,6.0
eijk.S349.S-f3,6.0
eijk.S382.S-f4-shuffled,3.0
eijk.S386.S-f2,7.0
eijk.S420.S-f2,8.0
eijk.S526.S-f4-shuffled,9.0
eijk.S641.S-f2,1.0
eijk.S713.S-f2,1.0
emptyroom_e3_ser---19_-shuffled,4.0
emptyroom_e3_ser--opt-20_-shuffled,10.0
emptyroom_e4_par---21_-shuffled,10.0
emptyroom_e4_ser--opt-44_-shuffled,2.0
ev-pr-4x4-11-3-0-0-1-s-shuffled,9.0
ev-pr-4x4-13-3-0-0-1-s-shuffled,6.0
ev-pr-4x4-15-3-0-0-1-s-shuffled,6.0
ev-pr-4x4-17-3-0-0-1-lg-shuffled,3.0
ev-pr-4x4-17-3-0-0-1-s-shuffled,9.0
ev-pr-4x4-5-3-0-0-1-lg-shuffled,3.0
ev-pr-4x4-5-3-0-0-1-s-shuffled,4.0
ev-pr-4x4-7-3-0-0-1-s-shuffled,10.0
ev-pr-4x4-9-3-0-0-1-lg-shuffled,2.0
ev-pr-4x4-9-3-0-0-1-s-shuffled,1.0
ev-pr-6x6-11-5-0-1-2-lg-shuffled,4.0
ev-pr-6x6-13-5-0-1-2-lg-shuffled,1.0
ev-pr-6x6-15-5-0-1-2-lg-shuffled,5.0
ev-pr-6x6-5-5-0-1-2-lg-shuffled,7.0
ev-pr-6x6-5-5-0-1-2-s-shuffled,6.0
ev-pr-6x6-7-5-0-1-2-s-shuffled,9.0
ev-pr-8x8-11-7-0-1-2-lg-shuffled,2.0
ev-pr-8x8-13-7-0-1-2-lg-shuffled,10.0
ev-pr-8x8-19-7-0-1-2-lg-shuffled,8.0
ev-pr-8x8-5-7-0-1-2-lg-shuffled,10.0
ev-pr-8x8-7-7-0-1-2-lg-shuffled,8.0
ev-pr-8x8-9-7-0-1-2-lg-shuffled,5.0
f600-00-shuffled,10.0
ii32c1-00,10.0
ii32c1-50-shuffled,5.0
ii32e1-00-shuffled,5.0
ii32e1-50-shuffled,7.0
ii8a1-00-shuffled,7.0
ii8a1-90-shuffled,9.0
ii8a3-90,6.0
ii8c1-90-shuffled,3.0
ii8d1-00-shuffled,2.0
impl18-shuffled,6.0
irst.dme4.B-d4-shuffled,8.0
irst.dme5.B-d4-shuffled,10.0
jnh1-50-shuffled,1.0
jnh207-90-shuffled,9.0
jnh218-00-shuffled,4.0
jnh218-90-shuffled,2.0
k3_1_2-shuffled,2.0
k4_2_2-shuffled,7.0
k5_2_2,5.0
k5_3_2-shuffled,9.0
k_branch_n-20-shuffled,7.0
k_branch_n-4-shuffled,7.0
k_branch_n-5-shuffled,8.0
k_branch_n-6,8.0
k_branch_n-7,5.0
k_branch_n-8-shuffled,9.0
k_branch_p-11-shuffled,3.0
k_branch_p-14-shuffled,7.0
k_branch_p-16-shuffled,7.0
k_branch_p-17-shuffled,1.0
k_branch_p-4-shuffled,1.0
k_branch_p-6-shuffled,10.0
k_branch_p-8-shuffled,5.0
k_d4_n-11-shuffled,3.0
k_d4_n-14-shuffled,4.0
k_d4_n-15-shuffled,1.0
k_d4_n-16-shuffled,2.0
k_d4_n-17-shuffled,4.0
k_d4_n-18-shuffled,9.0
k_d4_n-19-shuffled,5.0
k_d4_n-20-shuffled,7.0
k_d4_n-21-shuffled,9.0
k_d4_n-7-shuffled,1.0
k_d4_p-10-shuffled,10.0
k_d4_p-11-shuffled,10.0
k_d4_p-21-shuffled,2.0
k_d4_p-6-shuffled,10.0
k_d4_p-7-shuffled,10.0
k_dum_n-10-shuffled,1.0
k_dum_n-21-shuffled,8.0
k_dum_p-11-shuffled,5.0
k_dum_p-13-shuffled,3.0
k_dum_p-16-shuffled,4.0
k_dum_p-21-shuffled,2.0
k_grz_n-10-shuffled,8.0
k_grz_n-13-shuffled,9.0
k_grz_n-14-shuffled,9.0
k_grz_n-21-shuffled,1.0
k_grz_p-10-shuffled,1.0
k_grz_p-17-shuffled,7.0
k_grz_p-21-shuffled,8.0
k_lin_n-10-shuffled,8.0
k_lin_n-13-shuffled,5.0
k_lin_n-14-shuffled,3.0
k_lin_n-21-shuffled,9.0
k_lin_n-9-shuffled,1.0
k_lin_p-12-shuffled,4.0
k_lin_p-16-shuffled,5.0
k_lin_p-21-shuffled,10.0
k_lin_p-8-shuffled,4.0
k_path_n-10-shuffled,1.0
k_path_n-20-shuffled,8.0
k_path_n-21-shuffled,9.0
k_path_p-10-shuffled,5.0
k_path_p-16-shuffled,3.0
k_path_p-21-shuffled,10.0
k_path_p-9-shuffled,6.0
k_ph_n-10-shuffled,9.0
k_ph_n-13-shuffled,5.0
k_ph_n-14-shuffled,2.0
k_ph_n-15-shuffled,3.0
k_ph_n-8-shuffled,6.0
k_ph_n-9-shuffled,9.0
k_ph_p-11-shuffled,9.0
k_ph_p-12-shuffled,6.0
k_ph_p-8-shuffled,2.0
k_ph_p-9-shuffled,8.0
k_poly_n-12-shuffled,6.0
k_poly_n-13-shuffled,2.0
k_poly_n-20-shuffled,6.0
k_poly_n-21-shuffled,5.0
k_poly_p-19-shuffled,2.0
k_poly_p-21-shuffled,2.0
k_t4p_n-12-shuffled,2.0
k_t4p_n-17-shuffled,7.0
k_t4p_n-21-shuffled,9.0
k_t4p_n-4-shuffled,7.0
k_t4p_p-12-shuffled,6.0
k_t4p_p-20-shuffled,6.0
k_t4p_p-21-shuffled,5.0
k_t4p_p-4-shuffled,4.0
k_t4p_p-8-shuffled,9.0
ken.flash^10.C-f4-shuffled,2.0
ken.flash^14.C-d4-shuffled,10.0
ken.oop^1.C-d2,5.0
lognBWLARGEB1-shuffled,6.0
lut4_2_f2-shuffled,6.0
lut4_AND_f1-shuffled,8.0
lut4_XOR_fOR-shuffled,4.0
mutex-128-s,8.0
mutex-16-s,2.0
mutex-2-s,1.0
mutex-32-s,7.0
mutex-4-s,1.0
mutex-64-s,8.0
mutex-8-s,2.0
ncf_16_32_8_d.1,5.0
ncf_16_32_8_d.10,5.0
ncf_16_32_8_d.2,6.0
ncf_16_32_8_d.3,10.0
ncf_16_32_8_d.4,5.0
ncf_16_32_8_d.5,1.0
ncf_16_32_8_d.6,1.0
ncf_16_32_8_d.7,3.0
ncf_16_32_8_d.8,7.0
ncf_16_32_8_d.9,4.0
ncf_16_32_8_edau.1,8.0
ncf_16_32_8_edau.10,2.0
ncf_16_32_8_edau.2,4.0
ncf_16_32_8_edau.3,6.0
ncf_16_32_8_edau.4,6.0
ncf_16_32_8_edau.5,9.0
ncf_16_32_8_edau.6,3.0
ncf_16_32_8_edau.7,9.0
ncf_16_32_8_edau.8,6.0
ncf_16_32_8_edau.9,1.0
ncf_16_32_8_euad.1,3.0
ncf_16_32_8_euad.10,8.0
ncf_16_32_8_euad.2,6.0
ncf_16_32_8_euad.3,8.0
ncf_16_32_8_euad.4,3.0
ncf_16_32_8_euad.5,8.0
ncf_16_32_8_euad.6,10.0
ncf_16_32_8_euad.7,4.0
ncf_16_32_8_euad.8,4.0
ncf_16_32_8_euad.9,3.0
ncf_16_32_8_u.1,5.0
ncf_16_32_8_u.10,5.0
ncf_16_32_8_u.2,2.0
ncf_16_32_8_u.3,3.0
ncf_16_32_8_u.4,6.0
ncf_16_32_8_u.5,10.0
ncf_16_32_8_u.6,6.0
ncf_16_32_8_u.7,1.0
ncf_16_32_8_u.8,9.0
ncf_16_32_8_u.9,6.0
ncf_8_16_4_d.1,7.0
ncf_8_16_4_d.10,4.0
ncf_8_16_4_d.2,6.0
ncf_8_16_4_d.3,7.0
ncf_8_16_4_d.4,6.0
ncf_8_16_4_d.5,4.0
ncf_8_16_4_d.6,1.0
ncf_8_16_4_d.7,1.0
ncf_8_16_4_d.8,6.0
ncf_8_16_4_d.9,5.0
ncf_8_16_4_edau.1,7.0
ncf_8_16_4_edau.10,5.0
ncf_8_16_4_edau.2,10.0
ncf_8_16_4_edau.3,5.0
ncf_8_16_4_edau.4,4.0
ncf_8_16_4_edau.5,10.0
ncf_8_16_4_edau.6,1.0
ncf_8_16_4_edau.7,9.0
ncf_8_16_4_edau.8,10.0
ncf_8_16_4_edau.9,4.0
ncf_8_16_4_euad.1,10.0
ncf_8_16_4_euad.10,5.0
ncf_8_16_4_euad.2,8.0
ncf_8_16_4_euad.3,9.0
ncf_8_16_4_euad.4,1.0
ncf_8_16_4_euad.5,1.0
ncf_8_16_4_euad.6,1.0
ncf_8_16_4_euad.7,4.0
ncf_8_16_4_euad.8,7.0
ncf_8_16_4_euad.9,1.0
ncf_8_16_4_u.1,8.0
ncf_8_16_4_u.10,5.0
ncf_8_16_4_u.2,3.0
ncf_8_16_4_u.3,1.0
ncf_8_16_4_u.4,7.0
ncf_8_16_4_u.5,8.0
ncf_8_16_4_u.6,2.0
ncf_8_16_4_u.7,5.0
ncf_8_16_4_u.8,1.0
ncf_8_16_4_u.9,9.0
nusmv.dme1-16.B-d4-shuffled,6.0
nusmv.queue.B-d4-shuffled,6.0
nusmv.reactor^1.C-d4-shuffled,4.0
nusmv.reactor^2.C-d4-shuffled,8.0
nusmv.reactor^5.C-f4-shuffled,2.0
nusmv.syncarb10^2.B-f2,8.0
nusmv.syncarb10^2.B-f3,10.0
nusmv.syncarb10^2.B-f4,7.0
nusmv.syncarb5^2.B-f4-shuffled,8.0
nusmv.tcas-t^5.B-f2-shuffled,5.0
nusmv.tcas-t^6.B-f3-shuffled,6.0
nusmv.tcas^2.B-f2-shuffled,2.0
nusmv.tcas^4.B-f3-shuffled,2.0
par16-1-c-00-shuffled,5.0
par8-1-c-50-shuffled,7.0
par8-2-90-shuffled,5.0
par8-2-c-50-shuffled,7.0
par8-3-c-00-shuffled,1.0
par8-3-c-90-shuffled,10.0
par8-4-90-shuffled,3.0
par8-4-c-90-shuffled,1.0
par8-5-c-90-shuffled,5.0
qshifter_3,7.0
qshifter_4,3.0
qshifter_5,6.0
qshifter_6,7.0
qshifter_7,3.0
qshifter_8,8.0
rankfunc10_unsigned_64,6.0
rankfunc11_signed_32,9.0
rankfunc12_unsigned_16,9.0
rankfunc14_signed_64,3.0
rankfunc15_unsigned_32,4.0
rankfunc16_signed_64,4.0
rankfunc17_unsigned_16,4.0
rankfunc18_signed_64,7.0
rankfunc19_unsigned_16,3.0
rankfunc1_signed_32,1.0
rankfunc20_unsigned_32,5.0
rankfunc21_signed_16,5.0
rankfunc22_unsigned_32,8.0
rankfunc23_signed_64,10.0
rankfunc24_unsigned_64,8.0
rankfunc25_signed_64,3.0
rankfunc26_unsigned_32,5.0
rankfunc27_signed_64,8.0
rankfunc28_unsigned_16,4.0
rankfunc29_signed_16,6.0
rankfunc2_unsigned_64,5.0
rankfunc30_signed_64,6.0
rankfunc31_unsigned_16,1.0
rankfunc32_signed_64,7.0
rankfunc33_unsigned_32,9.0
rankfunc34_signed_32,10.0
rankfunc35_unsigned_32,5.0
rankfunc36_signed_64,4.0
rankfunc37_unsigned_32,5.0
rankfunc38_signed_32,8.0
rankfunc39_unsigned_64,10.0
rankfunc3_signed_64,9.0
rankfunc40_unsigned_64,7.0
rankfunc41_signed_32,4.0
rankfunc42_unsigned_16,10.0
rankfunc43_signed_64,5.0
rankfunc44_unsigned_32,1.0
rankfunc45_signed_16,7.0
rankfunc46_unsigned_32,4.0
rankfunc47_signed_64,3.0
rankfunc48_unsigned_16,4.0
rankfunc49_signed_32,7.0
rankfunc4_unsigned_16,9.0
rankfunc50_signed_64,9.0
rankfunc51_signed_32,9.0
rankfunc52_unsigned_32,8.0
rankfunc53_signed_16,9.0
rankfunc54_signed_32,2.0
rankfunc55_unsigned_32,5.0
rankfunc56_signed_16,7.0
rankfunc57_unsigned_64,7.0
rankfunc58_signed_32,9.0
rankfunc59_unsigned_16,9.0
rankfunc5_signed_64,7.0
rankfunc60_unsigned_32,1.0
rankfunc61_signed_32,4.0
rankfunc6_unsigned_16,5.0
rankfunc7_signed_16,10.0
rankfunc8_unsigned_32,8.0
rankfunc9_signed_64,9.0
ring_r4_ser--opt-11_-shuffled,3.0
ring_r6_ser---16_-shuffled,9.0
ring_r6_ser--opt-17_-shuffled,4.0
ring_r7_ser---19_-shuffled,1.0
robots_1_5_2_10.2,3.0
robots_1_5_2_100.2,6.0
robots_1_5_2_100.4,5.0
robots_1_5_2_100.8,10.0
robots_1_5_2_14.2,6.0
robots_1_5_2_2.4,8.0
robots_1_5_2_21.4,4.0
robots_1_5_2_28.2,8.0
robots_1_5_2_3.4,5.0
robots_1_5_2_31.2,10.0
robots_1_5_2_32.8,6.0
robots_1_5_2_33.2,9.0
robots_1_5_2_39.4,9.0
robots_1_5_2_40.8,6.0
robots_1_5_2_45.4,7.0
robots_1_5_2_47.2,4.0
robots_1_5_2_49.2,9.0
robots_1_5_2_54.8,10.0
robots_1_5_2_61.8,7.0
robots_1_5_2_67.8,8.0
robots_1_5_2_75.8,3.0
robots_1_5_2_80.4,5.0
robots_1_5_2_81.2,8.0
robots_1_5_2_82.4,9.0
robots_1_5_2_82.8,9.0
robots_1_5_2_85.2,3.0
robots_1_5_2_85.4,5.0
robots_1_5_2_9.8,1.0
robots_1_5_2_91.8,3.0
robots_1_5_2_99.4,8.0
robots_1_5_3_100.2,7.0
robots_1_5_3_100.4,2.0
robots_1_5_3_100.8,10.0
robots_1_5_3_16.4,5.0
robots_1_5_3_16.8,9.0
robots_1_5_3_2.4,2.0
robots_1_5_3_20.4,10.0
robots_1_5_3_24.4,7.0
robots_1_5_3_25.2,4.0
robots_1_5_3_26.2,1.0
robots_1_5_3_27.8,8.0
robots_1_5_3_30.2,2.0
robots_1_5_3_39.8,8.0
robots_1_5_3_44.4,4.0
robots_1_5_3_44.8,6.0
robots_1_5_3_51.2,4.0
robots_1_5_3_52.2,9.0
robots_1_5_3_52.4,9.0
robots_1_5_3_55.8,7.0
robots_1_5_3_57.4,4.0
robots_1_5_3_62.2,1.0
robots_1_5_3_64.8,8.0
robots_1_5_3_66.4,8.0
robots_1_5_3_7.2,10.0
robots_1_5_3_70.8,5.0
robots_1_5_3_78.4,5.0
robots_1_5_3_8.8,10.0
robots_1_5_3_80.2,10.0
robots_1_5_3_90.8,8.0
robots_1_5_3_91.2,1.0
robots_1_5_4_1.8,4.0
robots_1_5_4_100.2,5.0
robots_1_5_4_100.4,5.0
robots_1_5_4_100.8,2.0
robots_1_5_4_17.8,4.0
robots_1_5_4_2.4,7.0
robots_1_5_4_22.2,4.0
robots_1_5_4_24.8,1.0
robots_1_5_4_30.4,10.0
robots_1_5_4_31.4,2.0
robots_1_5_4_32.2,3.0
robots_1_5_4_44.2,2.0
robots_1_5_4_46.4,1.0
robots_1_5_4_46.8,8.0
robots_1_5_4_50.4,8.0
robots_1_5_4_51.4,6.0
robots_1_5_4_52.2,5.0
robots_1_5_4_56.8,7.0
robots_1_5_4_59.2,3.0
robots_1_5_4_71.2,9.0
robots_1_5_4_73.2,1.0
robots_1_5_4_75.2,3.0
robots_1_5_4_75.8,9.0
robots_1_5_4_81.2,5.0
robots_1_5_4_87.4,9.0
robots_1_5_4_91.4,6.0
robots_1_5_4_91.8,6.0
robots_1_5_4_96.8,2.0
robots_1_5_4_98.4,9.0
robots_1_5_4_99.8,9.0
robots_1_5_5_10.8,9.0
robots_1_5_5_100.2,5.0
robots_1_5_5_100.4,1.0
robots_1_5_5_100.8,3.0
robots_1_5_5_12.4,2.0
robots_1_5_5_12.8,5.0
robots_1_5_5_14.8,7.0
robots_1_5_5_15.2,7.0
robots_1_5_5_24.2,7.0
robots_1_5_5_26.4,5.0
robots_1_5_5_30.4,2.0
robots_1_5_5_31.2,1.0
robots_1_5_5_33.8,3.0
robots_1_5_5_34.4,4.0
robots_1_5_5_38.2,1.0
robots_1_5_5_45.4,2.0
robots_1_5_5_5.8,9.0
robots_1_5_5_50.8,7.0
robots_1_5_5_56.2,2.0
robots_1_5_5_61.2,1.0
robots_1_5_5_62.2,8.0
robots_1_5_5_66.4,4.0
robots_1_5_5_66.8,3.0
robots_1_5_5_75.2,2.0
robots_1_5_5_8.4,8.0
robots_1_5_5_87.4,7.0
robots_1_5_5_93.4,8.0
robots_1_5_5_95.8,5.0
robots_1_5_5_97.2,3.0
robots_1_5_5_99.8,8.0
s1196_d3_u-shuffled,3.0
s1269_d3_s-shuffled,8.0
s27_d5_u-shuffled,5.0
s298_d11_s-shuffled,10.0
s298_d2_s-shuffled,4.0
s298_d5_s-shuffled,7.0
s298_d9_s-shuffled,3.0
s3330_d10_u-shuffled,2.0
s3330_d4_s-shuffled,7.0
s386_d12_u-shuffled,5.0
s499_d15_s-shuffled,3.0
s499_d4_s-shuffled,2.0
s510_d12_s-shuffled,8.0
s510_d31_s-shuffled,3.0
s510_d4_s-shuffled,3.0
s713_d3_s-shuffled,9.0
s713_d5_s-shuffled,3.0
s820_d6_s-shuffled,4.0
s820_d7_s-shuffled,3.0
sortnetsort10.AE.stepl.005,5.0
sortnetsort10.AE.stepl.012,3.0
sortnetsort10.v.stepl.006,7.0
sortnetsort10.v.stepl.007,6.0
sortnetsort10.v.stepl.012-shuffled,9.0
sortnetsort5.AE.stepl.003,2.0
sortnetsort5.AE.stepl.005,2.0
sortnetsort5.AE.stepl.006,4.0
sortnetsort5.AE.stepl.007,7.0
sortnetsort5.v.stepl.007-shuffled,8.0
sortnetsort6.AE.stepl.003,7.0
sortnetsort6.AE.stepl.006,7.0
sortnetsort6.v.stepl.003-shuffled,2.0
sortnetsort7.AE.stepl.003,8.0
sortnetsort7.AE.stepl.005,4.0
sortnetsort7.AE.stepl.006,8.0
sortnetsort7.AE.stepl.009,10.0
sortnetsort7.v.stepl.004-shuffled,8.0
sortnetsort8.AE.stepl.005,7.0
sortnetsort8.AE.stepl.007,6.0
sortnetsort8.AE.stepl.009,8.0
sortnetsort8.v.stepl.008-shuffled,1.0
sortnetsort9.AE.stepl.004,3.0
sortnetsort9.AE.stepl.005,2.0
sortnetsort9.AE.stepl.012,10.0
sortnetsort9.v.stepl.006,8.0
sortnetsort9.v.stepl.012-shuffled,10.0
ssa7552-159-00-shuffled,5.0
ssa7552-159-50-shuffled,1.0
ssa7552-159-90-shuffled,3.0
ssa7552-160-50-shuffled,7.0
stmt11_643_645,4.0
stmt124_966_965,6.0
stmt137_903_911,5.0
stmt16_0_1,1.0
stmt16_47_48,6.0
stmt16_818_819,10.0
stmt17_143_144,4.0
stmt17_18_19,7.0
stmt17_63_70,4.0
stmt17_63_78,9.0
stmt17_82_94,10.0
stmt17_99_98,7.0
stmt18_258_260,1.0
stmt19_125_302,3.0
stmt19_133_257,1.0
stmt19_137_313,1.0
stmt19_142_261,6.0
stmt19_177_302,1.0
stmt19_214_309,6.0
stmt19_217_250,1.0
stmt19_261_266,3.0
stmt19_2_180,2.0
stmt19_2_83,1.0
stmt19_313_318,9.0
stmt19_313_412,7.0
stmt19_3_177,8.0
stmt19_3_309,6.0
stmt19_3_78,10.0
stmt19_3_83,10.0
stmt19_66_318,10.0
stmt19_66_90,3.0
stmt19_67_83,6.0
stmt19_79_87,5.0
stmt19_83_302,10.0
stmt19_83_90,6.0
stmt19_90_133,3.0
stmt1_145_146,1.0
stmt1_20_21,4.0
stmt1_30_31,6.0
stmt1_392_393,10.0
stmt1_629_630,6.0
stmt1_787_788,1.0
stmt1_811_812,2.0
stmt1_919_920,8.0
stmt21_127_258,9.0
stmt21_134_418,7.0
stmt21_143_258,7.0
stmt21_252_310,3.0
stmt21_267_310,6.0
stmt21_310_360,2.0
stmt21_4_5,9.0
stmt21_70_258,6.0
stmt21_71_304,3.0
stmt21_71_70,2.0
stmt21_79_314,2.0
stmt21_79_91,3.0
stmt22_179_182,4.0
stmt22_6_80,6.0
stmt22_92_259,4.0
stmt23_66_76,8.0
stmt24_148_149,9.0
stmt24_292_293,10.0
stmt24_765_766,7.0
stmt24_7_8,10.0
stmt25_52_53,8.0
stmt25_597_598,10.0
stmt27_149_224,4.0
stmt27_296_297,9.0
stmt27_93_98,6.0
stmt28_68_81,9.0
stmt29_21_275,1.0
stmt2_649_723,8.0
stmt2_649_776,10.0
stmt2_976_999,3.0
stmt31_100_276,7.0
stmt31_22_23,3.0
stmt32_122_129,7.0
stmt32_153_277,9.0
stmt32_228_277,1.0
stmt37_941_942,3.0
stmt38_943_942,4.0
stmt39_34_107,7.0
stmt3_639_640,8.0
stmt3_969_973,1.0
stmt41_235_286,10.0
stmt41_262_275,10.0
stmt41_336_385,10.0
stmt41_36_37,3.0
stmt44_107_108,3.0
stmt44_107_113,4.0
stmt44_252_301,6.0
stmt44_40_162,4.0
stmt44_40_41,2.0
stmt44_554_604,10.0
stmt46_163_289,6.0
stmt47_239_290,8.0
stmt50_167_293,6.0
stmt52_117_295,8.0
stmt52_295_394,10.0
stmt52_54_55,7.0
stmt53_208_245,7.0
stmt5_731_730,10.0
stmt6_13_14,7.0
stmt70_191_213,4.0
stmt70_495_501,3.0
stmt72_696_721,1.0
stmt7_33_34,3.0
stmt82_224_225,9.0
stmt85_64_122,10.0
stmt86_889_890,5.0
stmt9_350_351,5.0
stmt9_445_446,1.0
szymanski-10-s-shuffled,2.0
szymanski-24-s-shuffled,9.0
term1.blif_0.10_0.20_0_0_out_exact-shuffled,7.0
term1.blif_0.10_0.20_0_1_inp_exact-shuffled,3.0
term1.blif_0.10_1.00_0_0_out_exact-shuffled,8.0
test1_quant2,4.0
test1_quant3,9.0
test1_quant_squaring2,10.0
test1_quant_squaring3,1.0
test3_quant2-shuffled,5.0
test3_quant4,7.0
test3_quant_squaring4,2.0
test4_quant2,3.0
test4_quant4,8.0
test4_quant_squaring2,8.0
test4_quant_squaring4,10.0
test5_quant5-shuffled,6.0
test5_quant_squaring5-shuffled,3.0
texas.ifetch1^4.E-f4-shuffled,8.0
texas.ifetch1^9.E-f4-shuffled,9.0
toilet_a_02_01.2-shuffled,3.0
toilet_a_02_10.2-shuffled,6.0
toilet_a_04_10.2-shuffled,4.0
toilet_a_06_01.4-shuffled,1.0
toilet_a_06_10.2-shuffled,3.0
toilet_a_08_01.4-shuffled,2.0
toilet_a_08_10.2-shuffled,4.0
toilet_a_10_01.11-shuffled,7.0
toilet_a_10_01.5-shuffled,2.0
toilet_a_10_10.2-shuffled,1.0
toilet_c_02_01.2-shuffled,3.0
toilet_c_04_01.4-shuffled,1.0
toilet_c_04_10.2-shuffled,2.0
toilet_c_06_01.5-shuffled,8.0
toilet_c_06_10.2-shuffled,4.0
toilet_c_08_01.13-shuffled,2.0
toilet_c_08_01.16-shuffled,3.0
toilet_c_08_01.4-shuffled,2.0
toilet_c_08_05.10-shuffled,10.0
toilet_c_08_05.6-shuffled,8.0
toilet_c_08_05.7-shuffled,10.0
toilet_c_08_05.8-shuffled,5.0
toilet_c_08_05.9-shuffled,9.0
toilet_c_08_10.2-shuffled,6.0
toilet_c_10_01.11-shuffled,4.0
toilet_c_10_01.15-shuffled,6.0
toilet_c_10_01.20-shuffled,2.0
toilet_c_10_01.4-shuffled,10.0
toilet_c_10_05.11-shuffled,5.0
toilet_c_10_05.12-shuffled,10.0
toilet_c_10_05.7-shuffled,2.0
toilet_c_10_05.9-shuffled,1.0
toilet_c_10_10.2-shuffled,1.0
toilet_g_02_01.2-shuffled,4.0
toilet_g_04_01.2-shuffled,8.0
toilet_g_08_01.2-shuffled,4.0
toilet_g_20_01.2-shuffled,6.0
uclid-pipe2,2.0
uclid-pipe3a,5.0
vis.arbiter.E-f4-shuffled,8.0
vis.coherence^1.E-d4-shuffled,3.0
vis.elevator^1.E-f2-shuffled,10.0
vis.emodel.E-f4-shuffled,10.0
vis.prodcell^01.E-d4-shuffled,7.0
vis.prodcell^04.E-f4-shuffled,10.0
vis.prodcell^05.E-f4-shuffled,1.0
vis.prodcell^08.E-f4-shuffled,9.0
vis.prodcell^09.E-f2-shuffled,9.0
vis.prodcell^23.E-f4-shuffled,2.0
vis.prodcell^24.E-f3-shuffled,5.0
vonNeumann-ripple-carry-13-c-shuffled,8.0
vonNeumann-ripple-carry-15-c-shuffled,1.0
x120.0,7.0
x120.1,8.0
x120.2,7.0
x120.3,8.0
x120.4,9.0
x120.5,2.0
x120.6,10.0
x120.7,4.0
x120.8,3.0
x120.9,2.0
x240.0,9.0
x240.1,2.0
x240.2,3.0
x240.3,6.0
x240.4,6.0
x240.5,7.0
x240.6,3.0
x240.7,1.0
x240.8,9.0
x240.9,5.0
x30.0,4.0
x30.1,7.0
x30.2,8.0
x30.3,7.0
x30.4,1.0
x30.5,3.0
x30.6,7.0
x30.7,3.0
x30.8,9.0
x30.9,4.0
x60.0,5.0
x60.1,2.0
x60.2,1.0
x60.3,4.0
x60.4,5.0
x60.5,1.0
x60.6,2.0
x60.7,9.0
x60.8,1.0
x60.9,10.0
z4ml.blif_0.10_1.00_0_0_out_exact-shuffled,6.0
