Instance,CV
10tree110p.wcnf,8.0
10tree115p.wcnf,8.0
10tree120p.wcnf,2.0
10tree125p.wcnf,4.0
10tree130p.wcnf,1.0
10tree210p.wcnf,4.0
10tree215p.wcnf,8.0
10tree220p.wcnf,2.0
10tree225p.wcnf,4.0
10tree230p.wcnf,2.0
10tree305p.wcnf,4.0
10tree310p.wcnf,8.0
10tree315p.wcnf,5.0
10tree320p.wcnf,2.0
10tree325p.wcnf,3.0
10tree330p.wcnf,10.0
10tree405p.wcnf,8.0
10tree405posib.wcnf,9.0
10tree410p.wcnf,6.0
10tree415p.wcnf,6.0
10tree420p.wcnf,6.0
10tree425p.wcnf,4.0
10tree430p.wcnf,5.0
10tree505p.wcnf,10.0
10tree505posib.wcnf,8.0
10tree510p.wcnf,5.0
10tree515p.wcnf,10.0
10tree520p.wcnf,3.0
10tree525p.wcnf,8.0
10tree530p.wcnf,10.0
15tree1001p.wcnf,7.0
15tree1001posib.wcnf,6.0
15tree101p.wcnf,1.0
15tree101posib.wcnf,2.0
15tree201p.wcnf,5.0
15tree201posib.wcnf,9.0
15tree301p.wcnf,9.0
15tree301posib.wcnf,3.0
15tree401p.wcnf,10.0
15tree401posib.wcnf,7.0
15tree501p.wcnf,9.0
15tree501posib.wcnf,1.0
15tree601p.wcnf,3.0
15tree601posib.wcnf,5.0
15tree701p.wcnf,10.0
15tree701posib.wcnf,2.0
15tree801p.wcnf,10.0
15tree801posib.wcnf,5.0
15tree901p.wcnf,3.0
15tree901posib.wcnf,3.0
1aabfc32-d491-11df-9a24-00163e3d3b7c_l3.wcnf,4.0
1bpi_.2knt_.g.wcnf.t.wcnf,8.0
1bpi_.5pti_.g.wcnf.t.wcnf,7.0
1knt_.1bpi_.g.wcnf.t.wcnf,7.0
1knt_.2knt_.g.wcnf.t.wcnf,4.0
1knt_.5pti_.g.wcnf.t.wcnf,7.0
1vii_.1cph_.g.wcnf.t.wcnf,8.0
2c3aece6-c8b2-11df-a040-00163e3d3b7c_l3.wcnf,7.0
2knt_.5pti_.g.wcnf.t.wcnf,2.0
3ebx_.1era_.g.wcnf.t.wcnf,8.0
3ebx_.6ebx_.g.wcnf.t.wcnf,10.0
4ede8d96-c17a-11df-a7c5-00163e3d3b7c_l3.wcnf,1.0
6ebx_.1era_.g.wcnf.t.wcnf,2.0
7f80e4f0-4fe9-11e0-acd7-00163e1e087d_l3.wcnf,4.0
GreeceWesternGreeceUniversityInstance4.xml.wcnf,10.0
SAT02__industrial__biere__dinphil__dp10s10.shuffled.cnf.wcnf.8.wcnf,8.0
SAT02__industrial__goldberg__fpga_routing__vda_gr_rcs_w9.shuffled.cnf.wcnf.5.wcnf,9.0
SAT02__industrial__goldberg__fpga_routing__vda_gr_rcs_w9.shuffled.cnf.wcnf.8.wcnf,6.0
SAT04__industrial__vangelder__cnf-color__abb313GPIA-9-tr.used-as.sat04-321.cnf.wcnf.3.wcnf,1.0
SAT04__industrial__vangelder__cnf-color__abb313GPIA-9-tr.used-as.sat04-321.cnf.wcnf.6.wcnf,3.0
SAT04__industrial__velev__pipe-sat-1-1__12pipe_bug4_q0.used-as.sat04-723.cnf.wcnf.1.wcnf,4.0
SAT04__industrial__velev__pipe-sat-1-1__12pipe_bug4_q0.used-as.sat04-723.cnf.wcnf.8.wcnf,6.0
SAT04__industrial__velev__pipe-sat-1-1__12pipe_bug6_q0.used-as.sat04-725.cnf.wcnf.10.wcnf,4.0
SAT04__industrial__velev__pipe-sat-1-1__12pipe_bug6_q0.used-as.sat04-725.cnf.wcnf.5.wcnf,10.0
SAT07__industrial__vliw_sat_4.0__9vliw_m_9stages_iq3_C1_bug5.cnf.wcnf.4.wcnf,3.0
SAT07__industrial__vliw_sat_4.0__9vliw_m_9stages_iq3_C1_bug6.cnf.wcnf.1.wcnf,10.0
SAT07__industrial__vliw_sat_4.0__9vliw_m_9stages_iq3_C1_bug6.cnf.wcnf.4.wcnf,5.0
SAT07__industrial__vliw_sat_4.0__9vliw_m_9stages_iq3_C1_bug6.cnf.wcnf.7.wcnf,8.0
SAT09__APPLICATIONS__satComp09_BioInstances__rbcl_xits_15_SAT.cnf.wcnf.9.wcnf,3.0
SAT09__APPLICATIONS__satComp09_BioInstances__rbcl_xits_18_SAT.cnf.wcnf.2.wcnf,10.0
SAT11__application__fuhs__AProVE11__AProVE11-09.cnf.wcnf.10.wcnf,9.0
SAT11__application__fuhs__AProVE11__AProVE11-09.cnf.wcnf.4.wcnf,10.0
SAT11__application__fuhs__AProVE11__AProVE11-09.cnf.wcnf.8.wcnf,1.0
SAT11__application__fuhs__AProVE11__AProVE11-10.cnf.wcnf.3.wcnf,6.0
SAT11__application__fuhs__AProVE11__AProVE11-12.cnf.wcnf.2.wcnf,4.0
SAT11__application__fuhs__AProVE11__AProVE11-12.cnf.wcnf.4.wcnf,1.0
SAT11__application__fuhs__AProVE11__AProVE11-16.cnf.wcnf.1.wcnf,7.0
SAT11__application__jarvisalo__AAAI2010-SATPlanning__aaai10-planning-ipc5-TPP-30-step11.cnf.wcnf.1.wcnf,9.0
SAT11__application__jarvisalo__AAAI2010-SATPlanning__aaai10-planning-ipc5-pipesworld-12-step16.cnf.wcnf.2.wcnf,7.0
SAT11__application__jarvisalo__AAAI2010-SATPlanning__aaai10-planning-ipc5-pipesworld-12-step16.cnf.wcnf.7.wcnf,8.0
SAT11__application__jarvisalo__AAAI2010-SATPlanning__aaai10-planning-ipc5-pipesworld-18-step16.cnf.wcnf.1.wcnf,1.0
SAT11__application__jarvisalo__AAAI2010-SATPlanning__aaai10-planning-ipc5-pipesworld-18-step16.cnf.wcnf.4.wcnf,2.0
SAT11__application__jarvisalo__smtqfbv-aigs__smtlib-qfbv-aigs-bin_libmsrpc_vc1225336-tseitin.cnf.wcnf.4.wcnf,7.0
SAT11__application__jarvisalo__smtqfbv-aigs__smtlib-qfbv-aigs-bin_libsmbsharemodes_vc5759-tseitin.cnf.wcnf.9.wcnf,7.0
SAT11__application__jarvisalo__smtqfbv-aigs__smtlib-qfbv-aigs-rfunit_flat-64-tseitin.cnf.wcnf.10.wcnf,2.0
SAT11__application__jarvisalo__smtqfbv-aigs__smtlib-qfbv-aigs-rfunit_flat-64-tseitin.cnf.wcnf.2.wcnf,6.0
SAT11__application__jarvisalo__smtqfbv-aigs__smtlib-qfbv-aigs-rfunit_flat-64-tseitin.cnf.wcnf.7.wcnf,6.0
SAT11__application__leberre__2dimensionalstrippacking__E05F18.cnf.wcnf.7.wcnf,9.0
SAT11__application__leberre__2dimensionalstrippacking__E05F18.cnf.wcnf.9.wcnf,1.0
SAT11__application__manthey__traffic__traffic_3_uc_sat.cnf.wcnf.8.wcnf,10.0
SAT11__application__manthey__traffic__traffic_r_sat.cnf.wcnf.4.wcnf,4.0
SAT11__application__manthey__traffic__traffic_r_sat.cnf.wcnf.6.wcnf,2.0
SAT11__application__rintanen__SATPlanning__blocks-blocks-36-0.180-SAT.cnf.wcnf.2.wcnf,8.0
SAT11__application__rintanen__SATPlanning__openstacks-sequencedstrips-nonadl-nonnegated-os-sequencedstrips-p30_3.085-SAT.cnf.wcnf.4.wcnf,10.0
SAT_RACE06__ibm-2002-21r-k95.cnf.wcnf.4.wcnf,5.0
SAT_RACE06__velev-pipe-sat-1.0-b9.cnf.wcnf.2.wcnf,8.0
SAT_RACE06__velev-pipe-sat-1.0-b9.cnf.wcnf.5.wcnf,7.0
SAT_RACE08__cnf__ibm-2004-01-k90.cnf.wcnf.10.wcnf,4.0
SU1__simp-genos.haps.1.wcnf,9.0
SU1__simp-genos.haps.10.wcnf,8.0
SU1__simp-genos.haps.18.wcnf,1.0
SU1__simp-genos.haps.19.wcnf,8.0
SU1__simp-genos.haps.26.wcnf,7.0
SU1__simp-genos.haps.27.wcnf,1.0
SU1__simp-genos.haps.29.wcnf,3.0
SU1__simp-genos.haps.30.wcnf,9.0
SU1__simp-genos.haps.32.wcnf,8.0
SU1__simp-genos.haps.34.wcnf,1.0
SU1__simp-genos.haps.37.wcnf,7.0
SU1__simp-genos.haps.38.wcnf,6.0
SU1__simp-genos.haps.50.wcnf,10.0
SU1__simp-genos.haps.54.wcnf,7.0
SU1__simp-genos.haps.58.wcnf,5.0
SU1__simp-genos.haps.62.wcnf,1.0
SU1__simp-genos.haps.69.wcnf,6.0
SU1__simp-genos.haps.7.wcnf,4.0
SU1__simp-genos.haps.70.wcnf,7.0
SU1__simp-genos.haps.8.wcnf,6.0
SU1__simp-genos.haps.85.wcnf,10.0
SU1__simp-genos.haps.86.wcnf,2.0
SU3__simp-genos.haps.21.wcnf,2.0
SU3__simp-genos.haps.23.wcnf,2.0
SU3__simp-genos.haps.27.wcnf,7.0
SU3__simp-genos.haps.33.wcnf,8.0
SU3__simp-genos.haps.38.wcnf,6.0
SU3__simp-genos.haps.53.wcnf,4.0
SU3__simp-genos.haps.58.wcnf,1.0
SU3__simp-genos.haps.60.wcnf,3.0
SU3__simp-genos.haps.63.wcnf,3.0
SU3__simp-genos.haps.64.wcnf,2.0
SU3__simp-genos.haps.72.wcnf,9.0
SU3__simp-genos.haps.74.wcnf,10.0
SU3__simp-genos.haps.80.wcnf,8.0
SU3__simp-genos.haps.86.wcnf,3.0
SU3__simp-genos.haps.88.wcnf,7.0
SU3__simp-genos.haps.9.wcnf,8.0
SouthAfricaWoodlands2009.xml.wcnf,6.0
TEAMS20_l7aa.cnf.wcnf,1.0
TWComp_1c75_N69.wcnf,2.0
TWComp_1dj7_N73.wcnf,1.0
TWComp_1dp_N76.wcnf,8.0
TWComp_1en2_N69.wcnf,1.0
TWComp_alarm_N37.wcnf,4.0
TWComp_barle_N48.wcnf,1.0
TWComp_barley-pp_N26.wcnf,9.0
TWComp_barley2_N48.wcnf,3.0
TWComp_celar02_N100.wcnf,3.0
TWComp_celar09pp_N67.wcnf,3.0
TWComp_david-pp_N29.wcnf,4.0
TWComp_david_N87.wcnf,2.0
TWComp_eil51.tsp_N51.wcnf,5.0
TWComp_hailfinder_N56.wcnf,8.0
TWComp_hepar2_N70.wcnf,2.0
TWComp_huck_N74.wcnf,10.0
TWComp_jean_N77.wcnf,10.0
TWComp_mainuk_N48.wcnf,7.0
TWComp_mildew_35.wcnf,5.0
TWComp_miles500_N128.wcnf,6.0
TWComp_mulsol.i.5-pp_N119.wcnf,8.0
TWComp_myciel4_N23.wcnf,7.0
TWComp_myciel5_N47.wcnf,1.0
TWComp_oesoca+_N67.wcnf,1.0
TWComp_oesoca4_N42.wcnf,4.0
TWComp_oesoca_N39.wcnf,5.0
TWComp_pathfinder_N109.wcnf,1.0
TWComp_queen5_5_N25.wcnf,9.0
TWComp_queen6_6_N36.wcnf,4.0
TWComp_queen7_7_N49.wcnf,1.0
TWComp_ship-ship-pp_N30.wcnf,8.0
TWComp_water_N32.wcnf,4.0
TWComp_win95pts_N76.wcnf,2.0
atcoss_mesat_01.wcnf,2.0
atcoss_mesat_02.wcnf,2.0
atcoss_mesat_03.wcnf,9.0
atcoss_mesat_04.wcnf,4.0
atcoss_mesat_05.wcnf,4.0
atcoss_mesat_06.wcnf,2.0
atcoss_mesat_07.wcnf,7.0
atcoss_mesat_08.wcnf,10.0
atcoss_mesat_09.wcnf,5.0
atcoss_mesat_10.wcnf,5.0
atcoss_mesat_11.wcnf,5.0
atcoss_mesat_12.wcnf,4.0
atcoss_mesat_13.wcnf,3.0
atcoss_mesat_14.wcnf,10.0
atcoss_mesat_15.wcnf,4.0
atcoss_mesat_16.wcnf,7.0
atcoss_mesat_17.wcnf,6.0
atcoss_mesat_18.wcnf,5.0
atcoss_sugar_01.wcnf,10.0
atcoss_sugar_02.wcnf,3.0
atcoss_sugar_03.wcnf,2.0
atcoss_sugar_04.wcnf,6.0
atcoss_sugar_05.wcnf,1.0
atcoss_sugar_06.wcnf,4.0
atcoss_sugar_07.wcnf,9.0
atcoss_sugar_08.wcnf,1.0
atcoss_sugar_09.wcnf,5.0
atcoss_sugar_10.wcnf,3.0
atcoss_sugar_11.wcnf,10.0
atcoss_sugar_12.wcnf,9.0
atcoss_sugar_13.wcnf,8.0
atcoss_sugar_14.wcnf,10.0
atcoss_sugar_15.wcnf,8.0
atcoss_sugar_16.wcnf,9.0
atcoss_sugar_17.wcnf,2.0
atcoss_sugar_18.wcnf,7.0
atcoss_sugar_19.wcnf,6.0
b14_C-mbd14-0209.wcnf,4.0
b14_C-mbd14-0213.wcnf,2.0
b14_C-mbd14-0218.wcnf,1.0
b14_C-mbd14-0225.wcnf,10.0
b14_C-mbd14-0231.wcnf,2.0
b14_C-mbd14-0248.wcnf,7.0
b14_C-mbd14-0256.wcnf,2.0
b14_C-mbd14-0259.wcnf,9.0
b15_C-mbd14-0240.wcnf,8.0
b15_C-mbd14-0256.wcnf,8.0
b15_C-mbd14-0259.wcnf,3.0
b15_C-mbd14-0288.wcnf,6.0
b15_C-mbd14-0305.wcnf,2.0
b15_C-mbd14-0330.wcnf,4.0
b17_C-mbd14-0205.wcnf,3.0
b17_C-mbd14-0206.wcnf,6.0
b17_C-mbd14-0217.wcnf,10.0
b17_C-mbd14-0218.wcnf,7.0
b17_C-mbd14-0220.wcnf,8.0
b17_C-mbd14-0224.wcnf,2.0
b17_C-mbd14-0229.wcnf,8.0
b17_C-mbd14-0230.wcnf,7.0
b18-s_PathRelaxation_Set_FS_1.wcnf,3.0
b18-s_PathRelaxation_Set_FS_10.wcnf,10.0
b18-s_PathRelaxation_Set_FS_11.wcnf,1.0
b18-s_PathRelaxation_Set_FS_12.wcnf,9.0
b18-s_PathRelaxation_Set_FS_2.wcnf,8.0
b18-s_PathRelaxation_Set_FS_3.wcnf,6.0
b18-s_PathRelaxation_Set_FS_4.wcnf,6.0
b18-s_PathRelaxation_Set_FS_5.wcnf,3.0
b18-s_PathRelaxation_Set_FS_6.wcnf,5.0
b18-s_PathRelaxation_Set_FS_7.wcnf,4.0
b18-s_PathRelaxation_Set_FS_8.wcnf,1.0
b18-s_PathRelaxation_Set_FS_9.wcnf,7.0
b20-s_PathRelaxation_Set_FS_1.wcnf,9.0
b20-s_PathRelaxation_Set_FS_10.wcnf,9.0
b20-s_PathRelaxation_Set_FS_11.wcnf,1.0
b20-s_PathRelaxation_Set_FS_12.wcnf,6.0
b20-s_PathRelaxation_Set_FS_2.wcnf,5.0
b20-s_PathRelaxation_Set_FS_3.wcnf,6.0
b20-s_PathRelaxation_Set_FS_4.wcnf,1.0
b20-s_PathRelaxation_Set_FS_5.wcnf,5.0
b20-s_PathRelaxation_Set_FS_6.wcnf,6.0
b20-s_PathRelaxation_Set_FS_7.wcnf,1.0
b20-s_PathRelaxation_Set_FS_8.wcnf,10.0
b20-s_PathRelaxation_Set_FS_9.wcnf,2.0
b20_C-mbd14-0202.wcnf,6.0
b20_C-mbd14-0211.wcnf,9.0
b20_C-mbd14-0213.wcnf,9.0
b20_C-mbd14-0214.wcnf,3.0
b20_C-mbd14-0216.wcnf,6.0
b20_C-mbd14-0217.wcnf,9.0
b20_C-mbd14-0221.wcnf,10.0
b20_C-mbd14-0222.wcnf,6.0
b21-s_PathRelaxation_FS_1.wcnf,6.0
b21-s_PathRelaxation_FS_10.wcnf,2.0
b21-s_PathRelaxation_FS_11.wcnf,10.0
b21-s_PathRelaxation_FS_12.wcnf,3.0
b21-s_PathRelaxation_FS_13.wcnf,4.0
b21-s_PathRelaxation_FS_14.wcnf,2.0
b21-s_PathRelaxation_FS_15.wcnf,9.0
b21-s_PathRelaxation_FS_16.wcnf,3.0
b21-s_PathRelaxation_FS_17.wcnf,3.0
b21-s_PathRelaxation_FS_18.wcnf,7.0
b21-s_PathRelaxation_FS_19.wcnf,10.0
b21-s_PathRelaxation_FS_2.wcnf,6.0
b21-s_PathRelaxation_FS_20.wcnf,1.0
b21-s_PathRelaxation_FS_21.wcnf,7.0
b21-s_PathRelaxation_FS_22.wcnf,10.0
b21-s_PathRelaxation_FS_23.wcnf,3.0
b21-s_PathRelaxation_FS_24.wcnf,9.0
b21-s_PathRelaxation_FS_25.wcnf,9.0
b21-s_PathRelaxation_FS_3.wcnf,7.0
b21-s_PathRelaxation_FS_4.wcnf,7.0
b21-s_PathRelaxation_FS_5.wcnf,5.0
b21-s_PathRelaxation_FS_6.wcnf,1.0
b21-s_PathRelaxation_FS_7.wcnf,8.0
b21-s_PathRelaxation_FS_8.wcnf,7.0
b21-s_PathRelaxation_FS_9.wcnf,7.0
b21-s_PathRelaxation_Set_FS_1.wcnf,5.0
b21-s_PathRelaxation_Set_FS_10.wcnf,7.0
b21-s_PathRelaxation_Set_FS_11.wcnf,3.0
b21-s_PathRelaxation_Set_FS_12.wcnf,5.0
b21-s_PathRelaxation_Set_FS_2.wcnf,9.0
b21-s_PathRelaxation_Set_FS_3.wcnf,7.0
b21-s_PathRelaxation_Set_FS_4.wcnf,2.0
b21-s_PathRelaxation_Set_FS_5.wcnf,3.0
b21-s_PathRelaxation_Set_FS_6.wcnf,8.0
b21-s_PathRelaxation_Set_FS_7.wcnf,8.0
b21-s_PathRelaxation_Set_FS_8.wcnf,6.0
b21-s_PathRelaxation_Set_FS_9.wcnf,3.0
b21_C-mbd14-0203.wcnf,10.0
b21_C-mbd14-0204.wcnf,7.0
b21_C-mbd14-0205.wcnf,3.0
b21_C-mbd14-0217.wcnf,4.0
b21_C-mbd14-0218.wcnf,5.0
b21_C-mbd14-0221.wcnf,10.0
b21_C-mbd14-0224.wcnf,4.0
b21_C-mbd14-0227.wcnf,8.0
b22_C-mbd14-0204.wcnf,3.0
b22_C-mbd14-0205.wcnf,9.0
b22_C-mbd14-0207.wcnf,6.0
b22_C-mbd14-0208.wcnf,1.0
b22_C-mbd14-0210.wcnf,6.0
b22_C-mbd14-0211.wcnf,1.0
b22_C-mbd14-0213.wcnf,8.0
b22_C-mbd14-0215.wcnf,7.0
c1355_F1001gat-1048gat@1.wcnf,7.0
c1355_F1001gat@1.wcnf,2.0
c1355_F1036gat-1229gat@1.wcnf,6.0
c1355_F106gat-409gat@1.wcnf,1.0
c1355_F106gat@0.wcnf,1.0
c1355_F113gat-1260gat@1.wcnf,3.0
c1355_F1150gat@0.wcnf,7.0
c1355_F1183gat-1262gat@1.wcnf,9.0
c1355_F120gat-414gat@1.wcnf,2.0
c1355_F1229gat@1.wcnf,2.0
c1355_F127gat-418gat@1.wcnf,3.0
c1355_F141gat@0.wcnf,9.0
c1355_F155gat@1.wcnf,8.0
c1355_F176gat-1278gat@1.wcnf,8.0
c1355_F183gat@0.wcnf,4.0
c1355_F197gat-308gat@1.wcnf,6.0
c1355_F1gat@0.wcnf,2.0
c1355_F43gat@1.wcnf,7.0
c1355_F50gat@1.wcnf,4.0
c1355_F543gat@1.wcnf,9.0
c1355_F57gat@1.wcnf,1.0
c1355_F71gat@1.wcnf,10.0
c3540_F20@1.wcnf,7.0
c3540_F41@1.wcnf,10.0
c3540_F45@0.wcnf,9.0
c3540_F45@1.wcnf,1.0
c6288_F137gat@1.wcnf,5.0
c6288_F205gat@1.wcnf,8.0
c6288_F35gat@1.wcnf,3.0
c6288_F69gat@1.wcnf,9.0
cnf.10.p.10.wcnf,4.0
cnf.10.p.9.wcnf,3.0
cnf.11.p.10.wcnf,2.0
cnf.11.p.9.wcnf,4.0
cnf.12.p.10.wcnf,4.0
cnf.12.p.8.wcnf,6.0
cnf.12.p.9.wcnf,7.0
cnf.12.t.9.wcnf,1.0
cnf.13.p.10.wcnf,5.0
cnf.13.p.8.wcnf,4.0
cnf.13.p.9.wcnf,10.0
cnf.14.d.10.wcnf,6.0
cnf.14.p.10.wcnf,6.0
cnf.14.p.9.wcnf,5.0
cnf.14.t.7.wcnf,7.0
cnf.14.t.9.wcnf,8.0
cnf.15.p.10.wcnf,5.0
cnf.15.p.8.wcnf,3.0
cnf.15.p.9.wcnf,2.0
cnf.15.t.10.wcnf,9.0
cnf.16.p.10.wcnf,3.0
cnf.16.p.8.wcnf,1.0
cnf.16.p.9.wcnf,7.0
cnf.16.t.9.wcnf,9.0
cnf.17.d.10.wcnf,9.0
cnf.17.d.9.wcnf,2.0
cnf.17.p.10.wcnf,7.0
cnf.17.p.9.wcnf,2.0
cnf.17.t.10.wcnf,2.0
cnf.17.t.8.wcnf,6.0
cnf.18.d.7.wcnf,4.0
cnf.18.p.10.wcnf,3.0
cnf.18.p.8.wcnf,10.0
cnf.18.p.9.wcnf,10.0
cnf.18.t.9.wcnf,8.0
cnf.19.d.10.wcnf,10.0
cnf.19.p.10.wcnf,5.0
cnf.19.p.8.wcnf,2.0
cnf.19.p.9.wcnf,5.0
cnf.19.t.7.wcnf,4.0
cnf.20.d.10.wcnf,3.0
cnf.20.d.9.wcnf,2.0
cnf.20.p.10.wcnf,10.0
cnf.20.p.9.wcnf,6.0
cnf.20.t.10.wcnf,5.0
cnf.20.t.8.wcnf,8.0
cnf.8.p.10.wcnf,5.0
cnf.8.p.9.wcnf,7.0
cnf.9.p.10.wcnf,10.0
cnf.9.p.9.wcnf,7.0
ctrl.wcnf,6.0
ff4a1d84-d490-11df-9e6c-00163e3d3b7c_l3.wcnf,1.0
mrisc_mem2wire.wcnf,8.0
mul_8_11.wcnf,1.0
mul_8_13.wcnf,8.0
mul_8_14.wcnf,5.0
mul_8_3.wcnf,10.0
mul_8_9.wcnf,10.0
normalized-C499.a.wcnf,3.0
normalized-addm4.r.wcnf,1.0
normalized-alu4.b.wcnf,3.0
normalized-apex6.b.wcnf,7.0
normalized-bench1.r.wcnf,10.0
normalized-des.a.wcnf,5.0
normalized-duke2.b.wcnf,2.0
normalized-ex1010.pi.wcnf,6.0
normalized-ex5.r.wcnf,4.0
normalized-exam.pi.wcnf,8.0
normalized-f1000.wcnf,2.0
normalized-f2000.wcnf,7.0
normalized-f20c10b_001_area_delay.wcnf,2.0
normalized-f20c10b_002_area_delay.wcnf,4.0
normalized-f20c10b_003_area_delay.wcnf,4.0
normalized-f20c10b_004_area_delay.wcnf,3.0
normalized-f20c10b_005_area_delay.wcnf,8.0
normalized-f20c10b_006_area_delay.wcnf,8.0
normalized-f20c10b_007_area_delay.wcnf,2.0
normalized-f20c10b_008_area_delay.wcnf,5.0
normalized-f20c10b_009_area_delay.wcnf,1.0
normalized-f20c10b_010_area_delay.wcnf,10.0
normalized-f20c10b_011_area_delay.wcnf,3.0
normalized-f20c10b_012_area_delay.wcnf,5.0
normalized-f20c10b_013_area_delay.wcnf,9.0
normalized-f20c10b_014_area_delay.wcnf,8.0
normalized-f20c10b_015_area_delay.wcnf,4.0
normalized-f20c10b_016_area_delay.wcnf,9.0
normalized-f20c10b_017_area_delay.wcnf,5.0
normalized-f20c10b_018_area_delay.wcnf,5.0
normalized-f20c10b_019_area_delay.wcnf,5.0
normalized-f20c10b_020_area_delay.wcnf,8.0
normalized-f20c10b_021_area_delay.wcnf,6.0
normalized-f20c10b_022_area_delay.wcnf,4.0
normalized-f20c10b_023_area_delay.wcnf,2.0
normalized-f20c10b_024_area_delay.wcnf,4.0
normalized-f20c10b_025_area_delay.wcnf,6.0
normalized-f51m.b.wcnf,1.0
normalized-f600.wcnf,6.0
normalized-fir06_area_delay.wcnf,8.0
normalized-fir07_area_delay.wcnf,1.0
normalized-fir08_area_delay.wcnf,5.0
normalized-fir08_area_opers.wcnf,6.0
normalized-fir08_area_partials.wcnf,10.0
normalized-fir09_area_delay.wcnf,7.0
normalized-fir09_area_opers.wcnf,9.0
normalized-fout.r.wcnf,1.0
normalized-g125.17.wcnf,8.0
normalized-g125.18.wcnf,9.0
normalized-g250.15.wcnf,2.0
normalized-g250.29.wcnf,4.0
normalized-hanoi5.wcnf,2.0
normalized-ii16a1.wcnf,2.0
normalized-ii16a2.wcnf,4.0
normalized-ii16b1.wcnf,2.0
normalized-ii16c1.wcnf,1.0
normalized-ii16c2.wcnf,3.0
normalized-ii16d1.wcnf,9.0
normalized-ii16d2.wcnf,10.0
normalized-ii16e1.wcnf,5.0
normalized-ii32b1.wcnf,4.0
normalized-ii32c1.wcnf,6.0
normalized-ii32c2.wcnf,3.0
normalized-ii32c3.wcnf,4.0
normalized-ii32c4.wcnf,3.0
normalized-ii32d1.wcnf,5.0
normalized-ii32d2.wcnf,6.0
normalized-ii32d3.wcnf,7.0
normalized-ii32e5.wcnf,10.0
normalized-ii8a2.wcnf,8.0
normalized-ii8a3.wcnf,8.0
normalized-ii8a4.wcnf,5.0
normalized-ii8b2.wcnf,4.0
normalized-ii8b3.wcnf,5.0
normalized-ii8b4.wcnf,6.0
normalized-ii8c2.wcnf,10.0
normalized-ii8d1.wcnf,9.0
normalized-ii8d2.wcnf,3.0
normalized-ii8e1.wcnf,4.0
normalized-ii8e2.wcnf,1.0
normalized-jac3.wcnf,1.0
normalized-lin.rom.r.wcnf,9.0
normalized-m100_100_10_10.r.wcnf,10.0
normalized-m100_100_10_15.r.wcnf,6.0
normalized-m100_100_10_30.r.wcnf,5.0
normalized-m100_100_30_30.r.wcnf,8.0
normalized-m100_300_10_10.r.wcnf,5.0
normalized-m100_300_10_14.r.wcnf,9.0
normalized-m100_300_10_15.r.wcnf,4.0
normalized-m100_300_10_20.r.wcnf,1.0
normalized-m200_500_10_10.r.wcnf,1.0
normalized-m4.r.wcnf,9.0
normalized-maincont.r.wcnf,9.0
normalized-max1024.pi.wcnf,2.0
normalized-max1024.r.wcnf,5.0
normalized-max512.r.wcnf,5.0
normalized-mlp4.r.wcnf,1.0
normalized-par32-1-c.wcnf,2.0
normalized-par32-1.wcnf,5.0
normalized-par32-2-c.wcnf,6.0
normalized-par32-2.wcnf,7.0
normalized-pdc.r.wcnf,3.0
normalized-prom2.pi.wcnf,2.0
normalized-prom2.r.wcnf,6.0
normalized-rd84.b.wcnf,4.0
normalized-rot.b.wcnf,7.0
normalized-s3-3-3-1pb.wcnf,9.0
normalized-s3-3-3-2pb.wcnf,2.0
normalized-s3-3-3-3pb.wcnf,5.0
normalized-s3-3-3-4pb.wcnf,1.0
normalized-s3-3-3-5pb.wcnf,1.0
normalized-s4-4-3-10pb.wcnf,6.0
normalized-s4-4-3-1pb.wcnf,7.0
normalized-s4-4-3-2pb.wcnf,2.0
normalized-s4-4-3-3pb.wcnf,9.0
normalized-s4-4-3-4pb.wcnf,9.0
normalized-s4-4-3-5pb.wcnf,5.0
normalized-s4-4-3-6pb.wcnf,9.0
normalized-s4-4-3-7pb.wcnf,8.0
normalized-s4-4-3-8pb.wcnf,9.0
normalized-s4-4-3-9pb.wcnf,3.0
normalized-sao2.b.wcnf,9.0
normalized-saucier.r.wcnf,10.0
normalized-test1.r.wcnf,7.0
normalized-test4.pi.wcnf,6.0
p1.wcnf.t.wcnf,8.0
rand118_l2.wcnf,9.0
rand172_l2.wcnf,4.0
rand179_l2.wcnf,10.0
rand196_l2.wcnf,8.0
rand208_l2.wcnf,5.0
rand209_l2.wcnf,10.0
rand21_l2.wcnf,1.0
rand242_l2.wcnf,6.0
rand289_l2.wcnf,5.0
rand290_l2.wcnf,1.0
rand308_l2.wcnf,9.0
rand30_l2.wcnf,9.0
rand313_l2.wcnf,10.0
rand377_l2.wcnf,6.0
rand411_l2.wcnf,1.0
rand414_l2.wcnf,6.0
rand425_l2.wcnf,6.0
rand446_l2.wcnf,7.0
rand484_l2.wcnf,3.0
rand507_l2.wcnf,3.0
rand695_l2.wcnf,3.0
rand717_l2.wcnf,6.0
rand736_l2.wcnf,2.0
rand736_l3.wcnf,1.0
rand794_l2.wcnf,10.0
rand7_l2.wcnf,5.0
rand813_l2.wcnf,3.0
rand869_l2.wcnf,4.0
rand874_l2.wcnf,1.0
rand892_l2.wcnf,5.0
rand937_l2.wcnf,3.0
rand943_l2.wcnf,4.0
rand954_l2.wcnf,1.0
rand96_l2.wcnf,10.0
rand984_l2.wcnf,7.0
sandiaprotein.g.wcnf.t.wcnf,7.0
sbox_4.wcnf,5.0
sbox_8.wcnf,9.0
simp-ibd_50.01.wcnf,3.0
simp-ibd_50.02.wcnf,10.0
simp-ibd_50.03.wcnf,4.0
simp-ibd_50.04.wcnf,8.0
simp-ibd_50.05.wcnf,4.0
simp-ibd_50.06.wcnf,9.0
simp-ibd_50.07.wcnf,6.0
simp-ibd_50.08.wcnf,2.0
simp-ibd_50.09.wcnf,5.0
simp-test_chr21_YRI_75.wcnf,7.0
spi.wcnf,10.0
splitedReads_0.matrix.wcnf,7.0
splitedReads_137.matrix.wcnf,9.0
splitedReads_158.matrix.wcnf,8.0
splitedReads_160.matrix.wcnf,7.0
splitedReads_18.matrix.wcnf,3.0
splitedReads_414.matrix.wcnf,5.0
sudoku.wcnf,4.0
teams16_l7a.cnf.wcnf,9.0
teams20_l2a.cnf.wcnf,5.0
teams20_l4a.cnf.wcnf,3.0
teams20_l6a.cnf.wcnf,3.0
teams20_l8a.cnf.wcnf,5.0
teams24_l4a.cnf.wcnf,4.0
